[load] model + params
E0728 07:22:40.464129   95775 cuda_executor.cc:1176] [0] Failed to allocate device memory of 71.26GiB (76516687872 bytes): RESOURCE_EXHAUSTED: : CUDA_ERROR_OUT_OF_MEMORY: out of memory
=== Source Location Trace: === 
external/xla/xla/stream_executor/cuda/cuda_status.cc:45
external/xla/xla/stream_executor/cuda/cuda_device_allocator.cc:226
external/xla/xla/stream_executor/cuda/cuda_device_allocator.cc:403

E0728 07:22:40.464327   95775 cuda_executor.cc:1176] [0] Failed to allocate device memory of 64.13GiB (68865015808 bytes): RESOURCE_EXHAUSTED: : CUDA_ERROR_OUT_OF_MEMORY: out of memory
=== Source Location Trace: === 
external/xla/xla/stream_executor/cuda/cuda_status.cc:45
external/xla/xla/stream_executor/cuda/cuda_device_allocator.cc:226
external/xla/xla/stream_executor/cuda/cuda_device_allocator.cc:403

E0728 07:22:40.464462   95775 cuda_executor.cc:1176] [0] Failed to allocate device memory of 57.72GiB (61978513408 bytes): RESOURCE_EXHAUSTED: : CUDA_ERROR_OUT_OF_MEMORY: out of memory
=== Source Location Trace: === 
external/xla/xla/stream_executor/cuda/cuda_status.cc:45
external/xla/xla/stream_executor/cuda/cuda_device_allocator.cc:226
external/xla/xla/stream_executor/cuda/cuda_device_allocator.cc:403

E0728 07:22:40.464590   95775 cuda_executor.cc:1176] [0] Failed to allocate device memory of 51.95GiB (55780659200 bytes): RESOURCE_EXHAUSTED: : CUDA_ERROR_OUT_OF_MEMORY: out of memory
=== Source Location Trace: === 
external/xla/xla/stream_executor/cuda/cuda_status.cc:45
external/xla/xla/stream_executor/cuda/cuda_device_allocator.cc:226
external/xla/xla/stream_executor/cuda/cuda_device_allocator.cc:403

E0728 07:22:40.464731   95775 cuda_executor.cc:1176] [0] Failed to allocate device memory of 46.75GiB (50202591232 bytes): RESOURCE_EXHAUSTED: : CUDA_ERROR_OUT_OF_MEMORY: out of memory
=== Source Location Trace: === 
external/xla/xla/stream_executor/cuda/cuda_status.cc:45
external/xla/xla/stream_executor/cuda/cuda_device_allocator.cc:226
external/xla/xla/stream_executor/cuda/cuda_device_allocator.cc:403

E0728 07:22:40.464855   95775 cuda_executor.cc:1176] [0] Failed to allocate device memory of 42.08GiB (45182332928 bytes): RESOURCE_EXHAUSTED: : CUDA_ERROR_OUT_OF_MEMORY: out of memory
=== Source Location Trace: === 
external/xla/xla/stream_executor/cuda/cuda_status.cc:45
external/xla/xla/stream_executor/cuda/cuda_device_allocator.cc:226
external/xla/xla/stream_executor/cuda/cuda_device_allocator.cc:403

E0728 07:22:40.464983   95775 cuda_executor.cc:1176] [0] Failed to allocate device memory of 37.87GiB (40664096768 bytes): RESOURCE_EXHAUSTED: : CUDA_ERROR_OUT_OF_MEMORY: out of memory
=== Source Location Trace: === 
external/xla/xla/stream_executor/cuda/cuda_status.cc:45
external/xla/xla/stream_executor/cuda/cuda_device_allocator.cc:226
external/xla/xla/stream_executor/cuda/cuda_device_allocator.cc:403

E0728 07:22:40.465119   95775 cuda_executor.cc:1176] [0] Failed to allocate device memory of 34.08GiB (36597686272 bytes): RESOURCE_EXHAUSTED: : CUDA_ERROR_OUT_OF_MEMORY: out of memory
=== Source Location Trace: === 
external/xla/xla/stream_executor/cuda/cuda_status.cc:45
external/xla/xla/stream_executor/cuda/cuda_device_allocator.cc:226
external/xla/xla/stream_executor/cuda/cuda_device_allocator.cc:403

E0728 07:22:40.465253   95775 cuda_executor.cc:1176] [0] Failed to allocate device memory of 30.68GiB (32937916416 bytes): RESOURCE_EXHAUSTED: : CUDA_ERROR_OUT_OF_MEMORY: out of memory
=== Source Location Trace: === 
external/xla/xla/stream_executor/cuda/cuda_status.cc:45
external/xla/xla/stream_executor/cuda/cuda_device_allocator.cc:226
external/xla/xla/stream_executor/cuda/cuda_device_allocator.cc:403

E0728 07:22:40.465368   95775 cuda_executor.cc:1176] [0] Failed to allocate device memory of 27.61GiB (29644124160 bytes): RESOURCE_EXHAUSTED: : CUDA_ERROR_OUT_OF_MEMORY: out of memory
=== Source Location Trace: === 
external/xla/xla/stream_executor/cuda/cuda_status.cc:45
external/xla/xla/stream_executor/cuda/cuda_device_allocator.cc:226
external/xla/xla/stream_executor/cuda/cuda_device_allocator.cc:403

E0728 07:22:40.465491   95775 cuda_executor.cc:1176] [0] Failed to allocate device memory of 24.85GiB (26679711744 bytes): RESOURCE_EXHAUSTED: : CUDA_ERROR_OUT_OF_MEMORY: out of memory
=== Source Location Trace: === 
external/xla/xla/stream_executor/cuda/cuda_status.cc:45
external/xla/xla/stream_executor/cuda/cuda_device_allocator.cc:226
external/xla/xla/stream_executor/cuda/cuda_device_allocator.cc:403

E0728 07:22:40.465604   95775 cuda_executor.cc:1176] [0] Failed to allocate device memory of 22.36GiB (24011739136 bytes): RESOURCE_EXHAUSTED: : CUDA_ERROR_OUT_OF_MEMORY: out of memory
=== Source Location Trace: === 
external/xla/xla/stream_executor/cuda/cuda_status.cc:45
external/xla/xla/stream_executor/cuda/cuda_device_allocator.cc:226
external/xla/xla/stream_executor/cuda/cuda_device_allocator.cc:403

E0728 07:22:40.465715   95775 cuda_executor.cc:1176] [0] Failed to allocate device memory of 20.13GiB (21610565632 bytes): RESOURCE_EXHAUSTED: : CUDA_ERROR_OUT_OF_MEMORY: out of memory
=== Source Location Trace: === 
external/xla/xla/stream_executor/cuda/cuda_status.cc:45
external/xla/xla/stream_executor/cuda/cuda_device_allocator.cc:226
external/xla/xla/stream_executor/cuda/cuda_device_allocator.cc:403

E0728 07:22:40.465824   95775 cuda_executor.cc:1176] [0] Failed to allocate device memory of 18.11GiB (19449507840 bytes): RESOURCE_EXHAUSTED: : CUDA_ERROR_OUT_OF_MEMORY: out of memory
=== Source Location Trace: === 
external/xla/xla/stream_executor/cuda/cuda_status.cc:45
external/xla/xla/stream_executor/cuda/cuda_device_allocator.cc:226
external/xla/xla/stream_executor/cuda/cuda_device_allocator.cc:403

E0728 07:22:40.465937   95775 cuda_executor.cc:1176] [0] Failed to allocate device memory of 16.30GiB (17504557056 bytes): RESOURCE_EXHAUSTED: : CUDA_ERROR_OUT_OF_MEMORY: out of memory
=== Source Location Trace: === 
external/xla/xla/stream_executor/cuda/cuda_status.cc:45
external/xla/xla/stream_executor/cuda/cuda_device_allocator.cc:226
external/xla/xla/stream_executor/cuda/cuda_device_allocator.cc:403

E0728 07:22:40.466052   95775 cuda_executor.cc:1176] [0] Failed to allocate device memory of 14.67GiB (15754100736 bytes): RESOURCE_EXHAUSTED: : CUDA_ERROR_OUT_OF_MEMORY: out of memory
=== Source Location Trace: === 
external/xla/xla/stream_executor/cuda/cuda_status.cc:45
external/xla/xla/stream_executor/cuda/cuda_device_allocator.cc:226
external/xla/xla/stream_executor/cuda/cuda_device_allocator.cc:403

E0728 07:22:40.466169   95775 cuda_executor.cc:1176] [0] Failed to allocate device memory of 13.20GiB (14178690048 bytes): RESOURCE_EXHAUSTED: : CUDA_ERROR_OUT_OF_MEMORY: out of memory
=== Source Location Trace: === 
external/xla/xla/stream_executor/cuda/cuda_status.cc:45
external/xla/xla/stream_executor/cuda/cuda_device_allocator.cc:226
external/xla/xla/stream_executor/cuda/cuda_device_allocator.cc:403

E0728 07:22:40.466275   95775 cuda_executor.cc:1176] [0] Failed to allocate device memory of 11.88GiB (12760820736 bytes): RESOURCE_EXHAUSTED: : CUDA_ERROR_OUT_OF_MEMORY: out of memory
=== Source Location Trace: === 
external/xla/xla/stream_executor/cuda/cuda_status.cc:45
external/xla/xla/stream_executor/cuda/cuda_device_allocator.cc:226
external/xla/xla/stream_executor/cuda/cuda_device_allocator.cc:403

E0728 07:22:40.466379   95775 cuda_executor.cc:1176] [0] Failed to allocate device memory of 10.70GiB (11484738560 bytes): RESOURCE_EXHAUSTED: : CUDA_ERROR_OUT_OF_MEMORY: out of memory
=== Source Location Trace: === 
external/xla/xla/stream_executor/cuda/cuda_status.cc:45
external/xla/xla/stream_executor/cuda/cuda_device_allocator.cc:226
external/xla/xla/stream_executor/cuda/cuda_device_allocator.cc:403

E0728 07:22:40.466481   95775 cuda_executor.cc:1176] [0] Failed to allocate device memory of 9.63GiB (10336264192 bytes): RESOURCE_EXHAUSTED: : CUDA_ERROR_OUT_OF_MEMORY: out of memory
=== Source Location Trace: === 
external/xla/xla/stream_executor/cuda/cuda_status.cc:45
external/xla/xla/stream_executor/cuda/cuda_device_allocator.cc:226
external/xla/xla/stream_executor/cuda/cuda_device_allocator.cc:403

E0728 07:22:40.466587   95775 cuda_executor.cc:1176] [0] Failed to allocate device memory of 8.66GiB (9302637568 bytes): RESOURCE_EXHAUSTED: : CUDA_ERROR_OUT_OF_MEMORY: out of memory
=== Source Location Trace: === 
external/xla/xla/stream_executor/cuda/cuda_status.cc:45
external/xla/xla/stream_executor/cuda/cuda_device_allocator.cc:226
external/xla/xla/stream_executor/cuda/cuda_device_allocator.cc:403

E0728 07:22:40.466695   95775 cuda_executor.cc:1176] [0] Failed to allocate device memory of 7.80GiB (8372373504 bytes): RESOURCE_EXHAUSTED: : CUDA_ERROR_OUT_OF_MEMORY: out of memory
=== Source Location Trace: === 
external/xla/xla/stream_executor/cuda/cuda_status.cc:45
external/xla/xla/stream_executor/cuda/cuda_device_allocator.cc:226
external/xla/xla/stream_executor/cuda/cuda_device_allocator.cc:403

E0728 07:22:40.466799   95775 cuda_executor.cc:1176] [0] Failed to allocate device memory of 7.02GiB (7535135744 bytes): RESOURCE_EXHAUSTED: : CUDA_ERROR_OUT_OF_MEMORY: out of memory
=== Source Location Trace: === 
external/xla/xla/stream_executor/cuda/cuda_status.cc:45
external/xla/xla/stream_executor/cuda/cuda_device_allocator.cc:226
external/xla/xla/stream_executor/cuda/cuda_device_allocator.cc:403

E0728 07:22:50.213074   95775 cuda_executor.cc:1176] [0] Failed to allocate device memory of 64.95GiB (69734498304 bytes): RESOURCE_EXHAUSTED: : CUDA_ERROR_OUT_OF_MEMORY: out of memory
=== Source Location Trace: === 
external/xla/xla/stream_executor/cuda/cuda_status.cc:45
external/xla/xla/stream_executor/cuda/cuda_device_allocator.cc:226
external/xla/xla/stream_executor/cuda/cuda_device_allocator.cc:403

E0728 07:22:50.213197   95775 cuda_executor.cc:1176] [0] Failed to allocate device memory of 58.45GiB (62761046016 bytes): RESOURCE_EXHAUSTED: : CUDA_ERROR_OUT_OF_MEMORY: out of memory
=== Source Location Trace: === 
external/xla/xla/stream_executor/cuda/cuda_status.cc:45
external/xla/xla/stream_executor/cuda/cuda_device_allocator.cc:226
external/xla/xla/stream_executor/cuda/cuda_device_allocator.cc:403

E0728 07:22:50.213268   95775 cuda_executor.cc:1176] [0] Failed to allocate device memory of 52.61GiB (56484941824 bytes): RESOURCE_EXHAUSTED: : CUDA_ERROR_OUT_OF_MEMORY: out of memory
=== Source Location Trace: === 
external/xla/xla/stream_executor/cuda/cuda_status.cc:45
external/xla/xla/stream_executor/cuda/cuda_device_allocator.cc:226
external/xla/xla/stream_executor/cuda/cuda_device_allocator.cc:403

E0728 07:22:50.213334   95775 cuda_executor.cc:1176] [0] Failed to allocate device memory of 47.34GiB (50836447232 bytes): RESOURCE_EXHAUSTED: : CUDA_ERROR_OUT_OF_MEMORY: out of memory
=== Source Location Trace: === 
external/xla/xla/stream_executor/cuda/cuda_status.cc:45
external/xla/xla/stream_executor/cuda/cuda_device_allocator.cc:226
external/xla/xla/stream_executor/cuda/cuda_device_allocator.cc:403

E0728 07:22:50.213396   95775 cuda_executor.cc:1176] [0] Failed to allocate device memory of 42.61GiB (45752803328 bytes): RESOURCE_EXHAUSTED: : CUDA_ERROR_OUT_OF_MEMORY: out of memory
=== Source Location Trace: === 
external/xla/xla/stream_executor/cuda/cuda_status.cc:45
external/xla/xla/stream_executor/cuda/cuda_device_allocator.cc:226
external/xla/xla/stream_executor/cuda/cuda_device_allocator.cc:403

E0728 07:22:50.213455   95775 cuda_executor.cc:1176] [0] Failed to allocate device memory of 38.35GiB (41177522176 bytes): RESOURCE_EXHAUSTED: : CUDA_ERROR_OUT_OF_MEMORY: out of memory
=== Source Location Trace: === 
external/xla/xla/stream_executor/cuda/cuda_status.cc:45
external/xla/xla/stream_executor/cuda/cuda_device_allocator.cc:226
external/xla/xla/stream_executor/cuda/cuda_device_allocator.cc:403

E0728 07:22:50.213512   95775 cuda_executor.cc:1176] [0] Failed to allocate device memory of 34.51GiB (37059768320 bytes): RESOURCE_EXHAUSTED: : CUDA_ERROR_OUT_OF_MEMORY: out of memory
=== Source Location Trace: === 
external/xla/xla/stream_executor/cuda/cuda_status.cc:45
external/xla/xla/stream_executor/cuda/cuda_device_allocator.cc:226
external/xla/xla/stream_executor/cuda/cuda_device_allocator.cc:403

E0728 07:22:50.213579   95775 cuda_executor.cc:1176] [0] Failed to allocate device memory of 31.06GiB (33353791488 bytes): RESOURCE_EXHAUSTED: : CUDA_ERROR_OUT_OF_MEMORY: out of memory
=== Source Location Trace: === 
external/xla/xla/stream_executor/cuda/cuda_status.cc:45
external/xla/xla/stream_executor/cuda/cuda_device_allocator.cc:226
external/xla/xla/stream_executor/cuda/cuda_device_allocator.cc:403

E0728 07:22:50.213638   95775 cuda_executor.cc:1176] [0] Failed to allocate device memory of 27.96GiB (30018412544 bytes): RESOURCE_EXHAUSTED: : CUDA_ERROR_OUT_OF_MEMORY: out of memory
=== Source Location Trace: === 
external/xla/xla/stream_executor/cuda/cuda_status.cc:45
external/xla/xla/stream_executor/cuda/cuda_device_allocator.cc:226
external/xla/xla/stream_executor/cuda/cuda_device_allocator.cc:403

E0728 07:22:50.213689   95775 cuda_executor.cc:1176] [0] Failed to allocate device memory of 25.16GiB (27016570880 bytes): RESOURCE_EXHAUSTED: : CUDA_ERROR_OUT_OF_MEMORY: out of memory
=== Source Location Trace: === 
external/xla/xla/stream_executor/cuda/cuda_status.cc:45
external/xla/xla/stream_executor/cuda/cuda_device_allocator.cc:226
external/xla/xla/stream_executor/cuda/cuda_device_allocator.cc:403

E0728 07:22:50.213790   95775 cuda_executor.cc:1176] [0] Failed to allocate device memory of 22.64GiB (24314912768 bytes): RESOURCE_EXHAUSTED: : CUDA_ERROR_OUT_OF_MEMORY: out of memory
=== Source Location Trace: === 
external/xla/xla/stream_executor/cuda/cuda_status.cc:45
external/xla/xla/stream_executor/cuda/cuda_device_allocator.cc:226
external/xla/xla/stream_executor/cuda/cuda_device_allocator.cc:403

E0728 07:22:50.213839   95775 cuda_executor.cc:1176] [0] Failed to allocate device memory of 20.38GiB (21883420672 bytes): RESOURCE_EXHAUSTED: : CUDA_ERROR_OUT_OF_MEMORY: out of memory
=== Source Location Trace: === 
external/xla/xla/stream_executor/cuda/cuda_status.cc:45
external/xla/xla/stream_executor/cuda/cuda_device_allocator.cc:226
external/xla/xla/stream_executor/cuda/cuda_device_allocator.cc:403

E0728 07:22:50.213892   95775 cuda_executor.cc:1176] [0] Failed to allocate device memory of 18.34GiB (19695077376 bytes): RESOURCE_EXHAUSTED: : CUDA_ERROR_OUT_OF_MEMORY: out of memory
=== Source Location Trace: === 
external/xla/xla/stream_executor/cuda/cuda_status.cc:45
external/xla/xla/stream_executor/cuda/cuda_device_allocator.cc:226
external/xla/xla/stream_executor/cuda/cuda_device_allocator.cc:403

E0728 07:22:50.214009   95775 cuda_executor.cc:1176] [0] Failed to allocate device memory of 16.51GiB (17725569024 bytes): RESOURCE_EXHAUSTED: : CUDA_ERROR_OUT_OF_MEMORY: out of memory
=== Source Location Trace: === 
external/xla/xla/stream_executor/cuda/cuda_status.cc:45
external/xla/xla/stream_executor/cuda/cuda_device_allocator.cc:226
external/xla/xla/stream_executor/cuda/cuda_device_allocator.cc:403

E0728 07:22:50.214063   95775 cuda_executor.cc:1176] [0] Failed to allocate device memory of 14.86GiB (15953011712 bytes): RESOURCE_EXHAUSTED: : CUDA_ERROR_OUT_OF_MEMORY: out of memory
=== Source Location Trace: === 
external/xla/xla/stream_executor/cuda/cuda_status.cc:45
external/xla/xla/stream_executor/cuda/cuda_device_allocator.cc:226
external/xla/xla/stream_executor/cuda/cuda_device_allocator.cc:403

E0728 07:22:50.214122   95775 cuda_executor.cc:1176] [0] Failed to allocate device memory of 13.37GiB (14357709824 bytes): RESOURCE_EXHAUSTED: : CUDA_ERROR_OUT_OF_MEMORY: out of memory
=== Source Location Trace: === 
external/xla/xla/stream_executor/cuda/cuda_status.cc:45
external/xla/xla/stream_executor/cuda/cuda_device_allocator.cc:226
external/xla/xla/stream_executor/cuda/cuda_device_allocator.cc:403

E0728 07:22:50.214231   95775 cuda_executor.cc:1176] [0] Failed to allocate device memory of 12.03GiB (12921938944 bytes): RESOURCE_EXHAUSTED: : CUDA_ERROR_OUT_OF_MEMORY: out of memory
=== Source Location Trace: === 
external/xla/xla/stream_executor/cuda/cuda_status.cc:45
external/xla/xla/stream_executor/cuda/cuda_device_allocator.cc:226
external/xla/xla/stream_executor/cuda/cuda_device_allocator.cc:403

E0728 07:22:50.214274   95775 cuda_executor.cc:1176] [0] Failed to allocate device memory of 10.83GiB (11629745152 bytes): RESOURCE_EXHAUSTED: : CUDA_ERROR_OUT_OF_MEMORY: out of memory
=== Source Location Trace: === 
external/xla/xla/stream_executor/cuda/cuda_status.cc:45
external/xla/xla/stream_executor/cuda/cuda_device_allocator.cc:226
external/xla/xla/stream_executor/cuda/cuda_device_allocator.cc:403

E0728 07:22:50.214319   95775 cuda_executor.cc:1176] [0] Failed to allocate device memory of 9.75GiB (10466769920 bytes): RESOURCE_EXHAUSTED: : CUDA_ERROR_OUT_OF_MEMORY: out of memory
=== Source Location Trace: === 
external/xla/xla/stream_executor/cuda/cuda_status.cc:45
external/xla/xla/stream_executor/cuda/cuda_device_allocator.cc:226
external/xla/xla/stream_executor/cuda/cuda_device_allocator.cc:403

E0728 07:22:50.214446   95775 cuda_executor.cc:1176] [0] Failed to allocate device memory of 8.77GiB (9420092416 bytes): RESOURCE_EXHAUSTED: : CUDA_ERROR_OUT_OF_MEMORY: out of memory
=== Source Location Trace: === 
external/xla/xla/stream_executor/cuda/cuda_status.cc:45
external/xla/xla/stream_executor/cuda/cuda_device_allocator.cc:226
external/xla/xla/stream_executor/cuda/cuda_device_allocator.cc:403

E0728 07:22:50.214491   95775 cuda_executor.cc:1176] [0] Failed to allocate device memory of 7.90GiB (8478083072 bytes): RESOURCE_EXHAUSTED: : CUDA_ERROR_OUT_OF_MEMORY: out of memory
=== Source Location Trace: === 
external/xla/xla/stream_executor/cuda/cuda_status.cc:45
external/xla/xla/stream_executor/cuda/cuda_device_allocator.cc:226
external/xla/xla/stream_executor/cuda/cuda_device_allocator.cc:403

E0728 07:22:50.214589   95775 cuda_executor.cc:1176] [0] Failed to allocate device memory of 7.11GiB (7630274560 bytes): RESOURCE_EXHAUSTED: : CUDA_ERROR_OUT_OF_MEMORY: out of memory
=== Source Location Trace: === 
external/xla/xla/stream_executor/cuda/cuda_status.cc:45
external/xla/xla/stream_executor/cuda/cuda_device_allocator.cc:226
external/xla/xla/stream_executor/cuda/cuda_device_allocator.cc:403

E0728 07:22:50.214734   95775 cuda_executor.cc:1176] [0] Failed to allocate device memory of 6.40GiB (6867247104 bytes): RESOURCE_EXHAUSTED: : CUDA_ERROR_OUT_OF_MEMORY: out of memory
=== Source Location Trace: === 
external/xla/xla/stream_executor/cuda/cuda_status.cc:45
external/xla/xla/stream_executor/cuda/cuda_device_allocator.cc:226
external/xla/xla/stream_executor/cuda/cuda_device_allocator.cc:403

E0728 07:22:50.214777   95775 cuda_executor.cc:1176] [0] Failed to allocate device memory of 5.76GiB (6180521984 bytes): RESOURCE_EXHAUSTED: : CUDA_ERROR_OUT_OF_MEMORY: out of memory
=== Source Location Trace: === 
external/xla/xla/stream_executor/cuda/cuda_status.cc:45
external/xla/xla/stream_executor/cuda/cuda_device_allocator.cc:226
external/xla/xla/stream_executor/cuda/cuda_device_allocator.cc:403

E0728 07:22:50.214819   95775 cuda_executor.cc:1176] [0] Failed to allocate device memory of 5.18GiB (5562469888 bytes): RESOURCE_EXHAUSTED: : CUDA_ERROR_OUT_OF_MEMORY: out of memory
=== Source Location Trace: === 
external/xla/xla/stream_executor/cuda/cuda_status.cc:45
external/xla/xla/stream_executor/cuda/cuda_device_allocator.cc:226
external/xla/xla/stream_executor/cuda/cuda_device_allocator.cc:403

E0728 07:22:50.214861   95775 cuda_executor.cc:1176] [0] Failed to allocate device memory of 4.66GiB (5006222848 bytes): RESOURCE_EXHAUSTED: : CUDA_ERROR_OUT_OF_MEMORY: out of memory
=== Source Location Trace: === 
external/xla/xla/stream_executor/cuda/cuda_status.cc:45
external/xla/xla/stream_executor/cuda/cuda_device_allocator.cc:226
external/xla/xla/stream_executor/cuda/cuda_device_allocator.cc:403

E0728 07:22:50.214907   95775 cuda_executor.cc:1176] [0] Failed to allocate device memory of 4.20GiB (4505600512 bytes): RESOURCE_EXHAUSTED: : CUDA_ERROR_OUT_OF_MEMORY: out of memory
=== Source Location Trace: === 
external/xla/xla/stream_executor/cuda/cuda_status.cc:45
external/xla/xla/stream_executor/cuda/cuda_device_allocator.cc:226
external/xla/xla/stream_executor/cuda/cuda_device_allocator.cc:403

E0728 07:22:50.214952   95775 cuda_executor.cc:1176] [0] Failed to allocate device memory of 3.78GiB (4055040256 bytes): RESOURCE_EXHAUSTED: : CUDA_ERROR_OUT_OF_MEMORY: out of memory
=== Source Location Trace: === 
external/xla/xla/stream_executor/cuda/cuda_status.cc:45
external/xla/xla/stream_executor/cuda/cuda_device_allocator.cc:226
external/xla/xla/stream_executor/cuda/cuda_device_allocator.cc:403

E0728 07:22:50.214995   95775 cuda_executor.cc:1176] [0] Failed to allocate device memory of 3.40GiB (3649536256 bytes): RESOURCE_EXHAUSTED: : CUDA_ERROR_OUT_OF_MEMORY: out of memory
=== Source Location Trace: === 
external/xla/xla/stream_executor/cuda/cuda_status.cc:45
external/xla/xla/stream_executor/cuda/cuda_device_allocator.cc:226
external/xla/xla/stream_executor/cuda/cuda_device_allocator.cc:403

E0728 07:22:50.215036   95775 cuda_executor.cc:1176] [0] Failed to allocate device memory of 3.06GiB (3284582656 bytes): RESOURCE_EXHAUSTED: : CUDA_ERROR_OUT_OF_MEMORY: out of memory
=== Source Location Trace: === 
external/xla/xla/stream_executor/cuda/cuda_status.cc:45
external/xla/xla/stream_executor/cuda/cuda_device_allocator.cc:226
external/xla/xla/stream_executor/cuda/cuda_device_allocator.cc:403

E0728 07:22:50.215086   95775 cuda_executor.cc:1176] [0] Failed to allocate device memory of 2.75GiB (2956124416 bytes): RESOURCE_EXHAUSTED: : CUDA_ERROR_OUT_OF_MEMORY: out of memory
=== Source Location Trace: === 
external/xla/xla/stream_executor/cuda/cuda_status.cc:45
external/xla/xla/stream_executor/cuda/cuda_device_allocator.cc:226
external/xla/xla/stream_executor/cuda/cuda_device_allocator.cc:403

E0728 07:22:50.215129   95775 cuda_executor.cc:1176] [0] Failed to allocate device memory of 2.48GiB (2660512000 bytes): RESOURCE_EXHAUSTED: : CUDA_ERROR_OUT_OF_MEMORY: out of memory
=== Source Location Trace: === 
external/xla/xla/stream_executor/cuda/cuda_status.cc:45
external/xla/xla/stream_executor/cuda/cuda_device_allocator.cc:226
external/xla/xla/stream_executor/cuda/cuda_device_allocator.cc:403

E0728 07:22:50.215169   95775 cuda_executor.cc:1176] [0] Failed to allocate device memory of 2.23GiB (2394460672 bytes): RESOURCE_EXHAUSTED: : CUDA_ERROR_OUT_OF_MEMORY: out of memory
=== Source Location Trace: === 
external/xla/xla/stream_executor/cuda/cuda_status.cc:45
external/xla/xla/stream_executor/cuda/cuda_device_allocator.cc:226
external/xla/xla/stream_executor/cuda/cuda_device_allocator.cc:403

E0728 07:22:50.215210   95775 cuda_executor.cc:1176] [0] Failed to allocate device memory of 2.01GiB (2155014656 bytes): RESOURCE_EXHAUSTED: : CUDA_ERROR_OUT_OF_MEMORY: out of memory
=== Source Location Trace: === 
external/xla/xla/stream_executor/cuda/cuda_status.cc:45
external/xla/xla/stream_executor/cuda/cuda_device_allocator.cc:226
external/xla/xla/stream_executor/cuda/cuda_device_allocator.cc:403

E0728 07:22:50.215251   95775 cuda_executor.cc:1176] [0] Failed to allocate device memory of 1.81GiB (1939513088 bytes): RESOURCE_EXHAUSTED: : CUDA_ERROR_OUT_OF_MEMORY: out of memory
=== Source Location Trace: === 
external/xla/xla/stream_executor/cuda/cuda_status.cc:45
external/xla/xla/stream_executor/cuda/cuda_device_allocator.cc:226
external/xla/xla/stream_executor/cuda/cuda_device_allocator.cc:403

E0728 07:22:50.215291   95775 cuda_executor.cc:1176] [0] Failed to allocate device memory of 1.62GiB (1745561856 bytes): RESOURCE_EXHAUSTED: : CUDA_ERROR_OUT_OF_MEMORY: out of memory
=== Source Location Trace: === 
external/xla/xla/stream_executor/cuda/cuda_status.cc:45
external/xla/xla/stream_executor/cuda/cuda_device_allocator.cc:226
external/xla/xla/stream_executor/cuda/cuda_device_allocator.cc:403

E0728 07:22:50.215331   95775 cuda_executor.cc:1176] [0] Failed to allocate device memory of 1.46GiB (1571005696 bytes): RESOURCE_EXHAUSTED: : CUDA_ERROR_OUT_OF_MEMORY: out of memory
=== Source Location Trace: === 
external/xla/xla/stream_executor/cuda/cuda_status.cc:45
external/xla/xla/stream_executor/cuda/cuda_device_allocator.cc:226
external/xla/xla/stream_executor/cuda/cuda_device_allocator.cc:403

E0728 07:22:50.215371   95775 cuda_executor.cc:1176] [0] Failed to allocate device memory of 1.32GiB (1413905152 bytes): RESOURCE_EXHAUSTED: : CUDA_ERROR_OUT_OF_MEMORY: out of memory
=== Source Location Trace: === 
external/xla/xla/stream_executor/cuda/cuda_status.cc:45
external/xla/xla/stream_executor/cuda/cuda_device_allocator.cc:226
external/xla/xla/stream_executor/cuda/cuda_device_allocator.cc:403

E0728 07:22:50.215412   95775 cuda_executor.cc:1176] [0] Failed to allocate device memory of 1.18GiB (1272514560 bytes): RESOURCE_EXHAUSTED: : CUDA_ERROR_OUT_OF_MEMORY: out of memory
=== Source Location Trace: === 
external/xla/xla/stream_executor/cuda/cuda_status.cc:45
external/xla/xla/stream_executor/cuda/cuda_device_allocator.cc:226
external/xla/xla/stream_executor/cuda/cuda_device_allocator.cc:403

E0728 07:22:50.215452   95775 cuda_executor.cc:1176] [0] Failed to allocate device memory of 1.07GiB (1145263104 bytes): RESOURCE_EXHAUSTED: : CUDA_ERROR_OUT_OF_MEMORY: out of memory
=== Source Location Trace: === 
external/xla/xla/stream_executor/cuda/cuda_status.cc:45
external/xla/xla/stream_executor/cuda/cuda_device_allocator.cc:226
external/xla/xla/stream_executor/cuda/cuda_device_allocator.cc:403

E0728 07:22:50.215492   95775 cuda_executor.cc:1176] [0] Failed to allocate device memory of 982.99MiB (1030736896 bytes): RESOURCE_EXHAUSTED: : CUDA_ERROR_OUT_OF_MEMORY: out of memory
=== Source Location Trace: === 
external/xla/xla/stream_executor/cuda/cuda_status.cc:45
external/xla/xla/stream_executor/cuda/cuda_device_allocator.cc:226
external/xla/xla/stream_executor/cuda/cuda_device_allocator.cc:403

E0728 07:22:50.215532   95775 cuda_executor.cc:1176] [0] Failed to allocate device memory of 884.69MiB (927663360 bytes): RESOURCE_EXHAUSTED: : CUDA_ERROR_OUT_OF_MEMORY: out of memory
=== Source Location Trace: === 
external/xla/xla/stream_executor/cuda/cuda_status.cc:45
external/xla/xla/stream_executor/cuda/cuda_device_allocator.cc:226
external/xla/xla/stream_executor/cuda/cuda_device_allocator.cc:403

E0728 07:22:50.215571   95775 cuda_executor.cc:1176] [0] Failed to allocate device memory of 796.22MiB (834897152 bytes): RESOURCE_EXHAUSTED: : CUDA_ERROR_OUT_OF_MEMORY: out of memory
=== Source Location Trace: === 
external/xla/xla/stream_executor/cuda/cuda_status.cc:45
external/xla/xla/stream_executor/cuda/cuda_device_allocator.cc:226
external/xla/xla/stream_executor/cuda/cuda_device_allocator.cc:403

E0728 07:22:50.215610   95775 cuda_executor.cc:1176] [0] Failed to allocate device memory of 716.60MiB (751407616 bytes): RESOURCE_EXHAUSTED: : CUDA_ERROR_OUT_OF_MEMORY: out of memory
=== Source Location Trace: === 
external/xla/xla/stream_executor/cuda/cuda_status.cc:45
external/xla/xla/stream_executor/cuda/cuda_device_allocator.cc:226
external/xla/xla/stream_executor/cuda/cuda_device_allocator.cc:403

E0728 07:22:50.215650   95775 cuda_executor.cc:1176] [0] Failed to allocate device memory of 644.94MiB (676267008 bytes): RESOURCE_EXHAUSTED: : CUDA_ERROR_OUT_OF_MEMORY: out of memory
=== Source Location Trace: === 
external/xla/xla/stream_executor/cuda/cuda_status.cc:45
external/xla/xla/stream_executor/cuda/cuda_device_allocator.cc:226
external/xla/xla/stream_executor/cuda/cuda_device_allocator.cc:403

E0728 07:22:50.215689   95775 cuda_executor.cc:1176] [0] Failed to allocate device memory of 580.44MiB (608640512 bytes): RESOURCE_EXHAUSTED: : CUDA_ERROR_OUT_OF_MEMORY: out of memory
=== Source Location Trace: === 
external/xla/xla/stream_executor/cuda/cuda_status.cc:45
external/xla/xla/stream_executor/cuda/cuda_device_allocator.cc:226
external/xla/xla/stream_executor/cuda/cuda_device_allocator.cc:403

E0728 07:22:50.215728   95775 cuda_executor.cc:1176] [0] Failed to allocate device memory of 522.40MiB (547776512 bytes): RESOURCE_EXHAUSTED: : CUDA_ERROR_OUT_OF_MEMORY: out of memory
=== Source Location Trace: === 
external/xla/xla/stream_executor/cuda/cuda_status.cc:45
external/xla/xla/stream_executor/cuda/cuda_device_allocator.cc:226
external/xla/xla/stream_executor/cuda/cuda_device_allocator.cc:403

E0728 07:22:50.215849   95775 cuda_executor.cc:1176] [0] Failed to allocate device memory of 64.95GiB (69734498304 bytes): RESOURCE_EXHAUSTED: : CUDA_ERROR_OUT_OF_MEMORY: out of memory
=== Source Location Trace: === 
external/xla/xla/stream_executor/cuda/cuda_status.cc:45
external/xla/xla/stream_executor/cuda/cuda_device_allocator.cc:226
external/xla/xla/stream_executor/cuda/cuda_device_allocator.cc:403

E0728 07:22:50.215926   95775 cuda_executor.cc:1176] [0] Failed to allocate device memory of 58.45GiB (62761046016 bytes): RESOURCE_EXHAUSTED: : CUDA_ERROR_OUT_OF_MEMORY: out of memory
=== Source Location Trace: === 
external/xla/xla/stream_executor/cuda/cuda_status.cc:45
external/xla/xla/stream_executor/cuda/cuda_device_allocator.cc:226
external/xla/xla/stream_executor/cuda/cuda_device_allocator.cc:403

E0728 07:22:50.215994   95775 cuda_executor.cc:1176] [0] Failed to allocate device memory of 52.61GiB (56484941824 bytes): RESOURCE_EXHAUSTED: : CUDA_ERROR_OUT_OF_MEMORY: out of memory
=== Source Location Trace: === 
external/xla/xla/stream_executor/cuda/cuda_status.cc:45
external/xla/xla/stream_executor/cuda/cuda_device_allocator.cc:226
external/xla/xla/stream_executor/cuda/cuda_device_allocator.cc:403

E0728 07:22:50.216058   95775 cuda_executor.cc:1176] [0] Failed to allocate device memory of 47.34GiB (50836447232 bytes): RESOURCE_EXHAUSTED: : CUDA_ERROR_OUT_OF_MEMORY: out of memory
=== Source Location Trace: === 
external/xla/xla/stream_executor/cuda/cuda_status.cc:45
external/xla/xla/stream_executor/cuda/cuda_device_allocator.cc:226
external/xla/xla/stream_executor/cuda/cuda_device_allocator.cc:403

E0728 07:22:50.216127   95775 cuda_executor.cc:1176] [0] Failed to allocate device memory of 42.61GiB (45752803328 bytes): RESOURCE_EXHAUSTED: : CUDA_ERROR_OUT_OF_MEMORY: out of memory
=== Source Location Trace: === 
external/xla/xla/stream_executor/cuda/cuda_status.cc:45
external/xla/xla/stream_executor/cuda/cuda_device_allocator.cc:226
external/xla/xla/stream_executor/cuda/cuda_device_allocator.cc:403

E0728 07:22:50.216188   95775 cuda_executor.cc:1176] [0] Failed to allocate device memory of 38.35GiB (41177522176 bytes): RESOURCE_EXHAUSTED: : CUDA_ERROR_OUT_OF_MEMORY: out of memory
=== Source Location Trace: === 
external/xla/xla/stream_executor/cuda/cuda_status.cc:45
external/xla/xla/stream_executor/cuda/cuda_device_allocator.cc:226
external/xla/xla/stream_executor/cuda/cuda_device_allocator.cc:403

E0728 07:22:50.216244   95775 cuda_executor.cc:1176] [0] Failed to allocate device memory of 34.51GiB (37059768320 bytes): RESOURCE_EXHAUSTED: : CUDA_ERROR_OUT_OF_MEMORY: out of memory
=== Source Location Trace: === 
external/xla/xla/stream_executor/cuda/cuda_status.cc:45
external/xla/xla/stream_executor/cuda/cuda_device_allocator.cc:226
external/xla/xla/stream_executor/cuda/cuda_device_allocator.cc:403

E0728 07:22:50.216311   95775 cuda_executor.cc:1176] [0] Failed to allocate device memory of 31.06GiB (33353791488 bytes): RESOURCE_EXHAUSTED: : CUDA_ERROR_OUT_OF_MEMORY: out of memory
=== Source Location Trace: === 
external/xla/xla/stream_executor/cuda/cuda_status.cc:45
external/xla/xla/stream_executor/cuda/cuda_device_allocator.cc:226
external/xla/xla/stream_executor/cuda/cuda_device_allocator.cc:403

E0728 07:22:50.216385   95775 cuda_executor.cc:1176] [0] Failed to allocate device memory of 27.96GiB (30018412544 bytes): RESOURCE_EXHAUSTED: : CUDA_ERROR_OUT_OF_MEMORY: out of memory
=== Source Location Trace: === 
external/xla/xla/stream_executor/cuda/cuda_status.cc:45
external/xla/xla/stream_executor/cuda/cuda_device_allocator.cc:226
external/xla/xla/stream_executor/cuda/cuda_device_allocator.cc:403

E0728 07:22:50.216435   95775 cuda_executor.cc:1176] [0] Failed to allocate device memory of 25.16GiB (27016570880 bytes): RESOURCE_EXHAUSTED: : CUDA_ERROR_OUT_OF_MEMORY: out of memory
=== Source Location Trace: === 
external/xla/xla/stream_executor/cuda/cuda_status.cc:45
external/xla/xla/stream_executor/cuda/cuda_device_allocator.cc:226
external/xla/xla/stream_executor/cuda/cuda_device_allocator.cc:403

E0728 07:22:50.216484   95775 cuda_executor.cc:1176] [0] Failed to allocate device memory of 22.64GiB (24314912768 bytes): RESOURCE_EXHAUSTED: : CUDA_ERROR_OUT_OF_MEMORY: out of memory
=== Source Location Trace: === 
external/xla/xla/stream_executor/cuda/cuda_status.cc:45
external/xla/xla/stream_executor/cuda/cuda_device_allocator.cc:226
external/xla/xla/stream_executor/cuda/cuda_device_allocator.cc:403

E0728 07:22:50.216547   95775 cuda_executor.cc:1176] [0] Failed to allocate device memory of 20.38GiB (21883420672 bytes): RESOURCE_EXHAUSTED: : CUDA_ERROR_OUT_OF_MEMORY: out of memory
=== Source Location Trace: === 
external/xla/xla/stream_executor/cuda/cuda_status.cc:45
external/xla/xla/stream_executor/cuda/cuda_device_allocator.cc:226
external/xla/xla/stream_executor/cuda/cuda_device_allocator.cc:403

E0728 07:22:50.216594   95775 cuda_executor.cc:1176] [0] Failed to allocate device memory of 18.34GiB (19695077376 bytes): RESOURCE_EXHAUSTED: : CUDA_ERROR_OUT_OF_MEMORY: out of memory
=== Source Location Trace: === 
external/xla/xla/stream_executor/cuda/cuda_status.cc:45
external/xla/xla/stream_executor/cuda/cuda_device_allocator.cc:226
external/xla/xla/stream_executor/cuda/cuda_device_allocator.cc:403

E0728 07:22:50.216641   95775 cuda_executor.cc:1176] [0] Failed to allocate device memory of 16.51GiB (17725569024 bytes): RESOURCE_EXHAUSTED: : CUDA_ERROR_OUT_OF_MEMORY: out of memory
=== Source Location Trace: === 
external/xla/xla/stream_executor/cuda/cuda_status.cc:45
external/xla/xla/stream_executor/cuda/cuda_device_allocator.cc:226
external/xla/xla/stream_executor/cuda/cuda_device_allocator.cc:403

E0728 07:22:50.216715   95775 cuda_executor.cc:1176] [0] Failed to allocate device memory of 14.86GiB (15953011712 bytes): RESOURCE_EXHAUSTED: : CUDA_ERROR_OUT_OF_MEMORY: out of memory
=== Source Location Trace: === 
external/xla/xla/stream_executor/cuda/cuda_status.cc:45
external/xla/xla/stream_executor/cuda/cuda_device_allocator.cc:226
external/xla/xla/stream_executor/cuda/cuda_device_allocator.cc:403

E0728 07:22:50.216759   95775 cuda_executor.cc:1176] [0] Failed to allocate device memory of 13.37GiB (14357709824 bytes): RESOURCE_EXHAUSTED: : CUDA_ERROR_OUT_OF_MEMORY: out of memory
=== Source Location Trace: === 
external/xla/xla/stream_executor/cuda/cuda_status.cc:45
external/xla/xla/stream_executor/cuda/cuda_device_allocator.cc:226
external/xla/xla/stream_executor/cuda/cuda_device_allocator.cc:403

E0728 07:22:50.216803   95775 cuda_executor.cc:1176] [0] Failed to allocate device memory of 12.03GiB (12921938944 bytes): RESOURCE_EXHAUSTED: : CUDA_ERROR_OUT_OF_MEMORY: out of memory
=== Source Location Trace: === 
external/xla/xla/stream_executor/cuda/cuda_status.cc:45
external/xla/xla/stream_executor/cuda/cuda_device_allocator.cc:226
external/xla/xla/stream_executor/cuda/cuda_device_allocator.cc:403

E0728 07:22:50.216862   95775 cuda_executor.cc:1176] [0] Failed to allocate device memory of 10.83GiB (11629745152 bytes): RESOURCE_EXHAUSTED: : CUDA_ERROR_OUT_OF_MEMORY: out of memory
=== Source Location Trace: === 
external/xla/xla/stream_executor/cuda/cuda_status.cc:45
external/xla/xla/stream_executor/cuda/cuda_device_allocator.cc:226
external/xla/xla/stream_executor/cuda/cuda_device_allocator.cc:403

E0728 07:22:50.216909   95775 cuda_executor.cc:1176] [0] Failed to allocate device memory of 9.75GiB (10466769920 bytes): RESOURCE_EXHAUSTED: : CUDA_ERROR_OUT_OF_MEMORY: out of memory
=== Source Location Trace: === 
external/xla/xla/stream_executor/cuda/cuda_status.cc:45
external/xla/xla/stream_executor/cuda/cuda_device_allocator.cc:226
external/xla/xla/stream_executor/cuda/cuda_device_allocator.cc:403

E0728 07:22:50.216952   95775 cuda_executor.cc:1176] [0] Failed to allocate device memory of 8.77GiB (9420092416 bytes): RESOURCE_EXHAUSTED: : CUDA_ERROR_OUT_OF_MEMORY: out of memory
=== Source Location Trace: === 
external/xla/xla/stream_executor/cuda/cuda_status.cc:45
external/xla/xla/stream_executor/cuda/cuda_device_allocator.cc:226
external/xla/xla/stream_executor/cuda/cuda_device_allocator.cc:403

E0728 07:22:50.216994   95775 cuda_executor.cc:1176] [0] Failed to allocate device memory of 7.90GiB (8478083072 bytes): RESOURCE_EXHAUSTED: : CUDA_ERROR_OUT_OF_MEMORY: out of memory
=== Source Location Trace: === 
external/xla/xla/stream_executor/cuda/cuda_status.cc:45
external/xla/xla/stream_executor/cuda/cuda_device_allocator.cc:226
external/xla/xla/stream_executor/cuda/cuda_device_allocator.cc:403

E0728 07:22:50.217039   95775 cuda_executor.cc:1176] [0] Failed to allocate device memory of 7.11GiB (7630274560 bytes): RESOURCE_EXHAUSTED: : CUDA_ERROR_OUT_OF_MEMORY: out of memory
=== Source Location Trace: === 
external/xla/xla/stream_executor/cuda/cuda_status.cc:45
external/xla/xla/stream_executor/cuda/cuda_device_allocator.cc:226
external/xla/xla/stream_executor/cuda/cuda_device_allocator.cc:403

E0728 07:22:50.217088   95775 cuda_executor.cc:1176] [0] Failed to allocate device memory of 6.40GiB (6867247104 bytes): RESOURCE_EXHAUSTED: : CUDA_ERROR_OUT_OF_MEMORY: out of memory
=== Source Location Trace: === 
external/xla/xla/stream_executor/cuda/cuda_status.cc:45
external/xla/xla/stream_executor/cuda/cuda_device_allocator.cc:226
external/xla/xla/stream_executor/cuda/cuda_device_allocator.cc:403

E0728 07:22:50.217133   95775 cuda_executor.cc:1176] [0] Failed to allocate device memory of 5.76GiB (6180521984 bytes): RESOURCE_EXHAUSTED: : CUDA_ERROR_OUT_OF_MEMORY: out of memory
=== Source Location Trace: === 
external/xla/xla/stream_executor/cuda/cuda_status.cc:45
external/xla/xla/stream_executor/cuda/cuda_device_allocator.cc:226
external/xla/xla/stream_executor/cuda/cuda_device_allocator.cc:403

E0728 07:22:50.217175   95775 cuda_executor.cc:1176] [0] Failed to allocate device memory of 5.18GiB (5562469888 bytes): RESOURCE_EXHAUSTED: : CUDA_ERROR_OUT_OF_MEMORY: out of memory
=== Source Location Trace: === 
external/xla/xla/stream_executor/cuda/cuda_status.cc:45
external/xla/xla/stream_executor/cuda/cuda_device_allocator.cc:226
external/xla/xla/stream_executor/cuda/cuda_device_allocator.cc:403

E0728 07:22:50.217218   95775 cuda_executor.cc:1176] [0] Failed to allocate device memory of 4.66GiB (5006222848 bytes): RESOURCE_EXHAUSTED: : CUDA_ERROR_OUT_OF_MEMORY: out of memory
=== Source Location Trace: === 
external/xla/xla/stream_executor/cuda/cuda_status.cc:45
external/xla/xla/stream_executor/cuda/cuda_device_allocator.cc:226
external/xla/xla/stream_executor/cuda/cuda_device_allocator.cc:403

E0728 07:22:50.217260   95775 cuda_executor.cc:1176] [0] Failed to allocate device memory of 4.20GiB (4505600512 bytes): RESOURCE_EXHAUSTED: : CUDA_ERROR_OUT_OF_MEMORY: out of memory
=== Source Location Trace: === 
external/xla/xla/stream_executor/cuda/cuda_status.cc:45
external/xla/xla/stream_executor/cuda/cuda_device_allocator.cc:226
external/xla/xla/stream_executor/cuda/cuda_device_allocator.cc:403

E0728 07:22:50.217302   95775 cuda_executor.cc:1176] [0] Failed to allocate device memory of 3.78GiB (4055040256 bytes): RESOURCE_EXHAUSTED: : CUDA_ERROR_OUT_OF_MEMORY: out of memory
=== Source Location Trace: === 
external/xla/xla/stream_executor/cuda/cuda_status.cc:45
external/xla/xla/stream_executor/cuda/cuda_device_allocator.cc:226
external/xla/xla/stream_executor/cuda/cuda_device_allocator.cc:403

E0728 07:22:50.217343   95775 cuda_executor.cc:1176] [0] Failed to allocate device memory of 3.40GiB (3649536256 bytes): RESOURCE_EXHAUSTED: : CUDA_ERROR_OUT_OF_MEMORY: out of memory
=== Source Location Trace: === 
external/xla/xla/stream_executor/cuda/cuda_status.cc:45
external/xla/xla/stream_executor/cuda/cuda_device_allocator.cc:226
external/xla/xla/stream_executor/cuda/cuda_device_allocator.cc:403

E0728 07:22:50.217385   95775 cuda_executor.cc:1176] [0] Failed to allocate device memory of 3.06GiB (3284582656 bytes): RESOURCE_EXHAUSTED: : CUDA_ERROR_OUT_OF_MEMORY: out of memory
=== Source Location Trace: === 
external/xla/xla/stream_executor/cuda/cuda_status.cc:45
external/xla/xla/stream_executor/cuda/cuda_device_allocator.cc:226
external/xla/xla/stream_executor/cuda/cuda_device_allocator.cc:403

E0728 07:22:50.217426   95775 cuda_executor.cc:1176] [0] Failed to allocate device memory of 2.75GiB (2956124416 bytes): RESOURCE_EXHAUSTED: : CUDA_ERROR_OUT_OF_MEMORY: out of memory
=== Source Location Trace: === 
external/xla/xla/stream_executor/cuda/cuda_status.cc:45
external/xla/xla/stream_executor/cuda/cuda_device_allocator.cc:226
external/xla/xla/stream_executor/cuda/cuda_device_allocator.cc:403

E0728 07:22:50.217468   95775 cuda_executor.cc:1176] [0] Failed to allocate device memory of 2.48GiB (2660512000 bytes): RESOURCE_EXHAUSTED: : CUDA_ERROR_OUT_OF_MEMORY: out of memory
=== Source Location Trace: === 
external/xla/xla/stream_executor/cuda/cuda_status.cc:45
external/xla/xla/stream_executor/cuda/cuda_device_allocator.cc:226
external/xla/xla/stream_executor/cuda/cuda_device_allocator.cc:403

E0728 07:22:50.217508   95775 cuda_executor.cc:1176] [0] Failed to allocate device memory of 2.23GiB (2394460672 bytes): RESOURCE_EXHAUSTED: : CUDA_ERROR_OUT_OF_MEMORY: out of memory
=== Source Location Trace: === 
external/xla/xla/stream_executor/cuda/cuda_status.cc:45
external/xla/xla/stream_executor/cuda/cuda_device_allocator.cc:226
external/xla/xla/stream_executor/cuda/cuda_device_allocator.cc:403

E0728 07:22:50.217549   95775 cuda_executor.cc:1176] [0] Failed to allocate device memory of 2.01GiB (2155014656 bytes): RESOURCE_EXHAUSTED: : CUDA_ERROR_OUT_OF_MEMORY: out of memory
=== Source Location Trace: === 
external/xla/xla/stream_executor/cuda/cuda_status.cc:45
external/xla/xla/stream_executor/cuda/cuda_device_allocator.cc:226
external/xla/xla/stream_executor/cuda/cuda_device_allocator.cc:403

E0728 07:22:50.217589   95775 cuda_executor.cc:1176] [0] Failed to allocate device memory of 1.81GiB (1939513088 bytes): RESOURCE_EXHAUSTED: : CUDA_ERROR_OUT_OF_MEMORY: out of memory
=== Source Location Trace: === 
external/xla/xla/stream_executor/cuda/cuda_status.cc:45
external/xla/xla/stream_executor/cuda/cuda_device_allocator.cc:226
external/xla/xla/stream_executor/cuda/cuda_device_allocator.cc:403

E0728 07:22:50.217629   95775 cuda_executor.cc:1176] [0] Failed to allocate device memory of 1.62GiB (1745561856 bytes): RESOURCE_EXHAUSTED: : CUDA_ERROR_OUT_OF_MEMORY: out of memory
=== Source Location Trace: === 
external/xla/xla/stream_executor/cuda/cuda_status.cc:45
external/xla/xla/stream_executor/cuda/cuda_device_allocator.cc:226
external/xla/xla/stream_executor/cuda/cuda_device_allocator.cc:403

E0728 07:22:50.217669   95775 cuda_executor.cc:1176] [0] Failed to allocate device memory of 1.46GiB (1571005696 bytes): RESOURCE_EXHAUSTED: : CUDA_ERROR_OUT_OF_MEMORY: out of memory
=== Source Location Trace: === 
external/xla/xla/stream_executor/cuda/cuda_status.cc:45
external/xla/xla/stream_executor/cuda/cuda_device_allocator.cc:226
external/xla/xla/stream_executor/cuda/cuda_device_allocator.cc:403

E0728 07:22:50.217709   95775 cuda_executor.cc:1176] [0] Failed to allocate device memory of 1.32GiB (1413905152 bytes): RESOURCE_EXHAUSTED: : CUDA_ERROR_OUT_OF_MEMORY: out of memory
=== Source Location Trace: === 
external/xla/xla/stream_executor/cuda/cuda_status.cc:45
external/xla/xla/stream_executor/cuda/cuda_device_allocator.cc:226
external/xla/xla/stream_executor/cuda/cuda_device_allocator.cc:403

E0728 07:22:50.217748   95775 cuda_executor.cc:1176] [0] Failed to allocate device memory of 1.18GiB (1272514560 bytes): RESOURCE_EXHAUSTED: : CUDA_ERROR_OUT_OF_MEMORY: out of memory
=== Source Location Trace: === 
external/xla/xla/stream_executor/cuda/cuda_status.cc:45
external/xla/xla/stream_executor/cuda/cuda_device_allocator.cc:226
external/xla/xla/stream_executor/cuda/cuda_device_allocator.cc:403

E0728 07:22:50.217788   95775 cuda_executor.cc:1176] [0] Failed to allocate device memory of 1.07GiB (1145263104 bytes): RESOURCE_EXHAUSTED: : CUDA_ERROR_OUT_OF_MEMORY: out of memory
=== Source Location Trace: === 
external/xla/xla/stream_executor/cuda/cuda_status.cc:45
external/xla/xla/stream_executor/cuda/cuda_device_allocator.cc:226
external/xla/xla/stream_executor/cuda/cuda_device_allocator.cc:403

E0728 07:22:50.217828   95775 cuda_executor.cc:1176] [0] Failed to allocate device memory of 982.99MiB (1030736896 bytes): RESOURCE_EXHAUSTED: : CUDA_ERROR_OUT_OF_MEMORY: out of memory
=== Source Location Trace: === 
external/xla/xla/stream_executor/cuda/cuda_status.cc:45
external/xla/xla/stream_executor/cuda/cuda_device_allocator.cc:226
external/xla/xla/stream_executor/cuda/cuda_device_allocator.cc:403

E0728 07:22:50.217868   95775 cuda_executor.cc:1176] [0] Failed to allocate device memory of 884.69MiB (927663360 bytes): RESOURCE_EXHAUSTED: : CUDA_ERROR_OUT_OF_MEMORY: out of memory
=== Source Location Trace: === 
external/xla/xla/stream_executor/cuda/cuda_status.cc:45
external/xla/xla/stream_executor/cuda/cuda_device_allocator.cc:226
external/xla/xla/stream_executor/cuda/cuda_device_allocator.cc:403

E0728 07:22:50.217912   95775 cuda_executor.cc:1176] [0] Failed to allocate device memory of 796.22MiB (834897152 bytes): RESOURCE_EXHAUSTED: : CUDA_ERROR_OUT_OF_MEMORY: out of memory
=== Source Location Trace: === 
external/xla/xla/stream_executor/cuda/cuda_status.cc:45
external/xla/xla/stream_executor/cuda/cuda_device_allocator.cc:226
external/xla/xla/stream_executor/cuda/cuda_device_allocator.cc:403

E0728 07:22:50.217952   95775 cuda_executor.cc:1176] [0] Failed to allocate device memory of 716.60MiB (751407616 bytes): RESOURCE_EXHAUSTED: : CUDA_ERROR_OUT_OF_MEMORY: out of memory
=== Source Location Trace: === 
external/xla/xla/stream_executor/cuda/cuda_status.cc:45
external/xla/xla/stream_executor/cuda/cuda_device_allocator.cc:226
external/xla/xla/stream_executor/cuda/cuda_device_allocator.cc:403

E0728 07:22:50.217992   95775 cuda_executor.cc:1176] [0] Failed to allocate device memory of 644.94MiB (676267008 bytes): RESOURCE_EXHAUSTED: : CUDA_ERROR_OUT_OF_MEMORY: out of memory
=== Source Location Trace: === 
external/xla/xla/stream_executor/cuda/cuda_status.cc:45
external/xla/xla/stream_executor/cuda/cuda_device_allocator.cc:226
external/xla/xla/stream_executor/cuda/cuda_device_allocator.cc:403

E0728 07:22:50.218031   95775 cuda_executor.cc:1176] [0] Failed to allocate device memory of 580.44MiB (608640512 bytes): RESOURCE_EXHAUSTED: : CUDA_ERROR_OUT_OF_MEMORY: out of memory
=== Source Location Trace: === 
external/xla/xla/stream_executor/cuda/cuda_status.cc:45
external/xla/xla/stream_executor/cuda/cuda_device_allocator.cc:226
external/xla/xla/stream_executor/cuda/cuda_device_allocator.cc:403

E0728 07:22:50.218075   95775 cuda_executor.cc:1176] [0] Failed to allocate device memory of 522.40MiB (547776512 bytes): RESOURCE_EXHAUSTED: : CUDA_ERROR_OUT_OF_MEMORY: out of memory
=== Source Location Trace: === 
external/xla/xla/stream_executor/cuda/cuda_status.cc:45
external/xla/xla/stream_executor/cuda/cuda_device_allocator.cc:226
external/xla/xla/stream_executor/cuda/cuda_device_allocator.cc:403

E0728 07:23:00.218413   95775 cuda_executor.cc:1176] [0] Failed to allocate device memory of 64.95GiB (69734498304 bytes): RESOURCE_EXHAUSTED: : CUDA_ERROR_OUT_OF_MEMORY: out of memory
=== Source Location Trace: === 
external/xla/xla/stream_executor/cuda/cuda_status.cc:45
external/xla/xla/stream_executor/cuda/cuda_device_allocator.cc:226
external/xla/xla/stream_executor/cuda/cuda_device_allocator.cc:403

E0728 07:23:00.218540   95775 cuda_executor.cc:1176] [0] Failed to allocate device memory of 58.45GiB (62761046016 bytes): RESOURCE_EXHAUSTED: : CUDA_ERROR_OUT_OF_MEMORY: out of memory
=== Source Location Trace: === 
external/xla/xla/stream_executor/cuda/cuda_status.cc:45
external/xla/xla/stream_executor/cuda/cuda_device_allocator.cc:226
external/xla/xla/stream_executor/cuda/cuda_device_allocator.cc:403

E0728 07:23:00.218611   95775 cuda_executor.cc:1176] [0] Failed to allocate device memory of 52.61GiB (56484941824 bytes): RESOURCE_EXHAUSTED: : CUDA_ERROR_OUT_OF_MEMORY: out of memory
=== Source Location Trace: === 
external/xla/xla/stream_executor/cuda/cuda_status.cc:45
external/xla/xla/stream_executor/cuda/cuda_device_allocator.cc:226
external/xla/xla/stream_executor/cuda/cuda_device_allocator.cc:403

E0728 07:23:00.218676   95775 cuda_executor.cc:1176] [0] Failed to allocate device memory of 47.34GiB (50836447232 bytes): RESOURCE_EXHAUSTED: : CUDA_ERROR_OUT_OF_MEMORY: out of memory
=== Source Location Trace: === 
external/xla/xla/stream_executor/cuda/cuda_status.cc:45
external/xla/xla/stream_executor/cuda/cuda_device_allocator.cc:226
external/xla/xla/stream_executor/cuda/cuda_device_allocator.cc:403

E0728 07:23:00.218747   95775 cuda_executor.cc:1176] [0] Failed to allocate device memory of 42.61GiB (45752803328 bytes): RESOURCE_EXHAUSTED: : CUDA_ERROR_OUT_OF_MEMORY: out of memory
=== Source Location Trace: === 
external/xla/xla/stream_executor/cuda/cuda_status.cc:45
external/xla/xla/stream_executor/cuda/cuda_device_allocator.cc:226
external/xla/xla/stream_executor/cuda/cuda_device_allocator.cc:403

E0728 07:23:00.218807   95775 cuda_executor.cc:1176] [0] Failed to allocate device memory of 38.35GiB (41177522176 bytes): RESOURCE_EXHAUSTED: : CUDA_ERROR_OUT_OF_MEMORY: out of memory
=== Source Location Trace: === 
external/xla/xla/stream_executor/cuda/cuda_status.cc:45
external/xla/xla/stream_executor/cuda/cuda_device_allocator.cc:226
external/xla/xla/stream_executor/cuda/cuda_device_allocator.cc:403

E0728 07:23:00.218864   95775 cuda_executor.cc:1176] [0] Failed to allocate device memory of 34.51GiB (37059768320 bytes): RESOURCE_EXHAUSTED: : CUDA_ERROR_OUT_OF_MEMORY: out of memory
=== Source Location Trace: === 
external/xla/xla/stream_executor/cuda/cuda_status.cc:45
external/xla/xla/stream_executor/cuda/cuda_device_allocator.cc:226
external/xla/xla/stream_executor/cuda/cuda_device_allocator.cc:403

E0728 07:23:00.218945   95775 cuda_executor.cc:1176] [0] Failed to allocate device memory of 31.06GiB (33353791488 bytes): RESOURCE_EXHAUSTED: : CUDA_ERROR_OUT_OF_MEMORY: out of memory
=== Source Location Trace: === 
external/xla/xla/stream_executor/cuda/cuda_status.cc:45
external/xla/xla/stream_executor/cuda/cuda_device_allocator.cc:226
external/xla/xla/stream_executor/cuda/cuda_device_allocator.cc:403

E0728 07:23:00.218998   95775 cuda_executor.cc:1176] [0] Failed to allocate device memory of 27.96GiB (30018412544 bytes): RESOURCE_EXHAUSTED: : CUDA_ERROR_OUT_OF_MEMORY: out of memory
=== Source Location Trace: === 
external/xla/xla/stream_executor/cuda/cuda_status.cc:45
external/xla/xla/stream_executor/cuda/cuda_device_allocator.cc:226
external/xla/xla/stream_executor/cuda/cuda_device_allocator.cc:403

E0728 07:23:00.219048   95775 cuda_executor.cc:1176] [0] Failed to allocate device memory of 25.16GiB (27016570880 bytes): RESOURCE_EXHAUSTED: : CUDA_ERROR_OUT_OF_MEMORY: out of memory
=== Source Location Trace: === 
external/xla/xla/stream_executor/cuda/cuda_status.cc:45
external/xla/xla/stream_executor/cuda/cuda_device_allocator.cc:226
external/xla/xla/stream_executor/cuda/cuda_device_allocator.cc:403

E0728 07:23:00.219113   95775 cuda_executor.cc:1176] [0] Failed to allocate device memory of 22.64GiB (24314912768 bytes): RESOURCE_EXHAUSTED: : CUDA_ERROR_OUT_OF_MEMORY: out of memory
=== Source Location Trace: === 
external/xla/xla/stream_executor/cuda/cuda_status.cc:45
external/xla/xla/stream_executor/cuda/cuda_device_allocator.cc:226
external/xla/xla/stream_executor/cuda/cuda_device_allocator.cc:403

E0728 07:23:00.219164   95775 cuda_executor.cc:1176] [0] Failed to allocate device memory of 20.38GiB (21883420672 bytes): RESOURCE_EXHAUSTED: : CUDA_ERROR_OUT_OF_MEMORY: out of memory
=== Source Location Trace: === 
external/xla/xla/stream_executor/cuda/cuda_status.cc:45
external/xla/xla/stream_executor/cuda/cuda_device_allocator.cc:226
external/xla/xla/stream_executor/cuda/cuda_device_allocator.cc:403

E0728 07:23:00.219211   95775 cuda_executor.cc:1176] [0] Failed to allocate device memory of 18.34GiB (19695077376 bytes): RESOURCE_EXHAUSTED: : CUDA_ERROR_OUT_OF_MEMORY: out of memory
=== Source Location Trace: === 
external/xla/xla/stream_executor/cuda/cuda_status.cc:45
external/xla/xla/stream_executor/cuda/cuda_device_allocator.cc:226
external/xla/xla/stream_executor/cuda/cuda_device_allocator.cc:403

E0728 07:23:00.219258   95775 cuda_executor.cc:1176] [0] Failed to allocate device memory of 16.51GiB (17725569024 bytes): RESOURCE_EXHAUSTED: : CUDA_ERROR_OUT_OF_MEMORY: out of memory
=== Source Location Trace: === 
external/xla/xla/stream_executor/cuda/cuda_status.cc:45
external/xla/xla/stream_executor/cuda/cuda_device_allocator.cc:226
external/xla/xla/stream_executor/cuda/cuda_device_allocator.cc:403

E0728 07:23:00.219313   95775 cuda_executor.cc:1176] [0] Failed to allocate device memory of 14.86GiB (15953011712 bytes): RESOURCE_EXHAUSTED: : CUDA_ERROR_OUT_OF_MEMORY: out of memory
=== Source Location Trace: === 
external/xla/xla/stream_executor/cuda/cuda_status.cc:45
external/xla/xla/stream_executor/cuda/cuda_device_allocator.cc:226
external/xla/xla/stream_executor/cuda/cuda_device_allocator.cc:403

E0728 07:23:00.219357   95775 cuda_executor.cc:1176] [0] Failed to allocate device memory of 13.37GiB (14357709824 bytes): RESOURCE_EXHAUSTED: : CUDA_ERROR_OUT_OF_MEMORY: out of memory
=== Source Location Trace: === 
external/xla/xla/stream_executor/cuda/cuda_status.cc:45
external/xla/xla/stream_executor/cuda/cuda_device_allocator.cc:226
external/xla/xla/stream_executor/cuda/cuda_device_allocator.cc:403

E0728 07:23:00.219400   95775 cuda_executor.cc:1176] [0] Failed to allocate device memory of 12.03GiB (12921938944 bytes): RESOURCE_EXHAUSTED: : CUDA_ERROR_OUT_OF_MEMORY: out of memory
=== Source Location Trace: === 
external/xla/xla/stream_executor/cuda/cuda_status.cc:45
external/xla/xla/stream_executor/cuda/cuda_device_allocator.cc:226
external/xla/xla/stream_executor/cuda/cuda_device_allocator.cc:403

E0728 07:23:00.219443   95775 cuda_executor.cc:1176] [0] Failed to allocate device memory of 10.83GiB (11629745152 bytes): RESOURCE_EXHAUSTED: : CUDA_ERROR_OUT_OF_MEMORY: out of memory
=== Source Location Trace: === 
external/xla/xla/stream_executor/cuda/cuda_status.cc:45
external/xla/xla/stream_executor/cuda/cuda_device_allocator.cc:226
external/xla/xla/stream_executor/cuda/cuda_device_allocator.cc:403

E0728 07:23:00.219486   95775 cuda_executor.cc:1176] [0] Failed to allocate device memory of 9.75GiB (10466769920 bytes): RESOURCE_EXHAUSTED: : CUDA_ERROR_OUT_OF_MEMORY: out of memory
=== Source Location Trace: === 
external/xla/xla/stream_executor/cuda/cuda_status.cc:45
external/xla/xla/stream_executor/cuda/cuda_device_allocator.cc:226
external/xla/xla/stream_executor/cuda/cuda_device_allocator.cc:403

E0728 07:23:00.219528   95775 cuda_executor.cc:1176] [0] Failed to allocate device memory of 8.77GiB (9420092416 bytes): RESOURCE_EXHAUSTED: : CUDA_ERROR_OUT_OF_MEMORY: out of memory
=== Source Location Trace: === 
external/xla/xla/stream_executor/cuda/cuda_status.cc:45
external/xla/xla/stream_executor/cuda/cuda_device_allocator.cc:226
external/xla/xla/stream_executor/cuda/cuda_device_allocator.cc:403

E0728 07:23:00.219572   95775 cuda_executor.cc:1176] [0] Failed to allocate device memory of 7.90GiB (8478083072 bytes): RESOURCE_EXHAUSTED: : CUDA_ERROR_OUT_OF_MEMORY: out of memory
=== Source Location Trace: === 
external/xla/xla/stream_executor/cuda/cuda_status.cc:45
external/xla/xla/stream_executor/cuda/cuda_device_allocator.cc:226
external/xla/xla/stream_executor/cuda/cuda_device_allocator.cc:403

E0728 07:23:00.219617   95775 cuda_executor.cc:1176] [0] Failed to allocate device memory of 7.11GiB (7630274560 bytes): RESOURCE_EXHAUSTED: : CUDA_ERROR_OUT_OF_MEMORY: out of memory
=== Source Location Trace: === 
external/xla/xla/stream_executor/cuda/cuda_status.cc:45
external/xla/xla/stream_executor/cuda/cuda_device_allocator.cc:226
external/xla/xla/stream_executor/cuda/cuda_device_allocator.cc:403

E0728 07:23:00.219660   95775 cuda_executor.cc:1176] [0] Failed to allocate device memory of 6.40GiB (6867247104 bytes): RESOURCE_EXHAUSTED: : CUDA_ERROR_OUT_OF_MEMORY: out of memory
=== Source Location Trace: === 
external/xla/xla/stream_executor/cuda/cuda_status.cc:45
external/xla/xla/stream_executor/cuda/cuda_device_allocator.cc:226
external/xla/xla/stream_executor/cuda/cuda_device_allocator.cc:403

E0728 07:23:00.219703   95775 cuda_executor.cc:1176] [0] Failed to allocate device memory of 5.76GiB (6180521984 bytes): RESOURCE_EXHAUSTED: : CUDA_ERROR_OUT_OF_MEMORY: out of memory
=== Source Location Trace: === 
external/xla/xla/stream_executor/cuda/cuda_status.cc:45
external/xla/xla/stream_executor/cuda/cuda_device_allocator.cc:226
external/xla/xla/stream_executor/cuda/cuda_device_allocator.cc:403

E0728 07:23:00.219746   95775 cuda_executor.cc:1176] [0] Failed to allocate device memory of 5.18GiB (5562469888 bytes): RESOURCE_EXHAUSTED: : CUDA_ERROR_OUT_OF_MEMORY: out of memory
=== Source Location Trace: === 
external/xla/xla/stream_executor/cuda/cuda_status.cc:45
external/xla/xla/stream_executor/cuda/cuda_device_allocator.cc:226
external/xla/xla/stream_executor/cuda/cuda_device_allocator.cc:403

E0728 07:23:00.219789   95775 cuda_executor.cc:1176] [0] Failed to allocate device memory of 4.66GiB (5006222848 bytes): RESOURCE_EXHAUSTED: : CUDA_ERROR_OUT_OF_MEMORY: out of memory
=== Source Location Trace: === 
external/xla/xla/stream_executor/cuda/cuda_status.cc:45
external/xla/xla/stream_executor/cuda/cuda_device_allocator.cc:226
external/xla/xla/stream_executor/cuda/cuda_device_allocator.cc:403

E0728 07:23:00.219830   95775 cuda_executor.cc:1176] [0] Failed to allocate device memory of 4.20GiB (4505600512 bytes): RESOURCE_EXHAUSTED: : CUDA_ERROR_OUT_OF_MEMORY: out of memory
=== Source Location Trace: === 
external/xla/xla/stream_executor/cuda/cuda_status.cc:45
external/xla/xla/stream_executor/cuda/cuda_device_allocator.cc:226
external/xla/xla/stream_executor/cuda/cuda_device_allocator.cc:403

E0728 07:23:00.219874   95775 cuda_executor.cc:1176] [0] Failed to allocate device memory of 3.78GiB (4055040256 bytes): RESOURCE_EXHAUSTED: : CUDA_ERROR_OUT_OF_MEMORY: out of memory
=== Source Location Trace: === 
external/xla/xla/stream_executor/cuda/cuda_status.cc:45
external/xla/xla/stream_executor/cuda/cuda_device_allocator.cc:226
external/xla/xla/stream_executor/cuda/cuda_device_allocator.cc:403

E0728 07:23:00.219920   95775 cuda_executor.cc:1176] [0] Failed to allocate device memory of 3.40GiB (3649536256 bytes): RESOURCE_EXHAUSTED: : CUDA_ERROR_OUT_OF_MEMORY: out of memory
=== Source Location Trace: === 
external/xla/xla/stream_executor/cuda/cuda_status.cc:45
external/xla/xla/stream_executor/cuda/cuda_device_allocator.cc:226
external/xla/xla/stream_executor/cuda/cuda_device_allocator.cc:403

E0728 07:23:00.219962   95775 cuda_executor.cc:1176] [0] Failed to allocate device memory of 3.06GiB (3284582656 bytes): RESOURCE_EXHAUSTED: : CUDA_ERROR_OUT_OF_MEMORY: out of memory
=== Source Location Trace: === 
external/xla/xla/stream_executor/cuda/cuda_status.cc:45
external/xla/xla/stream_executor/cuda/cuda_device_allocator.cc:226
external/xla/xla/stream_executor/cuda/cuda_device_allocator.cc:403

E0728 07:23:00.220002   95775 cuda_executor.cc:1176] [0] Failed to allocate device memory of 2.75GiB (2956124416 bytes): RESOURCE_EXHAUSTED: : CUDA_ERROR_OUT_OF_MEMORY: out of memory
=== Source Location Trace: === 
external/xla/xla/stream_executor/cuda/cuda_status.cc:45
external/xla/xla/stream_executor/cuda/cuda_device_allocator.cc:226
external/xla/xla/stream_executor/cuda/cuda_device_allocator.cc:403

E0728 07:23:00.220043   95775 cuda_executor.cc:1176] [0] Failed to allocate device memory of 2.48GiB (2660512000 bytes): RESOURCE_EXHAUSTED: : CUDA_ERROR_OUT_OF_MEMORY: out of memory
=== Source Location Trace: === 
external/xla/xla/stream_executor/cuda/cuda_status.cc:45
external/xla/xla/stream_executor/cuda/cuda_device_allocator.cc:226
external/xla/xla/stream_executor/cuda/cuda_device_allocator.cc:403

E0728 07:23:00.220090   95775 cuda_executor.cc:1176] [0] Failed to allocate device memory of 2.23GiB (2394460672 bytes): RESOURCE_EXHAUSTED: : CUDA_ERROR_OUT_OF_MEMORY: out of memory
=== Source Location Trace: === 
external/xla/xla/stream_executor/cuda/cuda_status.cc:45
external/xla/xla/stream_executor/cuda/cuda_device_allocator.cc:226
external/xla/xla/stream_executor/cuda/cuda_device_allocator.cc:403

E0728 07:23:00.220132   95775 cuda_executor.cc:1176] [0] Failed to allocate device memory of 2.01GiB (2155014656 bytes): RESOURCE_EXHAUSTED: : CUDA_ERROR_OUT_OF_MEMORY: out of memory
=== Source Location Trace: === 
external/xla/xla/stream_executor/cuda/cuda_status.cc:45
external/xla/xla/stream_executor/cuda/cuda_device_allocator.cc:226
external/xla/xla/stream_executor/cuda/cuda_device_allocator.cc:403

E0728 07:23:00.220175   95775 cuda_executor.cc:1176] [0] Failed to allocate device memory of 1.81GiB (1939513088 bytes): RESOURCE_EXHAUSTED: : CUDA_ERROR_OUT_OF_MEMORY: out of memory
=== Source Location Trace: === 
external/xla/xla/stream_executor/cuda/cuda_status.cc:45
external/xla/xla/stream_executor/cuda/cuda_device_allocator.cc:226
external/xla/xla/stream_executor/cuda/cuda_device_allocator.cc:403

E0728 07:23:00.220215   95775 cuda_executor.cc:1176] [0] Failed to allocate device memory of 1.62GiB (1745561856 bytes): RESOURCE_EXHAUSTED: : CUDA_ERROR_OUT_OF_MEMORY: out of memory
=== Source Location Trace: === 
external/xla/xla/stream_executor/cuda/cuda_status.cc:45
external/xla/xla/stream_executor/cuda/cuda_device_allocator.cc:226
external/xla/xla/stream_executor/cuda/cuda_device_allocator.cc:403

E0728 07:23:00.220254   95775 cuda_executor.cc:1176] [0] Failed to allocate device memory of 1.46GiB (1571005696 bytes): RESOURCE_EXHAUSTED: : CUDA_ERROR_OUT_OF_MEMORY: out of memory
=== Source Location Trace: === 
external/xla/xla/stream_executor/cuda/cuda_status.cc:45
external/xla/xla/stream_executor/cuda/cuda_device_allocator.cc:226
external/xla/xla/stream_executor/cuda/cuda_device_allocator.cc:403

E0728 07:23:00.220294   95775 cuda_executor.cc:1176] [0] Failed to allocate device memory of 1.32GiB (1413905152 bytes): RESOURCE_EXHAUSTED: : CUDA_ERROR_OUT_OF_MEMORY: out of memory
=== Source Location Trace: === 
external/xla/xla/stream_executor/cuda/cuda_status.cc:45
external/xla/xla/stream_executor/cuda/cuda_device_allocator.cc:226
external/xla/xla/stream_executor/cuda/cuda_device_allocator.cc:403

E0728 07:23:00.220334   95775 cuda_executor.cc:1176] [0] Failed to allocate device memory of 1.18GiB (1272514560 bytes): RESOURCE_EXHAUSTED: : CUDA_ERROR_OUT_OF_MEMORY: out of memory
=== Source Location Trace: === 
external/xla/xla/stream_executor/cuda/cuda_status.cc:45
external/xla/xla/stream_executor/cuda/cuda_device_allocator.cc:226
external/xla/xla/stream_executor/cuda/cuda_device_allocator.cc:403

E0728 07:23:00.220373   95775 cuda_executor.cc:1176] [0] Failed to allocate device memory of 1.07GiB (1145263104 bytes): RESOURCE_EXHAUSTED: : CUDA_ERROR_OUT_OF_MEMORY: out of memory
=== Source Location Trace: === 
external/xla/xla/stream_executor/cuda/cuda_status.cc:45
external/xla/xla/stream_executor/cuda/cuda_device_allocator.cc:226
external/xla/xla/stream_executor/cuda/cuda_device_allocator.cc:403

E0728 07:23:00.220414   95775 cuda_executor.cc:1176] [0] Failed to allocate device memory of 982.99MiB (1030736896 bytes): RESOURCE_EXHAUSTED: : CUDA_ERROR_OUT_OF_MEMORY: out of memory
=== Source Location Trace: === 
external/xla/xla/stream_executor/cuda/cuda_status.cc:45
external/xla/xla/stream_executor/cuda/cuda_device_allocator.cc:226
external/xla/xla/stream_executor/cuda/cuda_device_allocator.cc:403

E0728 07:23:00.220453   95775 cuda_executor.cc:1176] [0] Failed to allocate device memory of 884.69MiB (927663360 bytes): RESOURCE_EXHAUSTED: : CUDA_ERROR_OUT_OF_MEMORY: out of memory
=== Source Location Trace: === 
external/xla/xla/stream_executor/cuda/cuda_status.cc:45
external/xla/xla/stream_executor/cuda/cuda_device_allocator.cc:226
external/xla/xla/stream_executor/cuda/cuda_device_allocator.cc:403

E0728 07:23:00.220492   95775 cuda_executor.cc:1176] [0] Failed to allocate device memory of 796.22MiB (834897152 bytes): RESOURCE_EXHAUSTED: : CUDA_ERROR_OUT_OF_MEMORY: out of memory
=== Source Location Trace: === 
external/xla/xla/stream_executor/cuda/cuda_status.cc:45
external/xla/xla/stream_executor/cuda/cuda_device_allocator.cc:226
external/xla/xla/stream_executor/cuda/cuda_device_allocator.cc:403

E0728 07:23:00.220531   95775 cuda_executor.cc:1176] [0] Failed to allocate device memory of 716.60MiB (751407616 bytes): RESOURCE_EXHAUSTED: : CUDA_ERROR_OUT_OF_MEMORY: out of memory
=== Source Location Trace: === 
external/xla/xla/stream_executor/cuda/cuda_status.cc:45
external/xla/xla/stream_executor/cuda/cuda_device_allocator.cc:226
external/xla/xla/stream_executor/cuda/cuda_device_allocator.cc:403

E0728 07:23:00.220572   95775 cuda_executor.cc:1176] [0] Failed to allocate device memory of 644.94MiB (676267008 bytes): RESOURCE_EXHAUSTED: : CUDA_ERROR_OUT_OF_MEMORY: out of memory
=== Source Location Trace: === 
external/xla/xla/stream_executor/cuda/cuda_status.cc:45
external/xla/xla/stream_executor/cuda/cuda_device_allocator.cc:226
external/xla/xla/stream_executor/cuda/cuda_device_allocator.cc:403

E0728 07:23:00.220611   95775 cuda_executor.cc:1176] [0] Failed to allocate device memory of 580.44MiB (608640512 bytes): RESOURCE_EXHAUSTED: : CUDA_ERROR_OUT_OF_MEMORY: out of memory
=== Source Location Trace: === 
external/xla/xla/stream_executor/cuda/cuda_status.cc:45
external/xla/xla/stream_executor/cuda/cuda_device_allocator.cc:226
external/xla/xla/stream_executor/cuda/cuda_device_allocator.cc:403

E0728 07:23:00.220651   95775 cuda_executor.cc:1176] [0] Failed to allocate device memory of 522.40MiB (547776512 bytes): RESOURCE_EXHAUSTED: : CUDA_ERROR_OUT_OF_MEMORY: out of memory
=== Source Location Trace: === 
external/xla/xla/stream_executor/cuda/cuda_status.cc:45
external/xla/xla/stream_executor/cuda/cuda_device_allocator.cc:226
external/xla/xla/stream_executor/cuda/cuda_device_allocator.cc:403

E0728 07:23:00.220737   95775 cuda_executor.cc:1176] [0] Failed to allocate device memory of 64.95GiB (69734498304 bytes): RESOURCE_EXHAUSTED: : CUDA_ERROR_OUT_OF_MEMORY: out of memory
=== Source Location Trace: === 
external/xla/xla/stream_executor/cuda/cuda_status.cc:45
external/xla/xla/stream_executor/cuda/cuda_device_allocator.cc:226
external/xla/xla/stream_executor/cuda/cuda_device_allocator.cc:403

E0728 07:23:00.220809   95775 cuda_executor.cc:1176] [0] Failed to allocate device memory of 58.45GiB (62761046016 bytes): RESOURCE_EXHAUSTED: : CUDA_ERROR_OUT_OF_MEMORY: out of memory
=== Source Location Trace: === 
external/xla/xla/stream_executor/cuda/cuda_status.cc:45
external/xla/xla/stream_executor/cuda/cuda_device_allocator.cc:226
external/xla/xla/stream_executor/cuda/cuda_device_allocator.cc:403

E0728 07:23:00.220876   95775 cuda_executor.cc:1176] [0] Failed to allocate device memory of 52.61GiB (56484941824 bytes): RESOURCE_EXHAUSTED: : CUDA_ERROR_OUT_OF_MEMORY: out of memory
=== Source Location Trace: === 
external/xla/xla/stream_executor/cuda/cuda_status.cc:45
external/xla/xla/stream_executor/cuda/cuda_device_allocator.cc:226
external/xla/xla/stream_executor/cuda/cuda_device_allocator.cc:403

E0728 07:23:00.220944   95775 cuda_executor.cc:1176] [0] Failed to allocate device memory of 47.34GiB (50836447232 bytes): RESOURCE_EXHAUSTED: : CUDA_ERROR_OUT_OF_MEMORY: out of memory
=== Source Location Trace: === 
external/xla/xla/stream_executor/cuda/cuda_status.cc:45
external/xla/xla/stream_executor/cuda/cuda_device_allocator.cc:226
external/xla/xla/stream_executor/cuda/cuda_device_allocator.cc:403

E0728 07:23:00.221005   95775 cuda_executor.cc:1176] [0] Failed to allocate device memory of 42.61GiB (45752803328 bytes): RESOURCE_EXHAUSTED: : CUDA_ERROR_OUT_OF_MEMORY: out of memory
=== Source Location Trace: === 
external/xla/xla/stream_executor/cuda/cuda_status.cc:45
external/xla/xla/stream_executor/cuda/cuda_device_allocator.cc:226
external/xla/xla/stream_executor/cuda/cuda_device_allocator.cc:403

E0728 07:23:00.221064   95775 cuda_executor.cc:1176] [0] Failed to allocate device memory of 38.35GiB (41177522176 bytes): RESOURCE_EXHAUSTED: : CUDA_ERROR_OUT_OF_MEMORY: out of memory
=== Source Location Trace: === 
external/xla/xla/stream_executor/cuda/cuda_status.cc:45
external/xla/xla/stream_executor/cuda/cuda_device_allocator.cc:226
external/xla/xla/stream_executor/cuda/cuda_device_allocator.cc:403

E0728 07:23:00.221129   95775 cuda_executor.cc:1176] [0] Failed to allocate device memory of 34.51GiB (37059768320 bytes): RESOURCE_EXHAUSTED: : CUDA_ERROR_OUT_OF_MEMORY: out of memory
=== Source Location Trace: === 
external/xla/xla/stream_executor/cuda/cuda_status.cc:45
external/xla/xla/stream_executor/cuda/cuda_device_allocator.cc:226
external/xla/xla/stream_executor/cuda/cuda_device_allocator.cc:403

E0728 07:23:00.221186   95775 cuda_executor.cc:1176] [0] Failed to allocate device memory of 31.06GiB (33353791488 bytes): RESOURCE_EXHAUSTED: : CUDA_ERROR_OUT_OF_MEMORY: out of memory
=== Source Location Trace: === 
external/xla/xla/stream_executor/cuda/cuda_status.cc:45
external/xla/xla/stream_executor/cuda/cuda_device_allocator.cc:226
external/xla/xla/stream_executor/cuda/cuda_device_allocator.cc:403

E0728 07:23:00.221237   95775 cuda_executor.cc:1176] [0] Failed to allocate device memory of 27.96GiB (30018412544 bytes): RESOURCE_EXHAUSTED: : CUDA_ERROR_OUT_OF_MEMORY: out of memory
=== Source Location Trace: === 
external/xla/xla/stream_executor/cuda/cuda_status.cc:45
external/xla/xla/stream_executor/cuda/cuda_device_allocator.cc:226
external/xla/xla/stream_executor/cuda/cuda_device_allocator.cc:403

E0728 07:23:00.221288   95775 cuda_executor.cc:1176] [0] Failed to allocate device memory of 25.16GiB (27016570880 bytes): RESOURCE_EXHAUSTED: : CUDA_ERROR_OUT_OF_MEMORY: out of memory
=== Source Location Trace: === 
external/xla/xla/stream_executor/cuda/cuda_status.cc:45
external/xla/xla/stream_executor/cuda/cuda_device_allocator.cc:226
external/xla/xla/stream_executor/cuda/cuda_device_allocator.cc:403

E0728 07:23:00.221337   95775 cuda_executor.cc:1176] [0] Failed to allocate device memory of 22.64GiB (24314912768 bytes): RESOURCE_EXHAUSTED: : CUDA_ERROR_OUT_OF_MEMORY: out of memory
=== Source Location Trace: === 
external/xla/xla/stream_executor/cuda/cuda_status.cc:45
external/xla/xla/stream_executor/cuda/cuda_device_allocator.cc:226
external/xla/xla/stream_executor/cuda/cuda_device_allocator.cc:403

E0728 07:23:00.221385   95775 cuda_executor.cc:1176] [0] Failed to allocate device memory of 20.38GiB (21883420672 bytes): RESOURCE_EXHAUSTED: : CUDA_ERROR_OUT_OF_MEMORY: out of memory
=== Source Location Trace: === 
external/xla/xla/stream_executor/cuda/cuda_status.cc:45
external/xla/xla/stream_executor/cuda/cuda_device_allocator.cc:226
external/xla/xla/stream_executor/cuda/cuda_device_allocator.cc:403

E0728 07:23:00.221432   95775 cuda_executor.cc:1176] [0] Failed to allocate device memory of 18.34GiB (19695077376 bytes): RESOURCE_EXHAUSTED: : CUDA_ERROR_OUT_OF_MEMORY: out of memory
=== Source Location Trace: === 
external/xla/xla/stream_executor/cuda/cuda_status.cc:45
external/xla/xla/stream_executor/cuda/cuda_device_allocator.cc:226
external/xla/xla/stream_executor/cuda/cuda_device_allocator.cc:403

E0728 07:23:00.221479   95775 cuda_executor.cc:1176] [0] Failed to allocate device memory of 16.51GiB (17725569024 bytes): RESOURCE_EXHAUSTED: : CUDA_ERROR_OUT_OF_MEMORY: out of memory
=== Source Location Trace: === 
external/xla/xla/stream_executor/cuda/cuda_status.cc:45
external/xla/xla/stream_executor/cuda/cuda_device_allocator.cc:226
external/xla/xla/stream_executor/cuda/cuda_device_allocator.cc:403

E0728 07:23:00.221524   95775 cuda_executor.cc:1176] [0] Failed to allocate device memory of 14.86GiB (15953011712 bytes): RESOURCE_EXHAUSTED: : CUDA_ERROR_OUT_OF_MEMORY: out of memory
=== Source Location Trace: === 
external/xla/xla/stream_executor/cuda/cuda_status.cc:45
external/xla/xla/stream_executor/cuda/cuda_device_allocator.cc:226
external/xla/xla/stream_executor/cuda/cuda_device_allocator.cc:403

E0728 07:23:00.221568   95775 cuda_executor.cc:1176] [0] Failed to allocate device memory of 13.37GiB (14357709824 bytes): RESOURCE_EXHAUSTED: : CUDA_ERROR_OUT_OF_MEMORY: out of memory
=== Source Location Trace: === 
external/xla/xla/stream_executor/cuda/cuda_status.cc:45
external/xla/xla/stream_executor/cuda/cuda_device_allocator.cc:226
external/xla/xla/stream_executor/cuda/cuda_device_allocator.cc:403

E0728 07:23:00.221611   95775 cuda_executor.cc:1176] [0] Failed to allocate device memory of 12.03GiB (12921938944 bytes): RESOURCE_EXHAUSTED: : CUDA_ERROR_OUT_OF_MEMORY: out of memory
=== Source Location Trace: === 
external/xla/xla/stream_executor/cuda/cuda_status.cc:45
external/xla/xla/stream_executor/cuda/cuda_device_allocator.cc:226
external/xla/xla/stream_executor/cuda/cuda_device_allocator.cc:403

E0728 07:23:00.221654   95775 cuda_executor.cc:1176] [0] Failed to allocate device memory of 10.83GiB (11629745152 bytes): RESOURCE_EXHAUSTED: : CUDA_ERROR_OUT_OF_MEMORY: out of memory
=== Source Location Trace: === 
external/xla/xla/stream_executor/cuda/cuda_status.cc:45
external/xla/xla/stream_executor/cuda/cuda_device_allocator.cc:226
external/xla/xla/stream_executor/cuda/cuda_device_allocator.cc:403

E0728 07:23:00.221698   95775 cuda_executor.cc:1176] [0] Failed to allocate device memory of 9.75GiB (10466769920 bytes): RESOURCE_EXHAUSTED: : CUDA_ERROR_OUT_OF_MEMORY: out of memory
=== Source Location Trace: === 
external/xla/xla/stream_executor/cuda/cuda_status.cc:45
external/xla/xla/stream_executor/cuda/cuda_device_allocator.cc:226
external/xla/xla/stream_executor/cuda/cuda_device_allocator.cc:403

E0728 07:23:00.221740   95775 cuda_executor.cc:1176] [0] Failed to allocate device memory of 8.77GiB (9420092416 bytes): RESOURCE_EXHAUSTED: : CUDA_ERROR_OUT_OF_MEMORY: out of memory
=== Source Location Trace: === 
external/xla/xla/stream_executor/cuda/cuda_status.cc:45
external/xla/xla/stream_executor/cuda/cuda_device_allocator.cc:226
external/xla/xla/stream_executor/cuda/cuda_device_allocator.cc:403

E0728 07:23:00.221781   95775 cuda_executor.cc:1176] [0] Failed to allocate device memory of 7.90GiB (8478083072 bytes): RESOURCE_EXHAUSTED: : CUDA_ERROR_OUT_OF_MEMORY: out of memory
=== Source Location Trace: === 
external/xla/xla/stream_executor/cuda/cuda_status.cc:45
external/xla/xla/stream_executor/cuda/cuda_device_allocator.cc:226
external/xla/xla/stream_executor/cuda/cuda_device_allocator.cc:403

E0728 07:23:00.221824   95775 cuda_executor.cc:1176] [0] Failed to allocate device memory of 7.11GiB (7630274560 bytes): RESOURCE_EXHAUSTED: : CUDA_ERROR_OUT_OF_MEMORY: out of memory
=== Source Location Trace: === 
external/xla/xla/stream_executor/cuda/cuda_status.cc:45
external/xla/xla/stream_executor/cuda/cuda_device_allocator.cc:226
external/xla/xla/stream_executor/cuda/cuda_device_allocator.cc:403

E0728 07:23:00.221868   95775 cuda_executor.cc:1176] [0] Failed to allocate device memory of 6.40GiB (6867247104 bytes): RESOURCE_EXHAUSTED: : CUDA_ERROR_OUT_OF_MEMORY: out of memory
=== Source Location Trace: === 
external/xla/xla/stream_executor/cuda/cuda_status.cc:45
external/xla/xla/stream_executor/cuda/cuda_device_allocator.cc:226
external/xla/xla/stream_executor/cuda/cuda_device_allocator.cc:403

E0728 07:23:00.221914   95775 cuda_executor.cc:1176] [0] Failed to allocate device memory of 5.76GiB (6180521984 bytes): RESOURCE_EXHAUSTED: : CUDA_ERROR_OUT_OF_MEMORY: out of memory
=== Source Location Trace: === 
external/xla/xla/stream_executor/cuda/cuda_status.cc:45
external/xla/xla/stream_executor/cuda/cuda_device_allocator.cc:226
external/xla/xla/stream_executor/cuda/cuda_device_allocator.cc:403

E0728 07:23:00.221958   95775 cuda_executor.cc:1176] [0] Failed to allocate device memory of 5.18GiB (5562469888 bytes): RESOURCE_EXHAUSTED: : CUDA_ERROR_OUT_OF_MEMORY: out of memory
=== Source Location Trace: === 
external/xla/xla/stream_executor/cuda/cuda_status.cc:45
external/xla/xla/stream_executor/cuda/cuda_device_allocator.cc:226
external/xla/xla/stream_executor/cuda/cuda_device_allocator.cc:403

E0728 07:23:00.222000   95775 cuda_executor.cc:1176] [0] Failed to allocate device memory of 4.66GiB (5006222848 bytes): RESOURCE_EXHAUSTED: : CUDA_ERROR_OUT_OF_MEMORY: out of memory
=== Source Location Trace: === 
external/xla/xla/stream_executor/cuda/cuda_status.cc:45
external/xla/xla/stream_executor/cuda/cuda_device_allocator.cc:226
external/xla/xla/stream_executor/cuda/cuda_device_allocator.cc:403

E0728 07:23:00.222042   95775 cuda_executor.cc:1176] [0] Failed to allocate device memory of 4.20GiB (4505600512 bytes): RESOURCE_EXHAUSTED: : CUDA_ERROR_OUT_OF_MEMORY: out of memory
=== Source Location Trace: === 
external/xla/xla/stream_executor/cuda/cuda_status.cc:45
external/xla/xla/stream_executor/cuda/cuda_device_allocator.cc:226
external/xla/xla/stream_executor/cuda/cuda_device_allocator.cc:403

E0728 07:23:00.222090   95775 cuda_executor.cc:1176] [0] Failed to allocate device memory of 3.78GiB (4055040256 bytes): RESOURCE_EXHAUSTED: : CUDA_ERROR_OUT_OF_MEMORY: out of memory
=== Source Location Trace: === 
external/xla/xla/stream_executor/cuda/cuda_status.cc:45
external/xla/xla/stream_executor/cuda/cuda_device_allocator.cc:226
external/xla/xla/stream_executor/cuda/cuda_device_allocator.cc:403

E0728 07:23:00.222135   95775 cuda_executor.cc:1176] [0] Failed to allocate device memory of 3.40GiB (3649536256 bytes): RESOURCE_EXHAUSTED: : CUDA_ERROR_OUT_OF_MEMORY: out of memory
=== Source Location Trace: === 
external/xla/xla/stream_executor/cuda/cuda_status.cc:45
external/xla/xla/stream_executor/cuda/cuda_device_allocator.cc:226
external/xla/xla/stream_executor/cuda/cuda_device_allocator.cc:403

E0728 07:23:00.222176   95775 cuda_executor.cc:1176] [0] Failed to allocate device memory of 3.06GiB (3284582656 bytes): RESOURCE_EXHAUSTED: : CUDA_ERROR_OUT_OF_MEMORY: out of memory
=== Source Location Trace: === 
external/xla/xla/stream_executor/cuda/cuda_status.cc:45
external/xla/xla/stream_executor/cuda/cuda_device_allocator.cc:226
external/xla/xla/stream_executor/cuda/cuda_device_allocator.cc:403

E0728 07:23:00.222216   95775 cuda_executor.cc:1176] [0] Failed to allocate device memory of 2.75GiB (2956124416 bytes): RESOURCE_EXHAUSTED: : CUDA_ERROR_OUT_OF_MEMORY: out of memory
=== Source Location Trace: === 
external/xla/xla/stream_executor/cuda/cuda_status.cc:45
external/xla/xla/stream_executor/cuda/cuda_device_allocator.cc:226
external/xla/xla/stream_executor/cuda/cuda_device_allocator.cc:403

E0728 07:23:00.222257   95775 cuda_executor.cc:1176] [0] Failed to allocate device memory of 2.48GiB (2660512000 bytes): RESOURCE_EXHAUSTED: : CUDA_ERROR_OUT_OF_MEMORY: out of memory
=== Source Location Trace: === 
external/xla/xla/stream_executor/cuda/cuda_status.cc:45
external/xla/xla/stream_executor/cuda/cuda_device_allocator.cc:226
external/xla/xla/stream_executor/cuda/cuda_device_allocator.cc:403

E0728 07:23:00.222297   95775 cuda_executor.cc:1176] [0] Failed to allocate device memory of 2.23GiB (2394460672 bytes): RESOURCE_EXHAUSTED: : CUDA_ERROR_OUT_OF_MEMORY: out of memory
=== Source Location Trace: === 
external/xla/xla/stream_executor/cuda/cuda_status.cc:45
external/xla/xla/stream_executor/cuda/cuda_device_allocator.cc:226
external/xla/xla/stream_executor/cuda/cuda_device_allocator.cc:403

E0728 07:23:00.222337   95775 cuda_executor.cc:1176] [0] Failed to allocate device memory of 2.01GiB (2155014656 bytes): RESOURCE_EXHAUSTED: : CUDA_ERROR_OUT_OF_MEMORY: out of memory
=== Source Location Trace: === 
external/xla/xla/stream_executor/cuda/cuda_status.cc:45
external/xla/xla/stream_executor/cuda/cuda_device_allocator.cc:226
external/xla/xla/stream_executor/cuda/cuda_device_allocator.cc:403

E0728 07:23:00.222377   95775 cuda_executor.cc:1176] [0] Failed to allocate device memory of 1.81GiB (1939513088 bytes): RESOURCE_EXHAUSTED: : CUDA_ERROR_OUT_OF_MEMORY: out of memory
=== Source Location Trace: === 
external/xla/xla/stream_executor/cuda/cuda_status.cc:45
external/xla/xla/stream_executor/cuda/cuda_device_allocator.cc:226
external/xla/xla/stream_executor/cuda/cuda_device_allocator.cc:403

E0728 07:23:00.222417   95775 cuda_executor.cc:1176] [0] Failed to allocate device memory of 1.62GiB (1745561856 bytes): RESOURCE_EXHAUSTED: : CUDA_ERROR_OUT_OF_MEMORY: out of memory
=== Source Location Trace: === 
external/xla/xla/stream_executor/cuda/cuda_status.cc:45
external/xla/xla/stream_executor/cuda/cuda_device_allocator.cc:226
external/xla/xla/stream_executor/cuda/cuda_device_allocator.cc:403

E0728 07:23:00.222457   95775 cuda_executor.cc:1176] [0] Failed to allocate device memory of 1.46GiB (1571005696 bytes): RESOURCE_EXHAUSTED: : CUDA_ERROR_OUT_OF_MEMORY: out of memory
=== Source Location Trace: === 
external/xla/xla/stream_executor/cuda/cuda_status.cc:45
external/xla/xla/stream_executor/cuda/cuda_device_allocator.cc:226
external/xla/xla/stream_executor/cuda/cuda_device_allocator.cc:403

E0728 07:23:00.222497   95775 cuda_executor.cc:1176] [0] Failed to allocate device memory of 1.32GiB (1413905152 bytes): RESOURCE_EXHAUSTED: : CUDA_ERROR_OUT_OF_MEMORY: out of memory
=== Source Location Trace: === 
external/xla/xla/stream_executor/cuda/cuda_status.cc:45
external/xla/xla/stream_executor/cuda/cuda_device_allocator.cc:226
external/xla/xla/stream_executor/cuda/cuda_device_allocator.cc:403

E0728 07:23:00.222538   95775 cuda_executor.cc:1176] [0] Failed to allocate device memory of 1.18GiB (1272514560 bytes): RESOURCE_EXHAUSTED: : CUDA_ERROR_OUT_OF_MEMORY: out of memory
=== Source Location Trace: === 
external/xla/xla/stream_executor/cuda/cuda_status.cc:45
external/xla/xla/stream_executor/cuda/cuda_device_allocator.cc:226
external/xla/xla/stream_executor/cuda/cuda_device_allocator.cc:403

E0728 07:23:00.222577   95775 cuda_executor.cc:1176] [0] Failed to allocate device memory of 1.07GiB (1145263104 bytes): RESOURCE_EXHAUSTED: : CUDA_ERROR_OUT_OF_MEMORY: out of memory
=== Source Location Trace: === 
external/xla/xla/stream_executor/cuda/cuda_status.cc:45
external/xla/xla/stream_executor/cuda/cuda_device_allocator.cc:226
external/xla/xla/stream_executor/cuda/cuda_device_allocator.cc:403

E0728 07:23:00.222617   95775 cuda_executor.cc:1176] [0] Failed to allocate device memory of 982.99MiB (1030736896 bytes): RESOURCE_EXHAUSTED: : CUDA_ERROR_OUT_OF_MEMORY: out of memory
=== Source Location Trace: === 
external/xla/xla/stream_executor/cuda/cuda_status.cc:45
external/xla/xla/stream_executor/cuda/cuda_device_allocator.cc:226
external/xla/xla/stream_executor/cuda/cuda_device_allocator.cc:403

E0728 07:23:00.222656   95775 cuda_executor.cc:1176] [0] Failed to allocate device memory of 884.69MiB (927663360 bytes): RESOURCE_EXHAUSTED: : CUDA_ERROR_OUT_OF_MEMORY: out of memory
=== Source Location Trace: === 
external/xla/xla/stream_executor/cuda/cuda_status.cc:45
external/xla/xla/stream_executor/cuda/cuda_device_allocator.cc:226
external/xla/xla/stream_executor/cuda/cuda_device_allocator.cc:403

E0728 07:23:00.222695   95775 cuda_executor.cc:1176] [0] Failed to allocate device memory of 796.22MiB (834897152 bytes): RESOURCE_EXHAUSTED: : CUDA_ERROR_OUT_OF_MEMORY: out of memory
=== Source Location Trace: === 
external/xla/xla/stream_executor/cuda/cuda_status.cc:45
external/xla/xla/stream_executor/cuda/cuda_device_allocator.cc:226
external/xla/xla/stream_executor/cuda/cuda_device_allocator.cc:403

E0728 07:23:00.222734   95775 cuda_executor.cc:1176] [0] Failed to allocate device memory of 716.60MiB (751407616 bytes): RESOURCE_EXHAUSTED: : CUDA_ERROR_OUT_OF_MEMORY: out of memory
=== Source Location Trace: === 
external/xla/xla/stream_executor/cuda/cuda_status.cc:45
external/xla/xla/stream_executor/cuda/cuda_device_allocator.cc:226
external/xla/xla/stream_executor/cuda/cuda_device_allocator.cc:403

E0728 07:23:00.222774   95775 cuda_executor.cc:1176] [0] Failed to allocate device memory of 644.94MiB (676267008 bytes): RESOURCE_EXHAUSTED: : CUDA_ERROR_OUT_OF_MEMORY: out of memory
=== Source Location Trace: === 
external/xla/xla/stream_executor/cuda/cuda_status.cc:45
external/xla/xla/stream_executor/cuda/cuda_device_allocator.cc:226
external/xla/xla/stream_executor/cuda/cuda_device_allocator.cc:403

E0728 07:23:00.222813   95775 cuda_executor.cc:1176] [0] Failed to allocate device memory of 580.44MiB (608640512 bytes): RESOURCE_EXHAUSTED: : CUDA_ERROR_OUT_OF_MEMORY: out of memory
=== Source Location Trace: === 
external/xla/xla/stream_executor/cuda/cuda_status.cc:45
external/xla/xla/stream_executor/cuda/cuda_device_allocator.cc:226
external/xla/xla/stream_executor/cuda/cuda_device_allocator.cc:403

E0728 07:23:00.222852   95775 cuda_executor.cc:1176] [0] Failed to allocate device memory of 522.40MiB (547776512 bytes): RESOURCE_EXHAUSTED: : CUDA_ERROR_OUT_OF_MEMORY: out of memory
=== Source Location Trace: === 
external/xla/xla/stream_executor/cuda/cuda_status.cc:45
external/xla/xla/stream_executor/cuda/cuda_device_allocator.cc:226
external/xla/xla/stream_executor/cuda/cuda_device_allocator.cc:403

W0728 07:23:00.222854   95775 bfc_allocator.cc:590] Allocator (GPU_0_bfc) ran out of memory trying to allocate 484.00MiB (rounded to 507510784) from the lower end requested by op 
If this is caused by memory fragmentation, the environment variable 'TF_GPU_ALLOCATOR=cuda_malloc_async' may improve the situation.
Current allocation summary follows.
W0728 07:23:00.223110   95775 bfc_allocator.cc:601] ****************************************************************************************************
E0728 07:23:00.223721   95775 cuda_executor.cc:1176] [0] Failed to allocate device memory of 64.95GiB (69734498304 bytes): RESOURCE_EXHAUSTED: : CUDA_ERROR_OUT_OF_MEMORY: out of memory
=== Source Location Trace: === 
external/xla/xla/stream_executor/cuda/cuda_status.cc:45
external/xla/xla/stream_executor/cuda/cuda_device_allocator.cc:226
external/xla/xla/stream_executor/cuda/cuda_device_allocator.cc:403

E0728 07:23:00.223804   95775 cuda_executor.cc:1176] [0] Failed to allocate device memory of 58.45GiB (62761046016 bytes): RESOURCE_EXHAUSTED: : CUDA_ERROR_OUT_OF_MEMORY: out of memory
=== Source Location Trace: === 
external/xla/xla/stream_executor/cuda/cuda_status.cc:45
external/xla/xla/stream_executor/cuda/cuda_device_allocator.cc:226
external/xla/xla/stream_executor/cuda/cuda_device_allocator.cc:403

E0728 07:23:00.223872   95775 cuda_executor.cc:1176] [0] Failed to allocate device memory of 52.61GiB (56484941824 bytes): RESOURCE_EXHAUSTED: : CUDA_ERROR_OUT_OF_MEMORY: out of memory
=== Source Location Trace: === 
external/xla/xla/stream_executor/cuda/cuda_status.cc:45
external/xla/xla/stream_executor/cuda/cuda_device_allocator.cc:226
external/xla/xla/stream_executor/cuda/cuda_device_allocator.cc:403

E0728 07:23:00.223945   95775 cuda_executor.cc:1176] [0] Failed to allocate device memory of 47.34GiB (50836447232 bytes): RESOURCE_EXHAUSTED: : CUDA_ERROR_OUT_OF_MEMORY: out of memory
=== Source Location Trace: === 
external/xla/xla/stream_executor/cuda/cuda_status.cc:45
external/xla/xla/stream_executor/cuda/cuda_device_allocator.cc:226
external/xla/xla/stream_executor/cuda/cuda_device_allocator.cc:403

E0728 07:23:00.224007   95775 cuda_executor.cc:1176] [0] Failed to allocate device memory of 42.61GiB (45752803328 bytes): RESOURCE_EXHAUSTED: : CUDA_ERROR_OUT_OF_MEMORY: out of memory
=== Source Location Trace: === 
external/xla/xla/stream_executor/cuda/cuda_status.cc:45
external/xla/xla/stream_executor/cuda/cuda_device_allocator.cc:226
external/xla/xla/stream_executor/cuda/cuda_device_allocator.cc:403

E0728 07:23:00.224066   95775 cuda_executor.cc:1176] [0] Failed to allocate device memory of 38.35GiB (41177522176 bytes): RESOURCE_EXHAUSTED: : CUDA_ERROR_OUT_OF_MEMORY: out of memory
=== Source Location Trace: === 
external/xla/xla/stream_executor/cuda/cuda_status.cc:45
external/xla/xla/stream_executor/cuda/cuda_device_allocator.cc:226
external/xla/xla/stream_executor/cuda/cuda_device_allocator.cc:403

E0728 07:23:00.224140   95775 cuda_executor.cc:1176] [0] Failed to allocate device memory of 34.51GiB (37059768320 bytes): RESOURCE_EXHAUSTED: : CUDA_ERROR_OUT_OF_MEMORY: out of memory
=== Source Location Trace: === 
external/xla/xla/stream_executor/cuda/cuda_status.cc:45
external/xla/xla/stream_executor/cuda/cuda_device_allocator.cc:226
external/xla/xla/stream_executor/cuda/cuda_device_allocator.cc:403

E0728 07:23:00.224205   95775 cuda_executor.cc:1176] [0] Failed to allocate device memory of 31.06GiB (33353791488 bytes): RESOURCE_EXHAUSTED: : CUDA_ERROR_OUT_OF_MEMORY: out of memory
=== Source Location Trace: === 
external/xla/xla/stream_executor/cuda/cuda_status.cc:45
external/xla/xla/stream_executor/cuda/cuda_device_allocator.cc:226
external/xla/xla/stream_executor/cuda/cuda_device_allocator.cc:403

E0728 07:23:00.224257   95775 cuda_executor.cc:1176] [0] Failed to allocate device memory of 27.96GiB (30018412544 bytes): RESOURCE_EXHAUSTED: : CUDA_ERROR_OUT_OF_MEMORY: out of memory
=== Source Location Trace: === 
external/xla/xla/stream_executor/cuda/cuda_status.cc:45
external/xla/xla/stream_executor/cuda/cuda_device_allocator.cc:226
external/xla/xla/stream_executor/cuda/cuda_device_allocator.cc:403

E0728 07:23:00.224307   95775 cuda_executor.cc:1176] [0] Failed to allocate device memory of 25.16GiB (27016570880 bytes): RESOURCE_EXHAUSTED: : CUDA_ERROR_OUT_OF_MEMORY: out of memory
=== Source Location Trace: === 
external/xla/xla/stream_executor/cuda/cuda_status.cc:45
external/xla/xla/stream_executor/cuda/cuda_device_allocator.cc:226
external/xla/xla/stream_executor/cuda/cuda_device_allocator.cc:403

E0728 07:23:00.224361   95775 cuda_executor.cc:1176] [0] Failed to allocate device memory of 22.64GiB (24314912768 bytes): RESOURCE_EXHAUSTED: : CUDA_ERROR_OUT_OF_MEMORY: out of memory
=== Source Location Trace: === 
external/xla/xla/stream_executor/cuda/cuda_status.cc:45
external/xla/xla/stream_executor/cuda/cuda_device_allocator.cc:226
external/xla/xla/stream_executor/cuda/cuda_device_allocator.cc:403

E0728 07:23:00.224409   95775 cuda_executor.cc:1176] [0] Failed to allocate device memory of 20.38GiB (21883420672 bytes): RESOURCE_EXHAUSTED: : CUDA_ERROR_OUT_OF_MEMORY: out of memory
=== Source Location Trace: === 
external/xla/xla/stream_executor/cuda/cuda_status.cc:45
external/xla/xla/stream_executor/cuda/cuda_device_allocator.cc:226
external/xla/xla/stream_executor/cuda/cuda_device_allocator.cc:403

E0728 07:23:00.224457   95775 cuda_executor.cc:1176] [0] Failed to allocate device memory of 18.34GiB (19695077376 bytes): RESOURCE_EXHAUSTED: : CUDA_ERROR_OUT_OF_MEMORY: out of memory
=== Source Location Trace: === 
external/xla/xla/stream_executor/cuda/cuda_status.cc:45
external/xla/xla/stream_executor/cuda/cuda_device_allocator.cc:226
external/xla/xla/stream_executor/cuda/cuda_device_allocator.cc:403

E0728 07:23:00.224503   95775 cuda_executor.cc:1176] [0] Failed to allocate device memory of 16.51GiB (17725569024 bytes): RESOURCE_EXHAUSTED: : CUDA_ERROR_OUT_OF_MEMORY: out of memory
=== Source Location Trace: === 
external/xla/xla/stream_executor/cuda/cuda_status.cc:45
external/xla/xla/stream_executor/cuda/cuda_device_allocator.cc:226
external/xla/xla/stream_executor/cuda/cuda_device_allocator.cc:403

E0728 07:23:00.224552   95775 cuda_executor.cc:1176] [0] Failed to allocate device memory of 14.86GiB (15953011712 bytes): RESOURCE_EXHAUSTED: : CUDA_ERROR_OUT_OF_MEMORY: out of memory
=== Source Location Trace: === 
external/xla/xla/stream_executor/cuda/cuda_status.cc:45
external/xla/xla/stream_executor/cuda/cuda_device_allocator.cc:226
external/xla/xla/stream_executor/cuda/cuda_device_allocator.cc:403

E0728 07:23:00.224596   95775 cuda_executor.cc:1176] [0] Failed to allocate device memory of 13.37GiB (14357709824 bytes): RESOURCE_EXHAUSTED: : CUDA_ERROR_OUT_OF_MEMORY: out of memory
=== Source Location Trace: === 
external/xla/xla/stream_executor/cuda/cuda_status.cc:45
external/xla/xla/stream_executor/cuda/cuda_device_allocator.cc:226
external/xla/xla/stream_executor/cuda/cuda_device_allocator.cc:403

E0728 07:23:00.224639   95775 cuda_executor.cc:1176] [0] Failed to allocate device memory of 12.03GiB (12921938944 bytes): RESOURCE_EXHAUSTED: : CUDA_ERROR_OUT_OF_MEMORY: out of memory
=== Source Location Trace: === 
external/xla/xla/stream_executor/cuda/cuda_status.cc:45
external/xla/xla/stream_executor/cuda/cuda_device_allocator.cc:226
external/xla/xla/stream_executor/cuda/cuda_device_allocator.cc:403

E0728 07:23:00.224682   95775 cuda_executor.cc:1176] [0] Failed to allocate device memory of 10.83GiB (11629745152 bytes): RESOURCE_EXHAUSTED: : CUDA_ERROR_OUT_OF_MEMORY: out of memory
=== Source Location Trace: === 
external/xla/xla/stream_executor/cuda/cuda_status.cc:45
external/xla/xla/stream_executor/cuda/cuda_device_allocator.cc:226
external/xla/xla/stream_executor/cuda/cuda_device_allocator.cc:403

E0728 07:23:00.224724   95775 cuda_executor.cc:1176] [0] Failed to allocate device memory of 9.75GiB (10466769920 bytes): RESOURCE_EXHAUSTED: : CUDA_ERROR_OUT_OF_MEMORY: out of memory
=== Source Location Trace: === 
external/xla/xla/stream_executor/cuda/cuda_status.cc:45
external/xla/xla/stream_executor/cuda/cuda_device_allocator.cc:226
external/xla/xla/stream_executor/cuda/cuda_device_allocator.cc:403

E0728 07:23:00.224766   95775 cuda_executor.cc:1176] [0] Failed to allocate device memory of 8.77GiB (9420092416 bytes): RESOURCE_EXHAUSTED: : CUDA_ERROR_OUT_OF_MEMORY: out of memory
=== Source Location Trace: === 
external/xla/xla/stream_executor/cuda/cuda_status.cc:45
external/xla/xla/stream_executor/cuda/cuda_device_allocator.cc:226
external/xla/xla/stream_executor/cuda/cuda_device_allocator.cc:403

E0728 07:23:00.224811   95775 cuda_executor.cc:1176] [0] Failed to allocate device memory of 7.90GiB (8478083072 bytes): RESOURCE_EXHAUSTED: : CUDA_ERROR_OUT_OF_MEMORY: out of memory
=== Source Location Trace: === 
external/xla/xla/stream_executor/cuda/cuda_status.cc:45
external/xla/xla/stream_executor/cuda/cuda_device_allocator.cc:226
external/xla/xla/stream_executor/cuda/cuda_device_allocator.cc:403

E0728 07:23:00.224856   95775 cuda_executor.cc:1176] [0] Failed to allocate device memory of 7.11GiB (7630274560 bytes): RESOURCE_EXHAUSTED: : CUDA_ERROR_OUT_OF_MEMORY: out of memory
=== Source Location Trace: === 
external/xla/xla/stream_executor/cuda/cuda_status.cc:45
external/xla/xla/stream_executor/cuda/cuda_device_allocator.cc:226
external/xla/xla/stream_executor/cuda/cuda_device_allocator.cc:403

E0728 07:23:00.224904   95775 cuda_executor.cc:1176] [0] Failed to allocate device memory of 6.40GiB (6867247104 bytes): RESOURCE_EXHAUSTED: : CUDA_ERROR_OUT_OF_MEMORY: out of memory
=== Source Location Trace: === 
external/xla/xla/stream_executor/cuda/cuda_status.cc:45
external/xla/xla/stream_executor/cuda/cuda_device_allocator.cc:226
external/xla/xla/stream_executor/cuda/cuda_device_allocator.cc:403

E0728 07:23:00.224948   95775 cuda_executor.cc:1176] [0] Failed to allocate device memory of 5.76GiB (6180521984 bytes): RESOURCE_EXHAUSTED: : CUDA_ERROR_OUT_OF_MEMORY: out of memory
=== Source Location Trace: === 
external/xla/xla/stream_executor/cuda/cuda_status.cc:45
external/xla/xla/stream_executor/cuda/cuda_device_allocator.cc:226
external/xla/xla/stream_executor/cuda/cuda_device_allocator.cc:403

E0728 07:23:00.224990   95775 cuda_executor.cc:1176] [0] Failed to allocate device memory of 5.18GiB (5562469888 bytes): RESOURCE_EXHAUSTED: : CUDA_ERROR_OUT_OF_MEMORY: out of memory
=== Source Location Trace: === 
external/xla/xla/stream_executor/cuda/cuda_status.cc:45
external/xla/xla/stream_executor/cuda/cuda_device_allocator.cc:226
external/xla/xla/stream_executor/cuda/cuda_device_allocator.cc:403

E0728 07:23:00.225032   95775 cuda_executor.cc:1176] [0] Failed to allocate device memory of 4.66GiB (5006222848 bytes): RESOURCE_EXHAUSTED: : CUDA_ERROR_OUT_OF_MEMORY: out of memory
=== Source Location Trace: === 
external/xla/xla/stream_executor/cuda/cuda_status.cc:45
external/xla/xla/stream_executor/cuda/cuda_device_allocator.cc:226
external/xla/xla/stream_executor/cuda/cuda_device_allocator.cc:403

E0728 07:23:00.225081   95775 cuda_executor.cc:1176] [0] Failed to allocate device memory of 4.20GiB (4505600512 bytes): RESOURCE_EXHAUSTED: : CUDA_ERROR_OUT_OF_MEMORY: out of memory
=== Source Location Trace: === 
external/xla/xla/stream_executor/cuda/cuda_status.cc:45
external/xla/xla/stream_executor/cuda/cuda_device_allocator.cc:226
external/xla/xla/stream_executor/cuda/cuda_device_allocator.cc:403

E0728 07:23:00.225126   95775 cuda_executor.cc:1176] [0] Failed to allocate device memory of 3.78GiB (4055040256 bytes): RESOURCE_EXHAUSTED: : CUDA_ERROR_OUT_OF_MEMORY: out of memory
=== Source Location Trace: === 
external/xla/xla/stream_executor/cuda/cuda_status.cc:45
external/xla/xla/stream_executor/cuda/cuda_device_allocator.cc:226
external/xla/xla/stream_executor/cuda/cuda_device_allocator.cc:403

E0728 07:23:00.225168   95775 cuda_executor.cc:1176] [0] Failed to allocate device memory of 3.40GiB (3649536256 bytes): RESOURCE_EXHAUSTED: : CUDA_ERROR_OUT_OF_MEMORY: out of memory
=== Source Location Trace: === 
external/xla/xla/stream_executor/cuda/cuda_status.cc:45
external/xla/xla/stream_executor/cuda/cuda_device_allocator.cc:226
external/xla/xla/stream_executor/cuda/cuda_device_allocator.cc:403

E0728 07:23:00.225209   95775 cuda_executor.cc:1176] [0] Failed to allocate device memory of 3.06GiB (3284582656 bytes): RESOURCE_EXHAUSTED: : CUDA_ERROR_OUT_OF_MEMORY: out of memory
=== Source Location Trace: === 
external/xla/xla/stream_executor/cuda/cuda_status.cc:45
external/xla/xla/stream_executor/cuda/cuda_device_allocator.cc:226
external/xla/xla/stream_executor/cuda/cuda_device_allocator.cc:403

E0728 07:23:00.225254   95775 cuda_executor.cc:1176] [0] Failed to allocate device memory of 2.75GiB (2956124416 bytes): RESOURCE_EXHAUSTED: : CUDA_ERROR_OUT_OF_MEMORY: out of memory
=== Source Location Trace: === 
external/xla/xla/stream_executor/cuda/cuda_status.cc:45
external/xla/xla/stream_executor/cuda/cuda_device_allocator.cc:226
external/xla/xla/stream_executor/cuda/cuda_device_allocator.cc:403

E0728 07:23:00.225294   95775 cuda_executor.cc:1176] [0] Failed to allocate device memory of 2.48GiB (2660512000 bytes): RESOURCE_EXHAUSTED: : CUDA_ERROR_OUT_OF_MEMORY: out of memory
=== Source Location Trace: === 
external/xla/xla/stream_executor/cuda/cuda_status.cc:45
external/xla/xla/stream_executor/cuda/cuda_device_allocator.cc:226
external/xla/xla/stream_executor/cuda/cuda_device_allocator.cc:403

E0728 07:23:00.225335   95775 cuda_executor.cc:1176] [0] Failed to allocate device memory of 2.23GiB (2394460672 bytes): RESOURCE_EXHAUSTED: : CUDA_ERROR_OUT_OF_MEMORY: out of memory
=== Source Location Trace: === 
external/xla/xla/stream_executor/cuda/cuda_status.cc:45
external/xla/xla/stream_executor/cuda/cuda_device_allocator.cc:226
external/xla/xla/stream_executor/cuda/cuda_device_allocator.cc:403

E0728 07:23:00.225375   95775 cuda_executor.cc:1176] [0] Failed to allocate device memory of 2.01GiB (2155014656 bytes): RESOURCE_EXHAUSTED: : CUDA_ERROR_OUT_OF_MEMORY: out of memory
=== Source Location Trace: === 
external/xla/xla/stream_executor/cuda/cuda_status.cc:45
external/xla/xla/stream_executor/cuda/cuda_device_allocator.cc:226
external/xla/xla/stream_executor/cuda/cuda_device_allocator.cc:403

E0728 07:23:00.225416   95775 cuda_executor.cc:1176] [0] Failed to allocate device memory of 1.81GiB (1939513088 bytes): RESOURCE_EXHAUSTED: : CUDA_ERROR_OUT_OF_MEMORY: out of memory
=== Source Location Trace: === 
external/xla/xla/stream_executor/cuda/cuda_status.cc:45
external/xla/xla/stream_executor/cuda/cuda_device_allocator.cc:226
external/xla/xla/stream_executor/cuda/cuda_device_allocator.cc:403

E0728 07:23:00.225456   95775 cuda_executor.cc:1176] [0] Failed to allocate device memory of 1.62GiB (1745561856 bytes): RESOURCE_EXHAUSTED: : CUDA_ERROR_OUT_OF_MEMORY: out of memory
=== Source Location Trace: === 
external/xla/xla/stream_executor/cuda/cuda_status.cc:45
external/xla/xla/stream_executor/cuda/cuda_device_allocator.cc:226
external/xla/xla/stream_executor/cuda/cuda_device_allocator.cc:403

E0728 07:23:00.225496   95775 cuda_executor.cc:1176] [0] Failed to allocate device memory of 1.46GiB (1571005696 bytes): RESOURCE_EXHAUSTED: : CUDA_ERROR_OUT_OF_MEMORY: out of memory
=== Source Location Trace: === 
external/xla/xla/stream_executor/cuda/cuda_status.cc:45
external/xla/xla/stream_executor/cuda/cuda_device_allocator.cc:226
external/xla/xla/stream_executor/cuda/cuda_device_allocator.cc:403

E0728 07:23:00.225536   95775 cuda_executor.cc:1176] [0] Failed to allocate device memory of 1.32GiB (1413905152 bytes): RESOURCE_EXHAUSTED: : CUDA_ERROR_OUT_OF_MEMORY: out of memory
=== Source Location Trace: === 
external/xla/xla/stream_executor/cuda/cuda_status.cc:45
external/xla/xla/stream_executor/cuda/cuda_device_allocator.cc:226
external/xla/xla/stream_executor/cuda/cuda_device_allocator.cc:403

E0728 07:23:00.225575   95775 cuda_executor.cc:1176] [0] Failed to allocate device memory of 1.18GiB (1272514560 bytes): RESOURCE_EXHAUSTED: : CUDA_ERROR_OUT_OF_MEMORY: out of memory
=== Source Location Trace: === 
external/xla/xla/stream_executor/cuda/cuda_status.cc:45
external/xla/xla/stream_executor/cuda/cuda_device_allocator.cc:226
external/xla/xla/stream_executor/cuda/cuda_device_allocator.cc:403

E0728 07:23:00.225615   95775 cuda_executor.cc:1176] [0] Failed to allocate device memory of 1.07GiB (1145263104 bytes): RESOURCE_EXHAUSTED: : CUDA_ERROR_OUT_OF_MEMORY: out of memory
=== Source Location Trace: === 
external/xla/xla/stream_executor/cuda/cuda_status.cc:45
external/xla/xla/stream_executor/cuda/cuda_device_allocator.cc:226
external/xla/xla/stream_executor/cuda/cuda_device_allocator.cc:403

E0728 07:23:00.225657   95775 cuda_executor.cc:1176] [0] Failed to allocate device memory of 982.99MiB (1030736896 bytes): RESOURCE_EXHAUSTED: : CUDA_ERROR_OUT_OF_MEMORY: out of memory
=== Source Location Trace: === 
external/xla/xla/stream_executor/cuda/cuda_status.cc:45
external/xla/xla/stream_executor/cuda/cuda_device_allocator.cc:226
external/xla/xla/stream_executor/cuda/cuda_device_allocator.cc:403

E0728 07:23:00.225696   95775 cuda_executor.cc:1176] [0] Failed to allocate device memory of 884.69MiB (927663360 bytes): RESOURCE_EXHAUSTED: : CUDA_ERROR_OUT_OF_MEMORY: out of memory
=== Source Location Trace: === 
external/xla/xla/stream_executor/cuda/cuda_status.cc:45
external/xla/xla/stream_executor/cuda/cuda_device_allocator.cc:226
external/xla/xla/stream_executor/cuda/cuda_device_allocator.cc:403

E0728 07:23:00.225735   95775 cuda_executor.cc:1176] [0] Failed to allocate device memory of 796.22MiB (834897152 bytes): RESOURCE_EXHAUSTED: : CUDA_ERROR_OUT_OF_MEMORY: out of memory
=== Source Location Trace: === 
external/xla/xla/stream_executor/cuda/cuda_status.cc:45
external/xla/xla/stream_executor/cuda/cuda_device_allocator.cc:226
external/xla/xla/stream_executor/cuda/cuda_device_allocator.cc:403

E0728 07:23:00.225775   95775 cuda_executor.cc:1176] [0] Failed to allocate device memory of 716.60MiB (751407616 bytes): RESOURCE_EXHAUSTED: : CUDA_ERROR_OUT_OF_MEMORY: out of memory
=== Source Location Trace: === 
external/xla/xla/stream_executor/cuda/cuda_status.cc:45
external/xla/xla/stream_executor/cuda/cuda_device_allocator.cc:226
external/xla/xla/stream_executor/cuda/cuda_device_allocator.cc:403

E0728 07:23:00.225814   95775 cuda_executor.cc:1176] [0] Failed to allocate device memory of 644.94MiB (676267008 bytes): RESOURCE_EXHAUSTED: : CUDA_ERROR_OUT_OF_MEMORY: out of memory
=== Source Location Trace: === 
external/xla/xla/stream_executor/cuda/cuda_status.cc:45
external/xla/xla/stream_executor/cuda/cuda_device_allocator.cc:226
external/xla/xla/stream_executor/cuda/cuda_device_allocator.cc:403

E0728 07:23:00.225853   95775 cuda_executor.cc:1176] [0] Failed to allocate device memory of 580.44MiB (608640512 bytes): RESOURCE_EXHAUSTED: : CUDA_ERROR_OUT_OF_MEMORY: out of memory
=== Source Location Trace: === 
external/xla/xla/stream_executor/cuda/cuda_status.cc:45
external/xla/xla/stream_executor/cuda/cuda_device_allocator.cc:226
external/xla/xla/stream_executor/cuda/cuda_device_allocator.cc:403

E0728 07:23:00.225897   95775 cuda_executor.cc:1176] [0] Failed to allocate device memory of 522.40MiB (547776512 bytes): RESOURCE_EXHAUSTED: : CUDA_ERROR_OUT_OF_MEMORY: out of memory
=== Source Location Trace: === 
external/xla/xla/stream_executor/cuda/cuda_status.cc:45
external/xla/xla/stream_executor/cuda/cuda_device_allocator.cc:226
external/xla/xla/stream_executor/cuda/cuda_device_allocator.cc:403

E0728 07:23:00.289623   95775 cuda_executor.cc:1176] [0] Failed to allocate device memory of 64.48GiB (69239570432 bytes): RESOURCE_EXHAUSTED: : CUDA_ERROR_OUT_OF_MEMORY: out of memory
=== Source Location Trace: === 
external/xla/xla/stream_executor/cuda/cuda_status.cc:45
external/xla/xla/stream_executor/cuda/cuda_device_allocator.cc:226
external/xla/xla/stream_executor/cuda/cuda_device_allocator.cc:403

E0728 07:23:00.289724   95775 cuda_executor.cc:1176] [0] Failed to allocate device memory of 58.04GiB (62315610112 bytes): RESOURCE_EXHAUSTED: : CUDA_ERROR_OUT_OF_MEMORY: out of memory
=== Source Location Trace: === 
external/xla/xla/stream_executor/cuda/cuda_status.cc:45
external/xla/xla/stream_executor/cuda/cuda_device_allocator.cc:226
external/xla/xla/stream_executor/cuda/cuda_device_allocator.cc:403

E0728 07:23:00.289789   95775 cuda_executor.cc:1176] [0] Failed to allocate device memory of 52.23GiB (56084045824 bytes): RESOURCE_EXHAUSTED: : CUDA_ERROR_OUT_OF_MEMORY: out of memory
=== Source Location Trace: === 
external/xla/xla/stream_executor/cuda/cuda_status.cc:45
external/xla/xla/stream_executor/cuda/cuda_device_allocator.cc:226
external/xla/xla/stream_executor/cuda/cuda_device_allocator.cc:403

E0728 07:23:00.289857   95775 cuda_executor.cc:1176] [0] Failed to allocate device memory of 47.01GiB (50475638784 bytes): RESOURCE_EXHAUSTED: : CUDA_ERROR_OUT_OF_MEMORY: out of memory
=== Source Location Trace: === 
external/xla/xla/stream_executor/cuda/cuda_status.cc:45
external/xla/xla/stream_executor/cuda/cuda_device_allocator.cc:226
external/xla/xla/stream_executor/cuda/cuda_device_allocator.cc:403

E0728 07:23:00.289924   95775 cuda_executor.cc:1176] [0] Failed to allocate device memory of 42.31GiB (45428072448 bytes): RESOURCE_EXHAUSTED: : CUDA_ERROR_OUT_OF_MEMORY: out of memory
=== Source Location Trace: === 
external/xla/xla/stream_executor/cuda/cuda_status.cc:45
external/xla/xla/stream_executor/cuda/cuda_device_allocator.cc:226
external/xla/xla/stream_executor/cuda/cuda_device_allocator.cc:403

E0728 07:23:00.289981   95775 cuda_executor.cc:1176] [0] Failed to allocate device memory of 38.08GiB (40885264384 bytes): RESOURCE_EXHAUSTED: : CUDA_ERROR_OUT_OF_MEMORY: out of memory
=== Source Location Trace: === 
external/xla/xla/stream_executor/cuda/cuda_status.cc:45
external/xla/xla/stream_executor/cuda/cuda_device_allocator.cc:226
external/xla/xla/stream_executor/cuda/cuda_device_allocator.cc:403

E0728 07:23:00.290034   95775 cuda_executor.cc:1176] [0] Failed to allocate device memory of 34.27GiB (36796735488 bytes): RESOURCE_EXHAUSTED: : CUDA_ERROR_OUT_OF_MEMORY: out of memory
=== Source Location Trace: === 
external/xla/xla/stream_executor/cuda/cuda_status.cc:45
external/xla/xla/stream_executor/cuda/cuda_device_allocator.cc:226
external/xla/xla/stream_executor/cuda/cuda_device_allocator.cc:403

E0728 07:23:00.290106   95775 cuda_executor.cc:1176] [0] Failed to allocate device memory of 30.84GiB (33117061120 bytes): RESOURCE_EXHAUSTED: : CUDA_ERROR_OUT_OF_MEMORY: out of memory
=== Source Location Trace: === 
external/xla/xla/stream_executor/cuda/cuda_status.cc:45
external/xla/xla/stream_executor/cuda/cuda_device_allocator.cc:226
external/xla/xla/stream_executor/cuda/cuda_device_allocator.cc:403

E0728 07:23:00.290607   95775 cuda_executor.cc:1176] [0] Failed to allocate device memory of 27.76GiB (29805355008 bytes): RESOURCE_EXHAUSTED: : CUDA_ERROR_OUT_OF_MEMORY: out of memory
=== Source Location Trace: === 
external/xla/xla/stream_executor/cuda/cuda_status.cc:45
external/xla/xla/stream_executor/cuda/cuda_device_allocator.cc:226
external/xla/xla/stream_executor/cuda/cuda_device_allocator.cc:403

E0728 07:23:00.290673   95775 cuda_executor.cc:1176] [0] Failed to allocate device memory of 24.98GiB (26824818688 bytes): RESOURCE_EXHAUSTED: : CUDA_ERROR_OUT_OF_MEMORY: out of memory
=== Source Location Trace: === 
external/xla/xla/stream_executor/cuda/cuda_status.cc:45
external/xla/xla/stream_executor/cuda/cuda_device_allocator.cc:226
external/xla/xla/stream_executor/cuda/cuda_device_allocator.cc:403

E0728 07:23:00.290722   95775 cuda_executor.cc:1176] [0] Failed to allocate device memory of 22.48GiB (24142336000 bytes): RESOURCE_EXHAUSTED: : CUDA_ERROR_OUT_OF_MEMORY: out of memory
=== Source Location Trace: === 
external/xla/xla/stream_executor/cuda/cuda_status.cc:45
external/xla/xla/stream_executor/cuda/cuda_device_allocator.cc:226
external/xla/xla/stream_executor/cuda/cuda_device_allocator.cc:403

E0728 07:23:00.290768   95775 cuda_executor.cc:1176] [0] Failed to allocate device memory of 20.24GiB (21728102400 bytes): RESOURCE_EXHAUSTED: : CUDA_ERROR_OUT_OF_MEMORY: out of memory
=== Source Location Trace: === 
external/xla/xla/stream_executor/cuda/cuda_status.cc:45
external/xla/xla/stream_executor/cuda/cuda_device_allocator.cc:226
external/xla/xla/stream_executor/cuda/cuda_device_allocator.cc:403

E0728 07:23:00.290814   95775 cuda_executor.cc:1176] [0] Failed to allocate device memory of 18.21GiB (19555291136 bytes): RESOURCE_EXHAUSTED: : CUDA_ERROR_OUT_OF_MEMORY: out of memory
=== Source Location Trace: === 
external/xla/xla/stream_executor/cuda/cuda_status.cc:45
external/xla/xla/stream_executor/cuda/cuda_device_allocator.cc:226
external/xla/xla/stream_executor/cuda/cuda_device_allocator.cc:403

E0728 07:23:00.290867   95775 cuda_executor.cc:1176] [0] Failed to allocate device memory of 16.39GiB (17599762432 bytes): RESOURCE_EXHAUSTED: : CUDA_ERROR_OUT_OF_MEMORY: out of memory
=== Source Location Trace: === 
external/xla/xla/stream_executor/cuda/cuda_status.cc:45
external/xla/xla/stream_executor/cuda/cuda_device_allocator.cc:226
external/xla/xla/stream_executor/cuda/cuda_device_allocator.cc:403

E0728 07:23:00.290929   95775 cuda_executor.cc:1176] [0] Failed to allocate device memory of 14.75GiB (15839785984 bytes): RESOURCE_EXHAUSTED: : CUDA_ERROR_OUT_OF_MEMORY: out of memory
=== Source Location Trace: === 
external/xla/xla/stream_executor/cuda/cuda_status.cc:45
external/xla/xla/stream_executor/cuda/cuda_device_allocator.cc:226
external/xla/xla/stream_executor/cuda/cuda_device_allocator.cc:403

E0728 07:23:00.290972   95775 cuda_executor.cc:1176] [0] Failed to allocate device memory of 13.28GiB (14255807488 bytes): RESOURCE_EXHAUSTED: : CUDA_ERROR_OUT_OF_MEMORY: out of memory
=== Source Location Trace: === 
external/xla/xla/stream_executor/cuda/cuda_status.cc:45
external/xla/xla/stream_executor/cuda/cuda_device_allocator.cc:226
external/xla/xla/stream_executor/cuda/cuda_device_allocator.cc:403

E0728 07:23:00.291013   95775 cuda_executor.cc:1176] [0] Failed to allocate device memory of 11.95GiB (12830226432 bytes): RESOURCE_EXHAUSTED: : CUDA_ERROR_OUT_OF_MEMORY: out of memory
=== Source Location Trace: === 
external/xla/xla/stream_executor/cuda/cuda_status.cc:45
external/xla/xla/stream_executor/cuda/cuda_device_allocator.cc:226
external/xla/xla/stream_executor/cuda/cuda_device_allocator.cc:403

E0728 07:23:00.291054   95775 cuda_executor.cc:1176] [0] Failed to allocate device memory of 10.75GiB (11547203584 bytes): RESOURCE_EXHAUSTED: : CUDA_ERROR_OUT_OF_MEMORY: out of memory
=== Source Location Trace: === 
external/xla/xla/stream_executor/cuda/cuda_status.cc:45
external/xla/xla/stream_executor/cuda/cuda_device_allocator.cc:226
external/xla/xla/stream_executor/cuda/cuda_device_allocator.cc:403

E0728 07:23:00.291106   95775 cuda_executor.cc:1176] [0] Failed to allocate device memory of 9.68GiB (10392482816 bytes): RESOURCE_EXHAUSTED: : CUDA_ERROR_OUT_OF_MEMORY: out of memory
=== Source Location Trace: === 
external/xla/xla/stream_executor/cuda/cuda_status.cc:45
external/xla/xla/stream_executor/cuda/cuda_device_allocator.cc:226
external/xla/xla/stream_executor/cuda/cuda_device_allocator.cc:403

E0728 07:23:00.291148   95775 cuda_executor.cc:1176] [0] Failed to allocate device memory of 8.71GiB (9353234432 bytes): RESOURCE_EXHAUSTED: : CUDA_ERROR_OUT_OF_MEMORY: out of memory
=== Source Location Trace: === 
external/xla/xla/stream_executor/cuda/cuda_status.cc:45
external/xla/xla/stream_executor/cuda/cuda_device_allocator.cc:226
external/xla/xla/stream_executor/cuda/cuda_device_allocator.cc:403

E0728 07:23:00.291189   95775 cuda_executor.cc:1176] [0] Failed to allocate device memory of 7.84GiB (8417910784 bytes): RESOURCE_EXHAUSTED: : CUDA_ERROR_OUT_OF_MEMORY: out of memory
=== Source Location Trace: === 
external/xla/xla/stream_executor/cuda/cuda_status.cc:45
external/xla/xla/stream_executor/cuda/cuda_device_allocator.cc:226
external/xla/xla/stream_executor/cuda/cuda_device_allocator.cc:403

E0728 07:23:00.291313   95775 cuda_executor.cc:1176] [0] Failed to allocate device memory of 7.06GiB (7576119296 bytes): RESOURCE_EXHAUSTED: : CUDA_ERROR_OUT_OF_MEMORY: out of memory
=== Source Location Trace: === 
external/xla/xla/stream_executor/cuda/cuda_status.cc:45
external/xla/xla/stream_executor/cuda/cuda_device_allocator.cc:226
external/xla/xla/stream_executor/cuda/cuda_device_allocator.cc:403

E0728 07:23:00.291406   95775 cuda_executor.cc:1176] [0] Failed to allocate device memory of 6.35GiB (6818507264 bytes): RESOURCE_EXHAUSTED: : CUDA_ERROR_OUT_OF_MEMORY: out of memory
=== Source Location Trace: === 
external/xla/xla/stream_executor/cuda/cuda_status.cc:45
external/xla/xla/stream_executor/cuda/cuda_device_allocator.cc:226
external/xla/xla/stream_executor/cuda/cuda_device_allocator.cc:403

E0728 07:23:00.291448   95775 cuda_executor.cc:1176] [0] Failed to allocate device memory of 5.71GiB (6136656384 bytes): RESOURCE_EXHAUSTED: : CUDA_ERROR_OUT_OF_MEMORY: out of memory
=== Source Location Trace: === 
external/xla/xla/stream_executor/cuda/cuda_status.cc:45
external/xla/xla/stream_executor/cuda/cuda_device_allocator.cc:226
external/xla/xla/stream_executor/cuda/cuda_device_allocator.cc:403

E0728 07:23:00.291487   95775 cuda_executor.cc:1176] [0] Failed to allocate device memory of 5.14GiB (5522990592 bytes): RESOURCE_EXHAUSTED: : CUDA_ERROR_OUT_OF_MEMORY: out of memory
=== Source Location Trace: === 
external/xla/xla/stream_executor/cuda/cuda_status.cc:45
external/xla/xla/stream_executor/cuda/cuda_device_allocator.cc:226
external/xla/xla/stream_executor/cuda/cuda_device_allocator.cc:403

E0728 07:23:00.291525   95775 cuda_executor.cc:1176] [0] Failed to allocate device memory of 4.63GiB (4970691584 bytes): RESOURCE_EXHAUSTED: : CUDA_ERROR_OUT_OF_MEMORY: out of memory
=== Source Location Trace: === 
external/xla/xla/stream_executor/cuda/cuda_status.cc:45
external/xla/xla/stream_executor/cuda/cuda_device_allocator.cc:226
external/xla/xla/stream_executor/cuda/cuda_device_allocator.cc:403

E0728 07:23:00.291562   95775 cuda_executor.cc:1176] [0] Failed to allocate device memory of 4.17GiB (4473622528 bytes): RESOURCE_EXHAUSTED: : CUDA_ERROR_OUT_OF_MEMORY: out of memory
=== Source Location Trace: === 
external/xla/xla/stream_executor/cuda/cuda_status.cc:45
external/xla/xla/stream_executor/cuda/cuda_device_allocator.cc:226
external/xla/xla/stream_executor/cuda/cuda_device_allocator.cc:403

E0728 07:23:00.291601   95775 cuda_executor.cc:1176] [0] Failed to allocate device memory of 3.75GiB (4026260224 bytes): RESOURCE_EXHAUSTED: : CUDA_ERROR_OUT_OF_MEMORY: out of memory
=== Source Location Trace: === 
external/xla/xla/stream_executor/cuda/cuda_status.cc:45
external/xla/xla/stream_executor/cuda/cuda_device_allocator.cc:226
external/xla/xla/stream_executor/cuda/cuda_device_allocator.cc:403

E0728 07:23:00.291638   95775 cuda_executor.cc:1176] [0] Failed to allocate device memory of 3.37GiB (3623634176 bytes): RESOURCE_EXHAUSTED: : CUDA_ERROR_OUT_OF_MEMORY: out of memory
=== Source Location Trace: === 
external/xla/xla/stream_executor/cuda/cuda_status.cc:45
external/xla/xla/stream_executor/cuda/cuda_device_allocator.cc:226
external/xla/xla/stream_executor/cuda/cuda_device_allocator.cc:403

E0728 07:23:00.291675   95775 cuda_executor.cc:1176] [0] Failed to allocate device memory of 3.04GiB (3261270784 bytes): RESOURCE_EXHAUSTED: : CUDA_ERROR_OUT_OF_MEMORY: out of memory
=== Source Location Trace: === 
external/xla/xla/stream_executor/cuda/cuda_status.cc:45
external/xla/xla/stream_executor/cuda/cuda_device_allocator.cc:226
external/xla/xla/stream_executor/cuda/cuda_device_allocator.cc:403

E0728 07:23:00.291711   95775 cuda_executor.cc:1176] [0] Failed to allocate device memory of 2.73GiB (2935143680 bytes): RESOURCE_EXHAUSTED: : CUDA_ERROR_OUT_OF_MEMORY: out of memory
=== Source Location Trace: === 
external/xla/xla/stream_executor/cuda/cuda_status.cc:45
external/xla/xla/stream_executor/cuda/cuda_device_allocator.cc:226
external/xla/xla/stream_executor/cuda/cuda_device_allocator.cc:403

E0728 07:23:00.291748   95775 cuda_executor.cc:1176] [0] Failed to allocate device memory of 2.46GiB (2641629184 bytes): RESOURCE_EXHAUSTED: : CUDA_ERROR_OUT_OF_MEMORY: out of memory
=== Source Location Trace: === 
external/xla/xla/stream_executor/cuda/cuda_status.cc:45
external/xla/xla/stream_executor/cuda/cuda_device_allocator.cc:226
external/xla/xla/stream_executor/cuda/cuda_device_allocator.cc:403

E0728 07:23:00.291784   95775 cuda_executor.cc:1176] [0] Failed to allocate device memory of 2.21GiB (2377466112 bytes): RESOURCE_EXHAUSTED: : CUDA_ERROR_OUT_OF_MEMORY: out of memory
=== Source Location Trace: === 
external/xla/xla/stream_executor/cuda/cuda_status.cc:45
external/xla/xla/stream_executor/cuda/cuda_device_allocator.cc:226
external/xla/xla/stream_executor/cuda/cuda_device_allocator.cc:403

E0728 07:23:00.291822   95775 cuda_executor.cc:1176] [0] Failed to allocate device memory of 1.99GiB (2139719424 bytes): RESOURCE_EXHAUSTED: : CUDA_ERROR_OUT_OF_MEMORY: out of memory
=== Source Location Trace: === 
external/xla/xla/stream_executor/cuda/cuda_status.cc:45
external/xla/xla/stream_executor/cuda/cuda_device_allocator.cc:226
external/xla/xla/stream_executor/cuda/cuda_device_allocator.cc:403

E0728 07:23:00.291859   95775 cuda_executor.cc:1176] [0] Failed to allocate device memory of 1.79GiB (1925747456 bytes): RESOURCE_EXHAUSTED: : CUDA_ERROR_OUT_OF_MEMORY: out of memory
=== Source Location Trace: === 
external/xla/xla/stream_executor/cuda/cuda_status.cc:45
external/xla/xla/stream_executor/cuda/cuda_device_allocator.cc:226
external/xla/xla/stream_executor/cuda/cuda_device_allocator.cc:403

E0728 07:23:00.291900   95775 cuda_executor.cc:1176] [0] Failed to allocate device memory of 1.61GiB (1733172736 bytes): RESOURCE_EXHAUSTED: : CUDA_ERROR_OUT_OF_MEMORY: out of memory
=== Source Location Trace: === 
external/xla/xla/stream_executor/cuda/cuda_status.cc:45
external/xla/xla/stream_executor/cuda/cuda_device_allocator.cc:226
external/xla/xla/stream_executor/cuda/cuda_device_allocator.cc:403

E0728 07:23:00.291936   95775 cuda_executor.cc:1176] [0] Failed to allocate device memory of 1.45GiB (1559855360 bytes): RESOURCE_EXHAUSTED: : CUDA_ERROR_OUT_OF_MEMORY: out of memory
=== Source Location Trace: === 
external/xla/xla/stream_executor/cuda/cuda_status.cc:45
external/xla/xla/stream_executor/cuda/cuda_device_allocator.cc:226
external/xla/xla/stream_executor/cuda/cuda_device_allocator.cc:403

E0728 07:23:00.291972   95775 cuda_executor.cc:1176] [0] Failed to allocate device memory of 1.31GiB (1403869952 bytes): RESOURCE_EXHAUSTED: : CUDA_ERROR_OUT_OF_MEMORY: out of memory
=== Source Location Trace: === 
external/xla/xla/stream_executor/cuda/cuda_status.cc:45
external/xla/xla/stream_executor/cuda/cuda_device_allocator.cc:226
external/xla/xla/stream_executor/cuda/cuda_device_allocator.cc:403

E0728 07:23:00.292007   95775 cuda_executor.cc:1176] [0] Failed to allocate device memory of 1.18GiB (1263482880 bytes): RESOURCE_EXHAUSTED: : CUDA_ERROR_OUT_OF_MEMORY: out of memory
=== Source Location Trace: === 
external/xla/xla/stream_executor/cuda/cuda_status.cc:45
external/xla/xla/stream_executor/cuda/cuda_device_allocator.cc:226
external/xla/xla/stream_executor/cuda/cuda_device_allocator.cc:403

E0728 07:23:00.292042   95775 cuda_executor.cc:1176] [0] Failed to allocate device memory of 1.06GiB (1137134592 bytes): RESOURCE_EXHAUSTED: : CUDA_ERROR_OUT_OF_MEMORY: out of memory
=== Source Location Trace: === 
external/xla/xla/stream_executor/cuda/cuda_status.cc:45
external/xla/xla/stream_executor/cuda/cuda_device_allocator.cc:226
external/xla/xla/stream_executor/cuda/cuda_device_allocator.cc:403

E0728 07:23:00.292085   95775 cuda_executor.cc:1176] [0] Failed to allocate device memory of 976.01MiB (1023421184 bytes): RESOURCE_EXHAUSTED: : CUDA_ERROR_OUT_OF_MEMORY: out of memory
=== Source Location Trace: === 
external/xla/xla/stream_executor/cuda/cuda_status.cc:45
external/xla/xla/stream_executor/cuda/cuda_device_allocator.cc:226
external/xla/xla/stream_executor/cuda/cuda_device_allocator.cc:403

E0728 07:23:00.292122   95775 cuda_executor.cc:1176] [0] Failed to allocate device memory of 878.41MiB (921079040 bytes): RESOURCE_EXHAUSTED: : CUDA_ERROR_OUT_OF_MEMORY: out of memory
=== Source Location Trace: === 
external/xla/xla/stream_executor/cuda/cuda_status.cc:45
external/xla/xla/stream_executor/cuda/cuda_device_allocator.cc:226
external/xla/xla/stream_executor/cuda/cuda_device_allocator.cc:403

E0728 07:23:00.292157   95775 cuda_executor.cc:1176] [0] Failed to allocate device memory of 790.57MiB (828971264 bytes): RESOURCE_EXHAUSTED: : CUDA_ERROR_OUT_OF_MEMORY: out of memory
=== Source Location Trace: === 
external/xla/xla/stream_executor/cuda/cuda_status.cc:45
external/xla/xla/stream_executor/cuda/cuda_device_allocator.cc:226
external/xla/xla/stream_executor/cuda/cuda_device_allocator.cc:403

E0728 07:23:00.292194   95775 cuda_executor.cc:1176] [0] Failed to allocate device memory of 711.51MiB (746074112 bytes): RESOURCE_EXHAUSTED: : CUDA_ERROR_OUT_OF_MEMORY: out of memory
=== Source Location Trace: === 
external/xla/xla/stream_executor/cuda/cuda_status.cc:45
external/xla/xla/stream_executor/cuda/cuda_device_allocator.cc:226
external/xla/xla/stream_executor/cuda/cuda_device_allocator.cc:403

E0728 07:23:00.292229   95775 cuda_executor.cc:1176] [0] Failed to allocate device memory of 640.36MiB (671466752 bytes): RESOURCE_EXHAUSTED: : CUDA_ERROR_OUT_OF_MEMORY: out of memory
=== Source Location Trace: === 
external/xla/xla/stream_executor/cuda/cuda_status.cc:45
external/xla/xla/stream_executor/cuda/cuda_device_allocator.cc:226
external/xla/xla/stream_executor/cuda/cuda_device_allocator.cc:403

E0728 07:23:00.292263   95775 cuda_executor.cc:1176] [0] Failed to allocate device memory of 576.32MiB (604320256 bytes): RESOURCE_EXHAUSTED: : CUDA_ERROR_OUT_OF_MEMORY: out of memory
=== Source Location Trace: === 
external/xla/xla/stream_executor/cuda/cuda_status.cc:45
external/xla/xla/stream_executor/cuda/cuda_device_allocator.cc:226
external/xla/xla/stream_executor/cuda/cuda_device_allocator.cc:403

E0728 07:23:00.292298   95775 cuda_executor.cc:1176] [0] Failed to allocate device memory of 518.69MiB (543888384 bytes): RESOURCE_EXHAUSTED: : CUDA_ERROR_OUT_OF_MEMORY: out of memory
=== Source Location Trace: === 
external/xla/xla/stream_executor/cuda/cuda_status.cc:45
external/xla/xla/stream_executor/cuda/cuda_device_allocator.cc:226
external/xla/xla/stream_executor/cuda/cuda_device_allocator.cc:403

E0728 07:23:00.292392   95775 cuda_executor.cc:1176] [0] Failed to allocate device memory of 64.48GiB (69239570432 bytes): RESOURCE_EXHAUSTED: : CUDA_ERROR_OUT_OF_MEMORY: out of memory
=== Source Location Trace: === 
external/xla/xla/stream_executor/cuda/cuda_status.cc:45
external/xla/xla/stream_executor/cuda/cuda_device_allocator.cc:226
external/xla/xla/stream_executor/cuda/cuda_device_allocator.cc:403

E0728 07:23:00.292461   95775 cuda_executor.cc:1176] [0] Failed to allocate device memory of 58.04GiB (62315610112 bytes): RESOURCE_EXHAUSTED: : CUDA_ERROR_OUT_OF_MEMORY: out of memory
=== Source Location Trace: === 
external/xla/xla/stream_executor/cuda/cuda_status.cc:45
external/xla/xla/stream_executor/cuda/cuda_device_allocator.cc:226
external/xla/xla/stream_executor/cuda/cuda_device_allocator.cc:403

E0728 07:23:00.292524   95775 cuda_executor.cc:1176] [0] Failed to allocate device memory of 52.23GiB (56084045824 bytes): RESOURCE_EXHAUSTED: : CUDA_ERROR_OUT_OF_MEMORY: out of memory
=== Source Location Trace: === 
external/xla/xla/stream_executor/cuda/cuda_status.cc:45
external/xla/xla/stream_executor/cuda/cuda_device_allocator.cc:226
external/xla/xla/stream_executor/cuda/cuda_device_allocator.cc:403

E0728 07:23:00.292585   95775 cuda_executor.cc:1176] [0] Failed to allocate device memory of 47.01GiB (50475638784 bytes): RESOURCE_EXHAUSTED: : CUDA_ERROR_OUT_OF_MEMORY: out of memory
=== Source Location Trace: === 
external/xla/xla/stream_executor/cuda/cuda_status.cc:45
external/xla/xla/stream_executor/cuda/cuda_device_allocator.cc:226
external/xla/xla/stream_executor/cuda/cuda_device_allocator.cc:403

E0728 07:23:00.292643   95775 cuda_executor.cc:1176] [0] Failed to allocate device memory of 42.31GiB (45428072448 bytes): RESOURCE_EXHAUSTED: : CUDA_ERROR_OUT_OF_MEMORY: out of memory
=== Source Location Trace: === 
external/xla/xla/stream_executor/cuda/cuda_status.cc:45
external/xla/xla/stream_executor/cuda/cuda_device_allocator.cc:226
external/xla/xla/stream_executor/cuda/cuda_device_allocator.cc:403

E0728 07:23:00.292698   95775 cuda_executor.cc:1176] [0] Failed to allocate device memory of 38.08GiB (40885264384 bytes): RESOURCE_EXHAUSTED: : CUDA_ERROR_OUT_OF_MEMORY: out of memory
=== Source Location Trace: === 
external/xla/xla/stream_executor/cuda/cuda_status.cc:45
external/xla/xla/stream_executor/cuda/cuda_device_allocator.cc:226
external/xla/xla/stream_executor/cuda/cuda_device_allocator.cc:403

E0728 07:23:00.292753   95775 cuda_executor.cc:1176] [0] Failed to allocate device memory of 34.27GiB (36796735488 bytes): RESOURCE_EXHAUSTED: : CUDA_ERROR_OUT_OF_MEMORY: out of memory
=== Source Location Trace: === 
external/xla/xla/stream_executor/cuda/cuda_status.cc:45
external/xla/xla/stream_executor/cuda/cuda_device_allocator.cc:226
external/xla/xla/stream_executor/cuda/cuda_device_allocator.cc:403

E0728 07:23:00.292804   95775 cuda_executor.cc:1176] [0] Failed to allocate device memory of 30.84GiB (33117061120 bytes): RESOURCE_EXHAUSTED: : CUDA_ERROR_OUT_OF_MEMORY: out of memory
=== Source Location Trace: === 
external/xla/xla/stream_executor/cuda/cuda_status.cc:45
external/xla/xla/stream_executor/cuda/cuda_device_allocator.cc:226
external/xla/xla/stream_executor/cuda/cuda_device_allocator.cc:403

E0728 07:23:00.292852   95775 cuda_executor.cc:1176] [0] Failed to allocate device memory of 27.76GiB (29805355008 bytes): RESOURCE_EXHAUSTED: : CUDA_ERROR_OUT_OF_MEMORY: out of memory
=== Source Location Trace: === 
external/xla/xla/stream_executor/cuda/cuda_status.cc:45
external/xla/xla/stream_executor/cuda/cuda_device_allocator.cc:226
external/xla/xla/stream_executor/cuda/cuda_device_allocator.cc:403

E0728 07:23:00.292904   95775 cuda_executor.cc:1176] [0] Failed to allocate device memory of 24.98GiB (26824818688 bytes): RESOURCE_EXHAUSTED: : CUDA_ERROR_OUT_OF_MEMORY: out of memory
=== Source Location Trace: === 
external/xla/xla/stream_executor/cuda/cuda_status.cc:45
external/xla/xla/stream_executor/cuda/cuda_device_allocator.cc:226
external/xla/xla/stream_executor/cuda/cuda_device_allocator.cc:403

E0728 07:23:00.292951   95775 cuda_executor.cc:1176] [0] Failed to allocate device memory of 22.48GiB (24142336000 bytes): RESOURCE_EXHAUSTED: : CUDA_ERROR_OUT_OF_MEMORY: out of memory
=== Source Location Trace: === 
external/xla/xla/stream_executor/cuda/cuda_status.cc:45
external/xla/xla/stream_executor/cuda/cuda_device_allocator.cc:226
external/xla/xla/stream_executor/cuda/cuda_device_allocator.cc:403

E0728 07:23:00.292995   95775 cuda_executor.cc:1176] [0] Failed to allocate device memory of 20.24GiB (21728102400 bytes): RESOURCE_EXHAUSTED: : CUDA_ERROR_OUT_OF_MEMORY: out of memory
=== Source Location Trace: === 
external/xla/xla/stream_executor/cuda/cuda_status.cc:45
external/xla/xla/stream_executor/cuda/cuda_device_allocator.cc:226
external/xla/xla/stream_executor/cuda/cuda_device_allocator.cc:403

E0728 07:23:00.293038   95775 cuda_executor.cc:1176] [0] Failed to allocate device memory of 18.21GiB (19555291136 bytes): RESOURCE_EXHAUSTED: : CUDA_ERROR_OUT_OF_MEMORY: out of memory
=== Source Location Trace: === 
external/xla/xla/stream_executor/cuda/cuda_status.cc:45
external/xla/xla/stream_executor/cuda/cuda_device_allocator.cc:226
external/xla/xla/stream_executor/cuda/cuda_device_allocator.cc:403

E0728 07:23:00.293087   95775 cuda_executor.cc:1176] [0] Failed to allocate device memory of 16.39GiB (17599762432 bytes): RESOURCE_EXHAUSTED: : CUDA_ERROR_OUT_OF_MEMORY: out of memory
=== Source Location Trace: === 
external/xla/xla/stream_executor/cuda/cuda_status.cc:45
external/xla/xla/stream_executor/cuda/cuda_device_allocator.cc:226
external/xla/xla/stream_executor/cuda/cuda_device_allocator.cc:403

E0728 07:23:00.293137   95775 cuda_executor.cc:1176] [0] Failed to allocate device memory of 14.75GiB (15839785984 bytes): RESOURCE_EXHAUSTED: : CUDA_ERROR_OUT_OF_MEMORY: out of memory
=== Source Location Trace: === 
external/xla/xla/stream_executor/cuda/cuda_status.cc:45
external/xla/xla/stream_executor/cuda/cuda_device_allocator.cc:226
external/xla/xla/stream_executor/cuda/cuda_device_allocator.cc:403

E0728 07:23:00.293177   95775 cuda_executor.cc:1176] [0] Failed to allocate device memory of 13.28GiB (14255807488 bytes): RESOURCE_EXHAUSTED: : CUDA_ERROR_OUT_OF_MEMORY: out of memory
=== Source Location Trace: === 
external/xla/xla/stream_executor/cuda/cuda_status.cc:45
external/xla/xla/stream_executor/cuda/cuda_device_allocator.cc:226
external/xla/xla/stream_executor/cuda/cuda_device_allocator.cc:403

E0728 07:23:00.293218   95775 cuda_executor.cc:1176] [0] Failed to allocate device memory of 11.95GiB (12830226432 bytes): RESOURCE_EXHAUSTED: : CUDA_ERROR_OUT_OF_MEMORY: out of memory
=== Source Location Trace: === 
external/xla/xla/stream_executor/cuda/cuda_status.cc:45
external/xla/xla/stream_executor/cuda/cuda_device_allocator.cc:226
external/xla/xla/stream_executor/cuda/cuda_device_allocator.cc:403

E0728 07:23:00.293257   95775 cuda_executor.cc:1176] [0] Failed to allocate device memory of 10.75GiB (11547203584 bytes): RESOURCE_EXHAUSTED: : CUDA_ERROR_OUT_OF_MEMORY: out of memory
=== Source Location Trace: === 
external/xla/xla/stream_executor/cuda/cuda_status.cc:45
external/xla/xla/stream_executor/cuda/cuda_device_allocator.cc:226
external/xla/xla/stream_executor/cuda/cuda_device_allocator.cc:403

E0728 07:23:00.293295   95775 cuda_executor.cc:1176] [0] Failed to allocate device memory of 9.68GiB (10392482816 bytes): RESOURCE_EXHAUSTED: : CUDA_ERROR_OUT_OF_MEMORY: out of memory
=== Source Location Trace: === 
external/xla/xla/stream_executor/cuda/cuda_status.cc:45
external/xla/xla/stream_executor/cuda/cuda_device_allocator.cc:226
external/xla/xla/stream_executor/cuda/cuda_device_allocator.cc:403

E0728 07:23:00.293333   95775 cuda_executor.cc:1176] [0] Failed to allocate device memory of 8.71GiB (9353234432 bytes): RESOURCE_EXHAUSTED: : CUDA_ERROR_OUT_OF_MEMORY: out of memory
=== Source Location Trace: === 
external/xla/xla/stream_executor/cuda/cuda_status.cc:45
external/xla/xla/stream_executor/cuda/cuda_device_allocator.cc:226
external/xla/xla/stream_executor/cuda/cuda_device_allocator.cc:403

E0728 07:23:00.293370   95775 cuda_executor.cc:1176] [0] Failed to allocate device memory of 7.84GiB (8417910784 bytes): RESOURCE_EXHAUSTED: : CUDA_ERROR_OUT_OF_MEMORY: out of memory
=== Source Location Trace: === 
external/xla/xla/stream_executor/cuda/cuda_status.cc:45
external/xla/xla/stream_executor/cuda/cuda_device_allocator.cc:226
external/xla/xla/stream_executor/cuda/cuda_device_allocator.cc:403

E0728 07:23:00.293409   95775 cuda_executor.cc:1176] [0] Failed to allocate device memory of 7.06GiB (7576119296 bytes): RESOURCE_EXHAUSTED: : CUDA_ERROR_OUT_OF_MEMORY: out of memory
=== Source Location Trace: === 
external/xla/xla/stream_executor/cuda/cuda_status.cc:45
external/xla/xla/stream_executor/cuda/cuda_device_allocator.cc:226
external/xla/xla/stream_executor/cuda/cuda_device_allocator.cc:403

E0728 07:23:00.293448   95775 cuda_executor.cc:1176] [0] Failed to allocate device memory of 6.35GiB (6818507264 bytes): RESOURCE_EXHAUSTED: : CUDA_ERROR_OUT_OF_MEMORY: out of memory
=== Source Location Trace: === 
external/xla/xla/stream_executor/cuda/cuda_status.cc:45
external/xla/xla/stream_executor/cuda/cuda_device_allocator.cc:226
external/xla/xla/stream_executor/cuda/cuda_device_allocator.cc:403

E0728 07:23:00.293487   95775 cuda_executor.cc:1176] [0] Failed to allocate device memory of 5.71GiB (6136656384 bytes): RESOURCE_EXHAUSTED: : CUDA_ERROR_OUT_OF_MEMORY: out of memory
=== Source Location Trace: === 
external/xla/xla/stream_executor/cuda/cuda_status.cc:45
external/xla/xla/stream_executor/cuda/cuda_device_allocator.cc:226
external/xla/xla/stream_executor/cuda/cuda_device_allocator.cc:403

E0728 07:23:00.293525   95775 cuda_executor.cc:1176] [0] Failed to allocate device memory of 5.14GiB (5522990592 bytes): RESOURCE_EXHAUSTED: : CUDA_ERROR_OUT_OF_MEMORY: out of memory
=== Source Location Trace: === 
external/xla/xla/stream_executor/cuda/cuda_status.cc:45
external/xla/xla/stream_executor/cuda/cuda_device_allocator.cc:226
external/xla/xla/stream_executor/cuda/cuda_device_allocator.cc:403

E0728 07:23:00.293563   95775 cuda_executor.cc:1176] [0] Failed to allocate device memory of 4.63GiB (4970691584 bytes): RESOURCE_EXHAUSTED: : CUDA_ERROR_OUT_OF_MEMORY: out of memory
=== Source Location Trace: === 
external/xla/xla/stream_executor/cuda/cuda_status.cc:45
external/xla/xla/stream_executor/cuda/cuda_device_allocator.cc:226
external/xla/xla/stream_executor/cuda/cuda_device_allocator.cc:403

E0728 07:23:00.293603   95775 cuda_executor.cc:1176] [0] Failed to allocate device memory of 4.17GiB (4473622528 bytes): RESOURCE_EXHAUSTED: : CUDA_ERROR_OUT_OF_MEMORY: out of memory
=== Source Location Trace: === 
external/xla/xla/stream_executor/cuda/cuda_status.cc:45
external/xla/xla/stream_executor/cuda/cuda_device_allocator.cc:226
external/xla/xla/stream_executor/cuda/cuda_device_allocator.cc:403

E0728 07:23:00.293640   95775 cuda_executor.cc:1176] [0] Failed to allocate device memory of 3.75GiB (4026260224 bytes): RESOURCE_EXHAUSTED: : CUDA_ERROR_OUT_OF_MEMORY: out of memory
=== Source Location Trace: === 
external/xla/xla/stream_executor/cuda/cuda_status.cc:45
external/xla/xla/stream_executor/cuda/cuda_device_allocator.cc:226
external/xla/xla/stream_executor/cuda/cuda_device_allocator.cc:403

E0728 07:23:00.293677   95775 cuda_executor.cc:1176] [0] Failed to allocate device memory of 3.37GiB (3623634176 bytes): RESOURCE_EXHAUSTED: : CUDA_ERROR_OUT_OF_MEMORY: out of memory
=== Source Location Trace: === 
external/xla/xla/stream_executor/cuda/cuda_status.cc:45
external/xla/xla/stream_executor/cuda/cuda_device_allocator.cc:226
external/xla/xla/stream_executor/cuda/cuda_device_allocator.cc:403

E0728 07:23:00.293714   95775 cuda_executor.cc:1176] [0] Failed to allocate device memory of 3.04GiB (3261270784 bytes): RESOURCE_EXHAUSTED: : CUDA_ERROR_OUT_OF_MEMORY: out of memory
=== Source Location Trace: === 
external/xla/xla/stream_executor/cuda/cuda_status.cc:45
external/xla/xla/stream_executor/cuda/cuda_device_allocator.cc:226
external/xla/xla/stream_executor/cuda/cuda_device_allocator.cc:403

E0728 07:23:00.293750   95775 cuda_executor.cc:1176] [0] Failed to allocate device memory of 2.73GiB (2935143680 bytes): RESOURCE_EXHAUSTED: : CUDA_ERROR_OUT_OF_MEMORY: out of memory
=== Source Location Trace: === 
external/xla/xla/stream_executor/cuda/cuda_status.cc:45
external/xla/xla/stream_executor/cuda/cuda_device_allocator.cc:226
external/xla/xla/stream_executor/cuda/cuda_device_allocator.cc:403

E0728 07:23:00.293786   95775 cuda_executor.cc:1176] [0] Failed to allocate device memory of 2.46GiB (2641629184 bytes): RESOURCE_EXHAUSTED: : CUDA_ERROR_OUT_OF_MEMORY: out of memory
=== Source Location Trace: === 
external/xla/xla/stream_executor/cuda/cuda_status.cc:45
external/xla/xla/stream_executor/cuda/cuda_device_allocator.cc:226
external/xla/xla/stream_executor/cuda/cuda_device_allocator.cc:403

E0728 07:23:00.293823   95775 cuda_executor.cc:1176] [0] Failed to allocate device memory of 2.21GiB (2377466112 bytes): RESOURCE_EXHAUSTED: : CUDA_ERROR_OUT_OF_MEMORY: out of memory
=== Source Location Trace: === 
external/xla/xla/stream_executor/cuda/cuda_status.cc:45
external/xla/xla/stream_executor/cuda/cuda_device_allocator.cc:226
external/xla/xla/stream_executor/cuda/cuda_device_allocator.cc:403

E0728 07:23:00.293859   95775 cuda_executor.cc:1176] [0] Failed to allocate device memory of 1.99GiB (2139719424 bytes): RESOURCE_EXHAUSTED: : CUDA_ERROR_OUT_OF_MEMORY: out of memory
=== Source Location Trace: === 
external/xla/xla/stream_executor/cuda/cuda_status.cc:45
external/xla/xla/stream_executor/cuda/cuda_device_allocator.cc:226
external/xla/xla/stream_executor/cuda/cuda_device_allocator.cc:403

E0728 07:23:00.293898   95775 cuda_executor.cc:1176] [0] Failed to allocate device memory of 1.79GiB (1925747456 bytes): RESOURCE_EXHAUSTED: : CUDA_ERROR_OUT_OF_MEMORY: out of memory
=== Source Location Trace: === 
external/xla/xla/stream_executor/cuda/cuda_status.cc:45
external/xla/xla/stream_executor/cuda/cuda_device_allocator.cc:226
external/xla/xla/stream_executor/cuda/cuda_device_allocator.cc:403

E0728 07:23:00.293935   95775 cuda_executor.cc:1176] [0] Failed to allocate device memory of 1.61GiB (1733172736 bytes): RESOURCE_EXHAUSTED: : CUDA_ERROR_OUT_OF_MEMORY: out of memory
=== Source Location Trace: === 
external/xla/xla/stream_executor/cuda/cuda_status.cc:45
external/xla/xla/stream_executor/cuda/cuda_device_allocator.cc:226
external/xla/xla/stream_executor/cuda/cuda_device_allocator.cc:403

E0728 07:23:00.293972   95775 cuda_executor.cc:1176] [0] Failed to allocate device memory of 1.45GiB (1559855360 bytes): RESOURCE_EXHAUSTED: : CUDA_ERROR_OUT_OF_MEMORY: out of memory
=== Source Location Trace: === 
external/xla/xla/stream_executor/cuda/cuda_status.cc:45
external/xla/xla/stream_executor/cuda/cuda_device_allocator.cc:226
external/xla/xla/stream_executor/cuda/cuda_device_allocator.cc:403

E0728 07:23:00.294007   95775 cuda_executor.cc:1176] [0] Failed to allocate device memory of 1.31GiB (1403869952 bytes): RESOURCE_EXHAUSTED: : CUDA_ERROR_OUT_OF_MEMORY: out of memory
=== Source Location Trace: === 
external/xla/xla/stream_executor/cuda/cuda_status.cc:45
external/xla/xla/stream_executor/cuda/cuda_device_allocator.cc:226
external/xla/xla/stream_executor/cuda/cuda_device_allocator.cc:403

E0728 07:23:00.294042   95775 cuda_executor.cc:1176] [0] Failed to allocate device memory of 1.18GiB (1263482880 bytes): RESOURCE_EXHAUSTED: : CUDA_ERROR_OUT_OF_MEMORY: out of memory
=== Source Location Trace: === 
external/xla/xla/stream_executor/cuda/cuda_status.cc:45
external/xla/xla/stream_executor/cuda/cuda_device_allocator.cc:226
external/xla/xla/stream_executor/cuda/cuda_device_allocator.cc:403

E0728 07:23:00.294125   95775 cuda_executor.cc:1176] [0] Failed to allocate device memory of 1.06GiB (1137134592 bytes): RESOURCE_EXHAUSTED: : CUDA_ERROR_OUT_OF_MEMORY: out of memory
=== Source Location Trace: === 
external/xla/xla/stream_executor/cuda/cuda_status.cc:45
external/xla/xla/stream_executor/cuda/cuda_device_allocator.cc:226
external/xla/xla/stream_executor/cuda/cuda_device_allocator.cc:403

E0728 07:23:00.294162   95775 cuda_executor.cc:1176] [0] Failed to allocate device memory of 976.01MiB (1023421184 bytes): RESOURCE_EXHAUSTED: : CUDA_ERROR_OUT_OF_MEMORY: out of memory
=== Source Location Trace: === 
external/xla/xla/stream_executor/cuda/cuda_status.cc:45
external/xla/xla/stream_executor/cuda/cuda_device_allocator.cc:226
external/xla/xla/stream_executor/cuda/cuda_device_allocator.cc:403

E0728 07:23:00.294197   95775 cuda_executor.cc:1176] [0] Failed to allocate device memory of 878.41MiB (921079040 bytes): RESOURCE_EXHAUSTED: : CUDA_ERROR_OUT_OF_MEMORY: out of memory
=== Source Location Trace: === 
external/xla/xla/stream_executor/cuda/cuda_status.cc:45
external/xla/xla/stream_executor/cuda/cuda_device_allocator.cc:226
external/xla/xla/stream_executor/cuda/cuda_device_allocator.cc:403

E0728 07:23:00.294232   95775 cuda_executor.cc:1176] [0] Failed to allocate device memory of 790.57MiB (828971264 bytes): RESOURCE_EXHAUSTED: : CUDA_ERROR_OUT_OF_MEMORY: out of memory
=== Source Location Trace: === 
external/xla/xla/stream_executor/cuda/cuda_status.cc:45
external/xla/xla/stream_executor/cuda/cuda_device_allocator.cc:226
external/xla/xla/stream_executor/cuda/cuda_device_allocator.cc:403

E0728 07:23:00.294267   95775 cuda_executor.cc:1176] [0] Failed to allocate device memory of 711.51MiB (746074112 bytes): RESOURCE_EXHAUSTED: : CUDA_ERROR_OUT_OF_MEMORY: out of memory
=== Source Location Trace: === 
external/xla/xla/stream_executor/cuda/cuda_status.cc:45
external/xla/xla/stream_executor/cuda/cuda_device_allocator.cc:226
external/xla/xla/stream_executor/cuda/cuda_device_allocator.cc:403

E0728 07:23:00.294302   95775 cuda_executor.cc:1176] [0] Failed to allocate device memory of 640.36MiB (671466752 bytes): RESOURCE_EXHAUSTED: : CUDA_ERROR_OUT_OF_MEMORY: out of memory
=== Source Location Trace: === 
external/xla/xla/stream_executor/cuda/cuda_status.cc:45
external/xla/xla/stream_executor/cuda/cuda_device_allocator.cc:226
external/xla/xla/stream_executor/cuda/cuda_device_allocator.cc:403

E0728 07:23:00.294336   95775 cuda_executor.cc:1176] [0] Failed to allocate device memory of 576.32MiB (604320256 bytes): RESOURCE_EXHAUSTED: : CUDA_ERROR_OUT_OF_MEMORY: out of memory
=== Source Location Trace: === 
external/xla/xla/stream_executor/cuda/cuda_status.cc:45
external/xla/xla/stream_executor/cuda/cuda_device_allocator.cc:226
external/xla/xla/stream_executor/cuda/cuda_device_allocator.cc:403

E0728 07:23:00.294373   95775 cuda_executor.cc:1176] [0] Failed to allocate device memory of 518.69MiB (543888384 bytes): RESOURCE_EXHAUSTED: : CUDA_ERROR_OUT_OF_MEMORY: out of memory
=== Source Location Trace: === 
external/xla/xla/stream_executor/cuda/cuda_status.cc:45
external/xla/xla/stream_executor/cuda/cuda_device_allocator.cc:226
external/xla/xla/stream_executor/cuda/cuda_device_allocator.cc:403

E0728 07:23:10.295002   95775 cuda_executor.cc:1176] [0] Failed to allocate device memory of 64.48GiB (69239570432 bytes): RESOURCE_EXHAUSTED: : CUDA_ERROR_OUT_OF_MEMORY: out of memory
=== Source Location Trace: === 
external/xla/xla/stream_executor/cuda/cuda_status.cc:45
external/xla/xla/stream_executor/cuda/cuda_device_allocator.cc:226
external/xla/xla/stream_executor/cuda/cuda_device_allocator.cc:403

E0728 07:23:10.295304   95775 cuda_executor.cc:1176] [0] Failed to allocate device memory of 58.04GiB (62315610112 bytes): RESOURCE_EXHAUSTED: : CUDA_ERROR_OUT_OF_MEMORY: out of memory
=== Source Location Trace: === 
external/xla/xla/stream_executor/cuda/cuda_status.cc:45
external/xla/xla/stream_executor/cuda/cuda_device_allocator.cc:226
external/xla/xla/stream_executor/cuda/cuda_device_allocator.cc:403

E0728 07:23:10.295374   95775 cuda_executor.cc:1176] [0] Failed to allocate device memory of 52.23GiB (56084045824 bytes): RESOURCE_EXHAUSTED: : CUDA_ERROR_OUT_OF_MEMORY: out of memory
=== Source Location Trace: === 
external/xla/xla/stream_executor/cuda/cuda_status.cc:45
external/xla/xla/stream_executor/cuda/cuda_device_allocator.cc:226
external/xla/xla/stream_executor/cuda/cuda_device_allocator.cc:403

E0728 07:23:10.295437   95775 cuda_executor.cc:1176] [0] Failed to allocate device memory of 47.01GiB (50475638784 bytes): RESOURCE_EXHAUSTED: : CUDA_ERROR_OUT_OF_MEMORY: out of memory
=== Source Location Trace: === 
external/xla/xla/stream_executor/cuda/cuda_status.cc:45
external/xla/xla/stream_executor/cuda/cuda_device_allocator.cc:226
external/xla/xla/stream_executor/cuda/cuda_device_allocator.cc:403

E0728 07:23:10.295497   95775 cuda_executor.cc:1176] [0] Failed to allocate device memory of 42.31GiB (45428072448 bytes): RESOURCE_EXHAUSTED: : CUDA_ERROR_OUT_OF_MEMORY: out of memory
=== Source Location Trace: === 
external/xla/xla/stream_executor/cuda/cuda_status.cc:45
external/xla/xla/stream_executor/cuda/cuda_device_allocator.cc:226
external/xla/xla/stream_executor/cuda/cuda_device_allocator.cc:403

E0728 07:23:10.295560   95775 cuda_executor.cc:1176] [0] Failed to allocate device memory of 38.08GiB (40885264384 bytes): RESOURCE_EXHAUSTED: : CUDA_ERROR_OUT_OF_MEMORY: out of memory
=== Source Location Trace: === 
external/xla/xla/stream_executor/cuda/cuda_status.cc:45
external/xla/xla/stream_executor/cuda/cuda_device_allocator.cc:226
external/xla/xla/stream_executor/cuda/cuda_device_allocator.cc:403

E0728 07:23:10.295615   95775 cuda_executor.cc:1176] [0] Failed to allocate device memory of 34.27GiB (36796735488 bytes): RESOURCE_EXHAUSTED: : CUDA_ERROR_OUT_OF_MEMORY: out of memory
=== Source Location Trace: === 
external/xla/xla/stream_executor/cuda/cuda_status.cc:45
external/xla/xla/stream_executor/cuda/cuda_device_allocator.cc:226
external/xla/xla/stream_executor/cuda/cuda_device_allocator.cc:403

E0728 07:23:10.295684   95775 cuda_executor.cc:1176] [0] Failed to allocate device memory of 30.84GiB (33117061120 bytes): RESOURCE_EXHAUSTED: : CUDA_ERROR_OUT_OF_MEMORY: out of memory
=== Source Location Trace: === 
external/xla/xla/stream_executor/cuda/cuda_status.cc:45
external/xla/xla/stream_executor/cuda/cuda_device_allocator.cc:226
external/xla/xla/stream_executor/cuda/cuda_device_allocator.cc:403

E0728 07:23:10.295734   95775 cuda_executor.cc:1176] [0] Failed to allocate device memory of 27.76GiB (29805355008 bytes): RESOURCE_EXHAUSTED: : CUDA_ERROR_OUT_OF_MEMORY: out of memory
=== Source Location Trace: === 
external/xla/xla/stream_executor/cuda/cuda_status.cc:45
external/xla/xla/stream_executor/cuda/cuda_device_allocator.cc:226
external/xla/xla/stream_executor/cuda/cuda_device_allocator.cc:403

E0728 07:23:10.295792   95775 cuda_executor.cc:1176] [0] Failed to allocate device memory of 24.98GiB (26824818688 bytes): RESOURCE_EXHAUSTED: : CUDA_ERROR_OUT_OF_MEMORY: out of memory
=== Source Location Trace: === 
external/xla/xla/stream_executor/cuda/cuda_status.cc:45
external/xla/xla/stream_executor/cuda/cuda_device_allocator.cc:226
external/xla/xla/stream_executor/cuda/cuda_device_allocator.cc:403

E0728 07:23:10.295839   95775 cuda_executor.cc:1176] [0] Failed to allocate device memory of 22.48GiB (24142336000 bytes): RESOURCE_EXHAUSTED: : CUDA_ERROR_OUT_OF_MEMORY: out of memory
=== Source Location Trace: === 
external/xla/xla/stream_executor/cuda/cuda_status.cc:45
external/xla/xla/stream_executor/cuda/cuda_device_allocator.cc:226
external/xla/xla/stream_executor/cuda/cuda_device_allocator.cc:403

E0728 07:23:10.295891   95775 cuda_executor.cc:1176] [0] Failed to allocate device memory of 20.24GiB (21728102400 bytes): RESOURCE_EXHAUSTED: : CUDA_ERROR_OUT_OF_MEMORY: out of memory
=== Source Location Trace: === 
external/xla/xla/stream_executor/cuda/cuda_status.cc:45
external/xla/xla/stream_executor/cuda/cuda_device_allocator.cc:226
external/xla/xla/stream_executor/cuda/cuda_device_allocator.cc:403

E0728 07:23:10.295938   95775 cuda_executor.cc:1176] [0] Failed to allocate device memory of 18.21GiB (19555291136 bytes): RESOURCE_EXHAUSTED: : CUDA_ERROR_OUT_OF_MEMORY: out of memory
=== Source Location Trace: === 
external/xla/xla/stream_executor/cuda/cuda_status.cc:45
external/xla/xla/stream_executor/cuda/cuda_device_allocator.cc:226
external/xla/xla/stream_executor/cuda/cuda_device_allocator.cc:403

E0728 07:23:10.295982   95775 cuda_executor.cc:1176] [0] Failed to allocate device memory of 16.39GiB (17599762432 bytes): RESOURCE_EXHAUSTED: : CUDA_ERROR_OUT_OF_MEMORY: out of memory
=== Source Location Trace: === 
external/xla/xla/stream_executor/cuda/cuda_status.cc:45
external/xla/xla/stream_executor/cuda/cuda_device_allocator.cc:226
external/xla/xla/stream_executor/cuda/cuda_device_allocator.cc:403

E0728 07:23:10.296032   95775 cuda_executor.cc:1176] [0] Failed to allocate device memory of 14.75GiB (15839785984 bytes): RESOURCE_EXHAUSTED: : CUDA_ERROR_OUT_OF_MEMORY: out of memory
=== Source Location Trace: === 
external/xla/xla/stream_executor/cuda/cuda_status.cc:45
external/xla/xla/stream_executor/cuda/cuda_device_allocator.cc:226
external/xla/xla/stream_executor/cuda/cuda_device_allocator.cc:403

E0728 07:23:10.296085   95775 cuda_executor.cc:1176] [0] Failed to allocate device memory of 13.28GiB (14255807488 bytes): RESOURCE_EXHAUSTED: : CUDA_ERROR_OUT_OF_MEMORY: out of memory
=== Source Location Trace: === 
external/xla/xla/stream_executor/cuda/cuda_status.cc:45
external/xla/xla/stream_executor/cuda/cuda_device_allocator.cc:226
external/xla/xla/stream_executor/cuda/cuda_device_allocator.cc:403

E0728 07:23:10.296128   95775 cuda_executor.cc:1176] [0] Failed to allocate device memory of 11.95GiB (12830226432 bytes): RESOURCE_EXHAUSTED: : CUDA_ERROR_OUT_OF_MEMORY: out of memory
=== Source Location Trace: === 
external/xla/xla/stream_executor/cuda/cuda_status.cc:45
external/xla/xla/stream_executor/cuda/cuda_device_allocator.cc:226
external/xla/xla/stream_executor/cuda/cuda_device_allocator.cc:403

E0728 07:23:10.296168   95775 cuda_executor.cc:1176] [0] Failed to allocate device memory of 10.75GiB (11547203584 bytes): RESOURCE_EXHAUSTED: : CUDA_ERROR_OUT_OF_MEMORY: out of memory
=== Source Location Trace: === 
external/xla/xla/stream_executor/cuda/cuda_status.cc:45
external/xla/xla/stream_executor/cuda/cuda_device_allocator.cc:226
external/xla/xla/stream_executor/cuda/cuda_device_allocator.cc:403

E0728 07:23:10.296208   95775 cuda_executor.cc:1176] [0] Failed to allocate device memory of 9.68GiB (10392482816 bytes): RESOURCE_EXHAUSTED: : CUDA_ERROR_OUT_OF_MEMORY: out of memory
=== Source Location Trace: === 
external/xla/xla/stream_executor/cuda/cuda_status.cc:45
external/xla/xla/stream_executor/cuda/cuda_device_allocator.cc:226
external/xla/xla/stream_executor/cuda/cuda_device_allocator.cc:403

E0728 07:23:10.296248   95775 cuda_executor.cc:1176] [0] Failed to allocate device memory of 8.71GiB (9353234432 bytes): RESOURCE_EXHAUSTED: : CUDA_ERROR_OUT_OF_MEMORY: out of memory
=== Source Location Trace: === 
external/xla/xla/stream_executor/cuda/cuda_status.cc:45
external/xla/xla/stream_executor/cuda/cuda_device_allocator.cc:226
external/xla/xla/stream_executor/cuda/cuda_device_allocator.cc:403

E0728 07:23:10.296292   95775 cuda_executor.cc:1176] [0] Failed to allocate device memory of 7.84GiB (8417910784 bytes): RESOURCE_EXHAUSTED: : CUDA_ERROR_OUT_OF_MEMORY: out of memory
=== Source Location Trace: === 
external/xla/xla/stream_executor/cuda/cuda_status.cc:45
external/xla/xla/stream_executor/cuda/cuda_device_allocator.cc:226
external/xla/xla/stream_executor/cuda/cuda_device_allocator.cc:403

E0728 07:23:10.296334   95775 cuda_executor.cc:1176] [0] Failed to allocate device memory of 7.06GiB (7576119296 bytes): RESOURCE_EXHAUSTED: : CUDA_ERROR_OUT_OF_MEMORY: out of memory
=== Source Location Trace: === 
external/xla/xla/stream_executor/cuda/cuda_status.cc:45
external/xla/xla/stream_executor/cuda/cuda_device_allocator.cc:226
external/xla/xla/stream_executor/cuda/cuda_device_allocator.cc:403

E0728 07:23:10.296374   95775 cuda_executor.cc:1176] [0] Failed to allocate device memory of 6.35GiB (6818507264 bytes): RESOURCE_EXHAUSTED: : CUDA_ERROR_OUT_OF_MEMORY: out of memory
=== Source Location Trace: === 
external/xla/xla/stream_executor/cuda/cuda_status.cc:45
external/xla/xla/stream_executor/cuda/cuda_device_allocator.cc:226
external/xla/xla/stream_executor/cuda/cuda_device_allocator.cc:403

E0728 07:23:10.296415   95775 cuda_executor.cc:1176] [0] Failed to allocate device memory of 5.71GiB (6136656384 bytes): RESOURCE_EXHAUSTED: : CUDA_ERROR_OUT_OF_MEMORY: out of memory
=== Source Location Trace: === 
external/xla/xla/stream_executor/cuda/cuda_status.cc:45
external/xla/xla/stream_executor/cuda/cuda_device_allocator.cc:226
external/xla/xla/stream_executor/cuda/cuda_device_allocator.cc:403

E0728 07:23:10.296454   95775 cuda_executor.cc:1176] [0] Failed to allocate device memory of 5.14GiB (5522990592 bytes): RESOURCE_EXHAUSTED: : CUDA_ERROR_OUT_OF_MEMORY: out of memory
=== Source Location Trace: === 
external/xla/xla/stream_executor/cuda/cuda_status.cc:45
external/xla/xla/stream_executor/cuda/cuda_device_allocator.cc:226
external/xla/xla/stream_executor/cuda/cuda_device_allocator.cc:403

E0728 07:23:10.296494   95775 cuda_executor.cc:1176] [0] Failed to allocate device memory of 4.63GiB (4970691584 bytes): RESOURCE_EXHAUSTED: : CUDA_ERROR_OUT_OF_MEMORY: out of memory
=== Source Location Trace: === 
external/xla/xla/stream_executor/cuda/cuda_status.cc:45
external/xla/xla/stream_executor/cuda/cuda_device_allocator.cc:226
external/xla/xla/stream_executor/cuda/cuda_device_allocator.cc:403

E0728 07:23:10.296533   95775 cuda_executor.cc:1176] [0] Failed to allocate device memory of 4.17GiB (4473622528 bytes): RESOURCE_EXHAUSTED: : CUDA_ERROR_OUT_OF_MEMORY: out of memory
=== Source Location Trace: === 
external/xla/xla/stream_executor/cuda/cuda_status.cc:45
external/xla/xla/stream_executor/cuda/cuda_device_allocator.cc:226
external/xla/xla/stream_executor/cuda/cuda_device_allocator.cc:403

E0728 07:23:10.296574   95775 cuda_executor.cc:1176] [0] Failed to allocate device memory of 3.75GiB (4026260224 bytes): RESOURCE_EXHAUSTED: : CUDA_ERROR_OUT_OF_MEMORY: out of memory
=== Source Location Trace: === 
external/xla/xla/stream_executor/cuda/cuda_status.cc:45
external/xla/xla/stream_executor/cuda/cuda_device_allocator.cc:226
external/xla/xla/stream_executor/cuda/cuda_device_allocator.cc:403

E0728 07:23:10.296612   95775 cuda_executor.cc:1176] [0] Failed to allocate device memory of 3.37GiB (3623634176 bytes): RESOURCE_EXHAUSTED: : CUDA_ERROR_OUT_OF_MEMORY: out of memory
=== Source Location Trace: === 
external/xla/xla/stream_executor/cuda/cuda_status.cc:45
external/xla/xla/stream_executor/cuda/cuda_device_allocator.cc:226
external/xla/xla/stream_executor/cuda/cuda_device_allocator.cc:403

E0728 07:23:10.296650   95775 cuda_executor.cc:1176] [0] Failed to allocate device memory of 3.04GiB (3261270784 bytes): RESOURCE_EXHAUSTED: : CUDA_ERROR_OUT_OF_MEMORY: out of memory
=== Source Location Trace: === 
external/xla/xla/stream_executor/cuda/cuda_status.cc:45
external/xla/xla/stream_executor/cuda/cuda_device_allocator.cc:226
external/xla/xla/stream_executor/cuda/cuda_device_allocator.cc:403

E0728 07:23:10.296690   95775 cuda_executor.cc:1176] [0] Failed to allocate device memory of 2.73GiB (2935143680 bytes): RESOURCE_EXHAUSTED: : CUDA_ERROR_OUT_OF_MEMORY: out of memory
=== Source Location Trace: === 
external/xla/xla/stream_executor/cuda/cuda_status.cc:45
external/xla/xla/stream_executor/cuda/cuda_device_allocator.cc:226
external/xla/xla/stream_executor/cuda/cuda_device_allocator.cc:403

E0728 07:23:10.296726   95775 cuda_executor.cc:1176] [0] Failed to allocate device memory of 2.46GiB (2641629184 bytes): RESOURCE_EXHAUSTED: : CUDA_ERROR_OUT_OF_MEMORY: out of memory
=== Source Location Trace: === 
external/xla/xla/stream_executor/cuda/cuda_status.cc:45
external/xla/xla/stream_executor/cuda/cuda_device_allocator.cc:226
external/xla/xla/stream_executor/cuda/cuda_device_allocator.cc:403

E0728 07:23:10.296762   95775 cuda_executor.cc:1176] [0] Failed to allocate device memory of 2.21GiB (2377466112 bytes): RESOURCE_EXHAUSTED: : CUDA_ERROR_OUT_OF_MEMORY: out of memory
=== Source Location Trace: === 
external/xla/xla/stream_executor/cuda/cuda_status.cc:45
external/xla/xla/stream_executor/cuda/cuda_device_allocator.cc:226
external/xla/xla/stream_executor/cuda/cuda_device_allocator.cc:403

E0728 07:23:10.296798   95775 cuda_executor.cc:1176] [0] Failed to allocate device memory of 1.99GiB (2139719424 bytes): RESOURCE_EXHAUSTED: : CUDA_ERROR_OUT_OF_MEMORY: out of memory
=== Source Location Trace: === 
external/xla/xla/stream_executor/cuda/cuda_status.cc:45
external/xla/xla/stream_executor/cuda/cuda_device_allocator.cc:226
external/xla/xla/stream_executor/cuda/cuda_device_allocator.cc:403

E0728 07:23:10.296835   95775 cuda_executor.cc:1176] [0] Failed to allocate device memory of 1.79GiB (1925747456 bytes): RESOURCE_EXHAUSTED: : CUDA_ERROR_OUT_OF_MEMORY: out of memory
=== Source Location Trace: === 
external/xla/xla/stream_executor/cuda/cuda_status.cc:45
external/xla/xla/stream_executor/cuda/cuda_device_allocator.cc:226
external/xla/xla/stream_executor/cuda/cuda_device_allocator.cc:403

E0728 07:23:10.296871   95775 cuda_executor.cc:1176] [0] Failed to allocate device memory of 1.61GiB (1733172736 bytes): RESOURCE_EXHAUSTED: : CUDA_ERROR_OUT_OF_MEMORY: out of memory
=== Source Location Trace: === 
external/xla/xla/stream_executor/cuda/cuda_status.cc:45
external/xla/xla/stream_executor/cuda/cuda_device_allocator.cc:226
external/xla/xla/stream_executor/cuda/cuda_device_allocator.cc:403

E0728 07:23:10.296910   95775 cuda_executor.cc:1176] [0] Failed to allocate device memory of 1.45GiB (1559855360 bytes): RESOURCE_EXHAUSTED: : CUDA_ERROR_OUT_OF_MEMORY: out of memory
=== Source Location Trace: === 
external/xla/xla/stream_executor/cuda/cuda_status.cc:45
external/xla/xla/stream_executor/cuda/cuda_device_allocator.cc:226
external/xla/xla/stream_executor/cuda/cuda_device_allocator.cc:403

E0728 07:23:10.296946   95775 cuda_executor.cc:1176] [0] Failed to allocate device memory of 1.31GiB (1403869952 bytes): RESOURCE_EXHAUSTED: : CUDA_ERROR_OUT_OF_MEMORY: out of memory
=== Source Location Trace: === 
external/xla/xla/stream_executor/cuda/cuda_status.cc:45
external/xla/xla/stream_executor/cuda/cuda_device_allocator.cc:226
external/xla/xla/stream_executor/cuda/cuda_device_allocator.cc:403

E0728 07:23:10.296981   95775 cuda_executor.cc:1176] [0] Failed to allocate device memory of 1.18GiB (1263482880 bytes): RESOURCE_EXHAUSTED: : CUDA_ERROR_OUT_OF_MEMORY: out of memory
=== Source Location Trace: === 
external/xla/xla/stream_executor/cuda/cuda_status.cc:45
external/xla/xla/stream_executor/cuda/cuda_device_allocator.cc:226
external/xla/xla/stream_executor/cuda/cuda_device_allocator.cc:403

E0728 07:23:10.297016   95775 cuda_executor.cc:1176] [0] Failed to allocate device memory of 1.06GiB (1137134592 bytes): RESOURCE_EXHAUSTED: : CUDA_ERROR_OUT_OF_MEMORY: out of memory
=== Source Location Trace: === 
external/xla/xla/stream_executor/cuda/cuda_status.cc:45
external/xla/xla/stream_executor/cuda/cuda_device_allocator.cc:226
external/xla/xla/stream_executor/cuda/cuda_device_allocator.cc:403

E0728 07:23:10.297054   95775 cuda_executor.cc:1176] [0] Failed to allocate device memory of 976.01MiB (1023421184 bytes): RESOURCE_EXHAUSTED: : CUDA_ERROR_OUT_OF_MEMORY: out of memory
=== Source Location Trace: === 
external/xla/xla/stream_executor/cuda/cuda_status.cc:45
external/xla/xla/stream_executor/cuda/cuda_device_allocator.cc:226
external/xla/xla/stream_executor/cuda/cuda_device_allocator.cc:403

E0728 07:23:10.297095   95775 cuda_executor.cc:1176] [0] Failed to allocate device memory of 878.41MiB (921079040 bytes): RESOURCE_EXHAUSTED: : CUDA_ERROR_OUT_OF_MEMORY: out of memory
=== Source Location Trace: === 
external/xla/xla/stream_executor/cuda/cuda_status.cc:45
external/xla/xla/stream_executor/cuda/cuda_device_allocator.cc:226
external/xla/xla/stream_executor/cuda/cuda_device_allocator.cc:403

E0728 07:23:10.297131   95775 cuda_executor.cc:1176] [0] Failed to allocate device memory of 790.57MiB (828971264 bytes): RESOURCE_EXHAUSTED: : CUDA_ERROR_OUT_OF_MEMORY: out of memory
=== Source Location Trace: === 
external/xla/xla/stream_executor/cuda/cuda_status.cc:45
external/xla/xla/stream_executor/cuda/cuda_device_allocator.cc:226
external/xla/xla/stream_executor/cuda/cuda_device_allocator.cc:403

E0728 07:23:10.297166   95775 cuda_executor.cc:1176] [0] Failed to allocate device memory of 711.51MiB (746074112 bytes): RESOURCE_EXHAUSTED: : CUDA_ERROR_OUT_OF_MEMORY: out of memory
=== Source Location Trace: === 
external/xla/xla/stream_executor/cuda/cuda_status.cc:45
external/xla/xla/stream_executor/cuda/cuda_device_allocator.cc:226
external/xla/xla/stream_executor/cuda/cuda_device_allocator.cc:403

E0728 07:23:10.297201   95775 cuda_executor.cc:1176] [0] Failed to allocate device memory of 640.36MiB (671466752 bytes): RESOURCE_EXHAUSTED: : CUDA_ERROR_OUT_OF_MEMORY: out of memory
=== Source Location Trace: === 
external/xla/xla/stream_executor/cuda/cuda_status.cc:45
external/xla/xla/stream_executor/cuda/cuda_device_allocator.cc:226
external/xla/xla/stream_executor/cuda/cuda_device_allocator.cc:403

E0728 07:23:10.297235   95775 cuda_executor.cc:1176] [0] Failed to allocate device memory of 576.32MiB (604320256 bytes): RESOURCE_EXHAUSTED: : CUDA_ERROR_OUT_OF_MEMORY: out of memory
=== Source Location Trace: === 
external/xla/xla/stream_executor/cuda/cuda_status.cc:45
external/xla/xla/stream_executor/cuda/cuda_device_allocator.cc:226
external/xla/xla/stream_executor/cuda/cuda_device_allocator.cc:403

E0728 07:23:10.297270   95775 cuda_executor.cc:1176] [0] Failed to allocate device memory of 518.69MiB (543888384 bytes): RESOURCE_EXHAUSTED: : CUDA_ERROR_OUT_OF_MEMORY: out of memory
=== Source Location Trace: === 
external/xla/xla/stream_executor/cuda/cuda_status.cc:45
external/xla/xla/stream_executor/cuda/cuda_device_allocator.cc:226
external/xla/xla/stream_executor/cuda/cuda_device_allocator.cc:403

E0728 07:23:10.297351   95775 cuda_executor.cc:1176] [0] Failed to allocate device memory of 64.48GiB (69239570432 bytes): RESOURCE_EXHAUSTED: : CUDA_ERROR_OUT_OF_MEMORY: out of memory
=== Source Location Trace: === 
external/xla/xla/stream_executor/cuda/cuda_status.cc:45
external/xla/xla/stream_executor/cuda/cuda_device_allocator.cc:226
external/xla/xla/stream_executor/cuda/cuda_device_allocator.cc:403

E0728 07:23:10.297419   95775 cuda_executor.cc:1176] [0] Failed to allocate device memory of 58.04GiB (62315610112 bytes): RESOURCE_EXHAUSTED: : CUDA_ERROR_OUT_OF_MEMORY: out of memory
=== Source Location Trace: === 
external/xla/xla/stream_executor/cuda/cuda_status.cc:45
external/xla/xla/stream_executor/cuda/cuda_device_allocator.cc:226
external/xla/xla/stream_executor/cuda/cuda_device_allocator.cc:403

E0728 07:23:10.297485   95775 cuda_executor.cc:1176] [0] Failed to allocate device memory of 52.23GiB (56084045824 bytes): RESOURCE_EXHAUSTED: : CUDA_ERROR_OUT_OF_MEMORY: out of memory
=== Source Location Trace: === 
external/xla/xla/stream_executor/cuda/cuda_status.cc:45
external/xla/xla/stream_executor/cuda/cuda_device_allocator.cc:226
external/xla/xla/stream_executor/cuda/cuda_device_allocator.cc:403

E0728 07:23:10.297548   95775 cuda_executor.cc:1176] [0] Failed to allocate device memory of 47.01GiB (50475638784 bytes): RESOURCE_EXHAUSTED: : CUDA_ERROR_OUT_OF_MEMORY: out of memory
=== Source Location Trace: === 
external/xla/xla/stream_executor/cuda/cuda_status.cc:45
external/xla/xla/stream_executor/cuda/cuda_device_allocator.cc:226
external/xla/xla/stream_executor/cuda/cuda_device_allocator.cc:403

E0728 07:23:10.297605   95775 cuda_executor.cc:1176] [0] Failed to allocate device memory of 42.31GiB (45428072448 bytes): RESOURCE_EXHAUSTED: : CUDA_ERROR_OUT_OF_MEMORY: out of memory
=== Source Location Trace: === 
external/xla/xla/stream_executor/cuda/cuda_status.cc:45
external/xla/xla/stream_executor/cuda/cuda_device_allocator.cc:226
external/xla/xla/stream_executor/cuda/cuda_device_allocator.cc:403

E0728 07:23:10.297661   95775 cuda_executor.cc:1176] [0] Failed to allocate device memory of 38.08GiB (40885264384 bytes): RESOURCE_EXHAUSTED: : CUDA_ERROR_OUT_OF_MEMORY: out of memory
=== Source Location Trace: === 
external/xla/xla/stream_executor/cuda/cuda_status.cc:45
external/xla/xla/stream_executor/cuda/cuda_device_allocator.cc:226
external/xla/xla/stream_executor/cuda/cuda_device_allocator.cc:403

E0728 07:23:10.297715   95775 cuda_executor.cc:1176] [0] Failed to allocate device memory of 34.27GiB (36796735488 bytes): RESOURCE_EXHAUSTED: : CUDA_ERROR_OUT_OF_MEMORY: out of memory
=== Source Location Trace: === 
external/xla/xla/stream_executor/cuda/cuda_status.cc:45
external/xla/xla/stream_executor/cuda/cuda_device_allocator.cc:226
external/xla/xla/stream_executor/cuda/cuda_device_allocator.cc:403

E0728 07:23:10.297765   95775 cuda_executor.cc:1176] [0] Failed to allocate device memory of 30.84GiB (33117061120 bytes): RESOURCE_EXHAUSTED: : CUDA_ERROR_OUT_OF_MEMORY: out of memory
=== Source Location Trace: === 
external/xla/xla/stream_executor/cuda/cuda_status.cc:45
external/xla/xla/stream_executor/cuda/cuda_device_allocator.cc:226
external/xla/xla/stream_executor/cuda/cuda_device_allocator.cc:403

E0728 07:23:10.297813   95775 cuda_executor.cc:1176] [0] Failed to allocate device memory of 27.76GiB (29805355008 bytes): RESOURCE_EXHAUSTED: : CUDA_ERROR_OUT_OF_MEMORY: out of memory
=== Source Location Trace: === 
external/xla/xla/stream_executor/cuda/cuda_status.cc:45
external/xla/xla/stream_executor/cuda/cuda_device_allocator.cc:226
external/xla/xla/stream_executor/cuda/cuda_device_allocator.cc:403

E0728 07:23:10.297859   95775 cuda_executor.cc:1176] [0] Failed to allocate device memory of 24.98GiB (26824818688 bytes): RESOURCE_EXHAUSTED: : CUDA_ERROR_OUT_OF_MEMORY: out of memory
=== Source Location Trace: === 
external/xla/xla/stream_executor/cuda/cuda_status.cc:45
external/xla/xla/stream_executor/cuda/cuda_device_allocator.cc:226
external/xla/xla/stream_executor/cuda/cuda_device_allocator.cc:403

E0728 07:23:10.297908   95775 cuda_executor.cc:1176] [0] Failed to allocate device memory of 22.48GiB (24142336000 bytes): RESOURCE_EXHAUSTED: : CUDA_ERROR_OUT_OF_MEMORY: out of memory
=== Source Location Trace: === 
external/xla/xla/stream_executor/cuda/cuda_status.cc:45
external/xla/xla/stream_executor/cuda/cuda_device_allocator.cc:226
external/xla/xla/stream_executor/cuda/cuda_device_allocator.cc:403

E0728 07:23:10.297953   95775 cuda_executor.cc:1176] [0] Failed to allocate device memory of 20.24GiB (21728102400 bytes): RESOURCE_EXHAUSTED: : CUDA_ERROR_OUT_OF_MEMORY: out of memory
=== Source Location Trace: === 
external/xla/xla/stream_executor/cuda/cuda_status.cc:45
external/xla/xla/stream_executor/cuda/cuda_device_allocator.cc:226
external/xla/xla/stream_executor/cuda/cuda_device_allocator.cc:403

E0728 07:23:10.297997   95775 cuda_executor.cc:1176] [0] Failed to allocate device memory of 18.21GiB (19555291136 bytes): RESOURCE_EXHAUSTED: : CUDA_ERROR_OUT_OF_MEMORY: out of memory
=== Source Location Trace: === 
external/xla/xla/stream_executor/cuda/cuda_status.cc:45
external/xla/xla/stream_executor/cuda/cuda_device_allocator.cc:226
external/xla/xla/stream_executor/cuda/cuda_device_allocator.cc:403

E0728 07:23:10.298041   95775 cuda_executor.cc:1176] [0] Failed to allocate device memory of 16.39GiB (17599762432 bytes): RESOURCE_EXHAUSTED: : CUDA_ERROR_OUT_OF_MEMORY: out of memory
=== Source Location Trace: === 
external/xla/xla/stream_executor/cuda/cuda_status.cc:45
external/xla/xla/stream_executor/cuda/cuda_device_allocator.cc:226
external/xla/xla/stream_executor/cuda/cuda_device_allocator.cc:403

E0728 07:23:10.298087   95775 cuda_executor.cc:1176] [0] Failed to allocate device memory of 14.75GiB (15839785984 bytes): RESOURCE_EXHAUSTED: : CUDA_ERROR_OUT_OF_MEMORY: out of memory
=== Source Location Trace: === 
external/xla/xla/stream_executor/cuda/cuda_status.cc:45
external/xla/xla/stream_executor/cuda/cuda_device_allocator.cc:226
external/xla/xla/stream_executor/cuda/cuda_device_allocator.cc:403

E0728 07:23:10.298129   95775 cuda_executor.cc:1176] [0] Failed to allocate device memory of 13.28GiB (14255807488 bytes): RESOURCE_EXHAUSTED: : CUDA_ERROR_OUT_OF_MEMORY: out of memory
=== Source Location Trace: === 
external/xla/xla/stream_executor/cuda/cuda_status.cc:45
external/xla/xla/stream_executor/cuda/cuda_device_allocator.cc:226
external/xla/xla/stream_executor/cuda/cuda_device_allocator.cc:403

E0728 07:23:10.298168   95775 cuda_executor.cc:1176] [0] Failed to allocate device memory of 11.95GiB (12830226432 bytes): RESOURCE_EXHAUSTED: : CUDA_ERROR_OUT_OF_MEMORY: out of memory
=== Source Location Trace: === 
external/xla/xla/stream_executor/cuda/cuda_status.cc:45
external/xla/xla/stream_executor/cuda/cuda_device_allocator.cc:226
external/xla/xla/stream_executor/cuda/cuda_device_allocator.cc:403

E0728 07:23:10.298206   95775 cuda_executor.cc:1176] [0] Failed to allocate device memory of 10.75GiB (11547203584 bytes): RESOURCE_EXHAUSTED: : CUDA_ERROR_OUT_OF_MEMORY: out of memory
=== Source Location Trace: === 
external/xla/xla/stream_executor/cuda/cuda_status.cc:45
external/xla/xla/stream_executor/cuda/cuda_device_allocator.cc:226
external/xla/xla/stream_executor/cuda/cuda_device_allocator.cc:403

E0728 07:23:10.298244   95775 cuda_executor.cc:1176] [0] Failed to allocate device memory of 9.68GiB (10392482816 bytes): RESOURCE_EXHAUSTED: : CUDA_ERROR_OUT_OF_MEMORY: out of memory
=== Source Location Trace: === 
external/xla/xla/stream_executor/cuda/cuda_status.cc:45
external/xla/xla/stream_executor/cuda/cuda_device_allocator.cc:226
external/xla/xla/stream_executor/cuda/cuda_device_allocator.cc:403

E0728 07:23:10.298281   95775 cuda_executor.cc:1176] [0] Failed to allocate device memory of 8.71GiB (9353234432 bytes): RESOURCE_EXHAUSTED: : CUDA_ERROR_OUT_OF_MEMORY: out of memory
=== Source Location Trace: === 
external/xla/xla/stream_executor/cuda/cuda_status.cc:45
external/xla/xla/stream_executor/cuda/cuda_device_allocator.cc:226
external/xla/xla/stream_executor/cuda/cuda_device_allocator.cc:403

E0728 07:23:10.298317   95775 cuda_executor.cc:1176] [0] Failed to allocate device memory of 7.84GiB (8417910784 bytes): RESOURCE_EXHAUSTED: : CUDA_ERROR_OUT_OF_MEMORY: out of memory
=== Source Location Trace: === 
external/xla/xla/stream_executor/cuda/cuda_status.cc:45
external/xla/xla/stream_executor/cuda/cuda_device_allocator.cc:226
external/xla/xla/stream_executor/cuda/cuda_device_allocator.cc:403

E0728 07:23:10.298357   95775 cuda_executor.cc:1176] [0] Failed to allocate device memory of 7.06GiB (7576119296 bytes): RESOURCE_EXHAUSTED: : CUDA_ERROR_OUT_OF_MEMORY: out of memory
=== Source Location Trace: === 
external/xla/xla/stream_executor/cuda/cuda_status.cc:45
external/xla/xla/stream_executor/cuda/cuda_device_allocator.cc:226
external/xla/xla/stream_executor/cuda/cuda_device_allocator.cc:403

E0728 07:23:10.298396   95775 cuda_executor.cc:1176] [0] Failed to allocate device memory of 6.35GiB (6818507264 bytes): RESOURCE_EXHAUSTED: : CUDA_ERROR_OUT_OF_MEMORY: out of memory
=== Source Location Trace: === 
external/xla/xla/stream_executor/cuda/cuda_status.cc:45
external/xla/xla/stream_executor/cuda/cuda_device_allocator.cc:226
external/xla/xla/stream_executor/cuda/cuda_device_allocator.cc:403

E0728 07:23:10.298437   95775 cuda_executor.cc:1176] [0] Failed to allocate device memory of 5.71GiB (6136656384 bytes): RESOURCE_EXHAUSTED: : CUDA_ERROR_OUT_OF_MEMORY: out of memory
=== Source Location Trace: === 
external/xla/xla/stream_executor/cuda/cuda_status.cc:45
external/xla/xla/stream_executor/cuda/cuda_device_allocator.cc:226
external/xla/xla/stream_executor/cuda/cuda_device_allocator.cc:403

E0728 07:23:10.298475   95775 cuda_executor.cc:1176] [0] Failed to allocate device memory of 5.14GiB (5522990592 bytes): RESOURCE_EXHAUSTED: : CUDA_ERROR_OUT_OF_MEMORY: out of memory
=== Source Location Trace: === 
external/xla/xla/stream_executor/cuda/cuda_status.cc:45
external/xla/xla/stream_executor/cuda/cuda_device_allocator.cc:226
external/xla/xla/stream_executor/cuda/cuda_device_allocator.cc:403

E0728 07:23:10.298512   95775 cuda_executor.cc:1176] [0] Failed to allocate device memory of 4.63GiB (4970691584 bytes): RESOURCE_EXHAUSTED: : CUDA_ERROR_OUT_OF_MEMORY: out of memory
=== Source Location Trace: === 
external/xla/xla/stream_executor/cuda/cuda_status.cc:45
external/xla/xla/stream_executor/cuda/cuda_device_allocator.cc:226
external/xla/xla/stream_executor/cuda/cuda_device_allocator.cc:403

E0728 07:23:10.298550   95775 cuda_executor.cc:1176] [0] Failed to allocate device memory of 4.17GiB (4473622528 bytes): RESOURCE_EXHAUSTED: : CUDA_ERROR_OUT_OF_MEMORY: out of memory
=== Source Location Trace: === 
external/xla/xla/stream_executor/cuda/cuda_status.cc:45
external/xla/xla/stream_executor/cuda/cuda_device_allocator.cc:226
external/xla/xla/stream_executor/cuda/cuda_device_allocator.cc:403

E0728 07:23:10.298587   95775 cuda_executor.cc:1176] [0] Failed to allocate device memory of 3.75GiB (4026260224 bytes): RESOURCE_EXHAUSTED: : CUDA_ERROR_OUT_OF_MEMORY: out of memory
=== Source Location Trace: === 
external/xla/xla/stream_executor/cuda/cuda_status.cc:45
external/xla/xla/stream_executor/cuda/cuda_device_allocator.cc:226
external/xla/xla/stream_executor/cuda/cuda_device_allocator.cc:403

E0728 07:23:10.298624   95775 cuda_executor.cc:1176] [0] Failed to allocate device memory of 3.37GiB (3623634176 bytes): RESOURCE_EXHAUSTED: : CUDA_ERROR_OUT_OF_MEMORY: out of memory
=== Source Location Trace: === 
external/xla/xla/stream_executor/cuda/cuda_status.cc:45
external/xla/xla/stream_executor/cuda/cuda_device_allocator.cc:226
external/xla/xla/stream_executor/cuda/cuda_device_allocator.cc:403

E0728 07:23:10.298660   95775 cuda_executor.cc:1176] [0] Failed to allocate device memory of 3.04GiB (3261270784 bytes): RESOURCE_EXHAUSTED: : CUDA_ERROR_OUT_OF_MEMORY: out of memory
=== Source Location Trace: === 
external/xla/xla/stream_executor/cuda/cuda_status.cc:45
external/xla/xla/stream_executor/cuda/cuda_device_allocator.cc:226
external/xla/xla/stream_executor/cuda/cuda_device_allocator.cc:403

E0728 07:23:10.298697   95775 cuda_executor.cc:1176] [0] Failed to allocate device memory of 2.73GiB (2935143680 bytes): RESOURCE_EXHAUSTED: : CUDA_ERROR_OUT_OF_MEMORY: out of memory
=== Source Location Trace: === 
external/xla/xla/stream_executor/cuda/cuda_status.cc:45
external/xla/xla/stream_executor/cuda/cuda_device_allocator.cc:226
external/xla/xla/stream_executor/cuda/cuda_device_allocator.cc:403

E0728 07:23:10.298733   95775 cuda_executor.cc:1176] [0] Failed to allocate device memory of 2.46GiB (2641629184 bytes): RESOURCE_EXHAUSTED: : CUDA_ERROR_OUT_OF_MEMORY: out of memory
=== Source Location Trace: === 
external/xla/xla/stream_executor/cuda/cuda_status.cc:45
external/xla/xla/stream_executor/cuda/cuda_device_allocator.cc:226
external/xla/xla/stream_executor/cuda/cuda_device_allocator.cc:403

E0728 07:23:10.298769   95775 cuda_executor.cc:1176] [0] Failed to allocate device memory of 2.21GiB (2377466112 bytes): RESOURCE_EXHAUSTED: : CUDA_ERROR_OUT_OF_MEMORY: out of memory
=== Source Location Trace: === 
external/xla/xla/stream_executor/cuda/cuda_status.cc:45
external/xla/xla/stream_executor/cuda/cuda_device_allocator.cc:226
external/xla/xla/stream_executor/cuda/cuda_device_allocator.cc:403

E0728 07:23:10.298806   95775 cuda_executor.cc:1176] [0] Failed to allocate device memory of 1.99GiB (2139719424 bytes): RESOURCE_EXHAUSTED: : CUDA_ERROR_OUT_OF_MEMORY: out of memory
=== Source Location Trace: === 
external/xla/xla/stream_executor/cuda/cuda_status.cc:45
external/xla/xla/stream_executor/cuda/cuda_device_allocator.cc:226
external/xla/xla/stream_executor/cuda/cuda_device_allocator.cc:403

E0728 07:23:10.298842   95775 cuda_executor.cc:1176] [0] Failed to allocate device memory of 1.79GiB (1925747456 bytes): RESOURCE_EXHAUSTED: : CUDA_ERROR_OUT_OF_MEMORY: out of memory
=== Source Location Trace: === 
external/xla/xla/stream_executor/cuda/cuda_status.cc:45
external/xla/xla/stream_executor/cuda/cuda_device_allocator.cc:226
external/xla/xla/stream_executor/cuda/cuda_device_allocator.cc:403

E0728 07:23:10.298877   95775 cuda_executor.cc:1176] [0] Failed to allocate device memory of 1.61GiB (1733172736 bytes): RESOURCE_EXHAUSTED: : CUDA_ERROR_OUT_OF_MEMORY: out of memory
=== Source Location Trace: === 
external/xla/xla/stream_executor/cuda/cuda_status.cc:45
external/xla/xla/stream_executor/cuda/cuda_device_allocator.cc:226
external/xla/xla/stream_executor/cuda/cuda_device_allocator.cc:403

E0728 07:23:10.298917   95775 cuda_executor.cc:1176] [0] Failed to allocate device memory of 1.45GiB (1559855360 bytes): RESOURCE_EXHAUSTED: : CUDA_ERROR_OUT_OF_MEMORY: out of memory
=== Source Location Trace: === 
external/xla/xla/stream_executor/cuda/cuda_status.cc:45
external/xla/xla/stream_executor/cuda/cuda_device_allocator.cc:226
external/xla/xla/stream_executor/cuda/cuda_device_allocator.cc:403

E0728 07:23:10.298953   95775 cuda_executor.cc:1176] [0] Failed to allocate device memory of 1.31GiB (1403869952 bytes): RESOURCE_EXHAUSTED: : CUDA_ERROR_OUT_OF_MEMORY: out of memory
=== Source Location Trace: === 
external/xla/xla/stream_executor/cuda/cuda_status.cc:45
external/xla/xla/stream_executor/cuda/cuda_device_allocator.cc:226
external/xla/xla/stream_executor/cuda/cuda_device_allocator.cc:403

E0728 07:23:10.298988   95775 cuda_executor.cc:1176] [0] Failed to allocate device memory of 1.18GiB (1263482880 bytes): RESOURCE_EXHAUSTED: : CUDA_ERROR_OUT_OF_MEMORY: out of memory
=== Source Location Trace: === 
external/xla/xla/stream_executor/cuda/cuda_status.cc:45
external/xla/xla/stream_executor/cuda/cuda_device_allocator.cc:226
external/xla/xla/stream_executor/cuda/cuda_device_allocator.cc:403

E0728 07:23:10.299023   95775 cuda_executor.cc:1176] [0] Failed to allocate device memory of 1.06GiB (1137134592 bytes): RESOURCE_EXHAUSTED: : CUDA_ERROR_OUT_OF_MEMORY: out of memory
=== Source Location Trace: === 
external/xla/xla/stream_executor/cuda/cuda_status.cc:45
external/xla/xla/stream_executor/cuda/cuda_device_allocator.cc:226
external/xla/xla/stream_executor/cuda/cuda_device_allocator.cc:403

E0728 07:23:10.299058   95775 cuda_executor.cc:1176] [0] Failed to allocate device memory of 976.01MiB (1023421184 bytes): RESOURCE_EXHAUSTED: : CUDA_ERROR_OUT_OF_MEMORY: out of memory
=== Source Location Trace: === 
external/xla/xla/stream_executor/cuda/cuda_status.cc:45
external/xla/xla/stream_executor/cuda/cuda_device_allocator.cc:226
external/xla/xla/stream_executor/cuda/cuda_device_allocator.cc:403

E0728 07:23:10.299099   95775 cuda_executor.cc:1176] [0] Failed to allocate device memory of 878.41MiB (921079040 bytes): RESOURCE_EXHAUSTED: : CUDA_ERROR_OUT_OF_MEMORY: out of memory
=== Source Location Trace: === 
external/xla/xla/stream_executor/cuda/cuda_status.cc:45
external/xla/xla/stream_executor/cuda/cuda_device_allocator.cc:226
external/xla/xla/stream_executor/cuda/cuda_device_allocator.cc:403

E0728 07:23:10.299136   95775 cuda_executor.cc:1176] [0] Failed to allocate device memory of 790.57MiB (828971264 bytes): RESOURCE_EXHAUSTED: : CUDA_ERROR_OUT_OF_MEMORY: out of memory
=== Source Location Trace: === 
external/xla/xla/stream_executor/cuda/cuda_status.cc:45
external/xla/xla/stream_executor/cuda/cuda_device_allocator.cc:226
external/xla/xla/stream_executor/cuda/cuda_device_allocator.cc:403

E0728 07:23:10.299172   95775 cuda_executor.cc:1176] [0] Failed to allocate device memory of 711.51MiB (746074112 bytes): RESOURCE_EXHAUSTED: : CUDA_ERROR_OUT_OF_MEMORY: out of memory
=== Source Location Trace: === 
external/xla/xla/stream_executor/cuda/cuda_status.cc:45
external/xla/xla/stream_executor/cuda/cuda_device_allocator.cc:226
external/xla/xla/stream_executor/cuda/cuda_device_allocator.cc:403

E0728 07:23:10.299206   95775 cuda_executor.cc:1176] [0] Failed to allocate device memory of 640.36MiB (671466752 bytes): RESOURCE_EXHAUSTED: : CUDA_ERROR_OUT_OF_MEMORY: out of memory
=== Source Location Trace: === 
external/xla/xla/stream_executor/cuda/cuda_status.cc:45
external/xla/xla/stream_executor/cuda/cuda_device_allocator.cc:226
external/xla/xla/stream_executor/cuda/cuda_device_allocator.cc:403

E0728 07:23:10.299241   95775 cuda_executor.cc:1176] [0] Failed to allocate device memory of 576.32MiB (604320256 bytes): RESOURCE_EXHAUSTED: : CUDA_ERROR_OUT_OF_MEMORY: out of memory
=== Source Location Trace: === 
external/xla/xla/stream_executor/cuda/cuda_status.cc:45
external/xla/xla/stream_executor/cuda/cuda_device_allocator.cc:226
external/xla/xla/stream_executor/cuda/cuda_device_allocator.cc:403

E0728 07:23:10.299275   95775 cuda_executor.cc:1176] [0] Failed to allocate device memory of 518.69MiB (543888384 bytes): RESOURCE_EXHAUSTED: : CUDA_ERROR_OUT_OF_MEMORY: out of memory
=== Source Location Trace: === 
external/xla/xla/stream_executor/cuda/cuda_status.cc:45
external/xla/xla/stream_executor/cuda/cuda_device_allocator.cc:226
external/xla/xla/stream_executor/cuda/cuda_device_allocator.cc:403

W0728 07:23:10.299277   95775 bfc_allocator.cc:590] Allocator (GPU_0_bfc) ran out of memory trying to allocate 484.00MiB (rounded to 507510784) from the lower end requested by op 
If this is caused by memory fragmentation, the environment variable 'TF_GPU_ALLOCATOR=cuda_malloc_async' may improve the situation.
Current allocation summary follows.
W0728 07:23:10.299444   95775 bfc_allocator.cc:601] **********************************************************************************************______
E0728 07:23:10.573440   95775 cuda_executor.cc:1176] [0] Failed to allocate device memory of 64.48GiB (69239570432 bytes): RESOURCE_EXHAUSTED: : CUDA_ERROR_OUT_OF_MEMORY: out of memory
=== Source Location Trace: === 
external/xla/xla/stream_executor/cuda/cuda_status.cc:45
external/xla/xla/stream_executor/cuda/cuda_device_allocator.cc:226
external/xla/xla/stream_executor/cuda/cuda_device_allocator.cc:403

E0728 07:23:10.573545   95775 cuda_executor.cc:1176] [0] Failed to allocate device memory of 58.04GiB (62315610112 bytes): RESOURCE_EXHAUSTED: : CUDA_ERROR_OUT_OF_MEMORY: out of memory
=== Source Location Trace: === 
external/xla/xla/stream_executor/cuda/cuda_status.cc:45
external/xla/xla/stream_executor/cuda/cuda_device_allocator.cc:226
external/xla/xla/stream_executor/cuda/cuda_device_allocator.cc:403

E0728 07:23:10.573609   95775 cuda_executor.cc:1176] [0] Failed to allocate device memory of 52.23GiB (56084045824 bytes): RESOURCE_EXHAUSTED: : CUDA_ERROR_OUT_OF_MEMORY: out of memory
=== Source Location Trace: === 
external/xla/xla/stream_executor/cuda/cuda_status.cc:45
external/xla/xla/stream_executor/cuda/cuda_device_allocator.cc:226
external/xla/xla/stream_executor/cuda/cuda_device_allocator.cc:403

E0728 07:23:10.573669   95775 cuda_executor.cc:1176] [0] Failed to allocate device memory of 47.01GiB (50475638784 bytes): RESOURCE_EXHAUSTED: : CUDA_ERROR_OUT_OF_MEMORY: out of memory
=== Source Location Trace: === 
external/xla/xla/stream_executor/cuda/cuda_status.cc:45
external/xla/xla/stream_executor/cuda/cuda_device_allocator.cc:226
external/xla/xla/stream_executor/cuda/cuda_device_allocator.cc:403

E0728 07:23:10.573726   95775 cuda_executor.cc:1176] [0] Failed to allocate device memory of 42.31GiB (45428072448 bytes): RESOURCE_EXHAUSTED: : CUDA_ERROR_OUT_OF_MEMORY: out of memory
=== Source Location Trace: === 
external/xla/xla/stream_executor/cuda/cuda_status.cc:45
external/xla/xla/stream_executor/cuda/cuda_device_allocator.cc:226
external/xla/xla/stream_executor/cuda/cuda_device_allocator.cc:403

E0728 07:23:10.573789   95775 cuda_executor.cc:1176] [0] Failed to allocate device memory of 38.08GiB (40885264384 bytes): RESOURCE_EXHAUSTED: : CUDA_ERROR_OUT_OF_MEMORY: out of memory
=== Source Location Trace: === 
external/xla/xla/stream_executor/cuda/cuda_status.cc:45
external/xla/xla/stream_executor/cuda/cuda_device_allocator.cc:226
external/xla/xla/stream_executor/cuda/cuda_device_allocator.cc:403

E0728 07:23:10.573843   95775 cuda_executor.cc:1176] [0] Failed to allocate device memory of 34.27GiB (36796735488 bytes): RESOURCE_EXHAUSTED: : CUDA_ERROR_OUT_OF_MEMORY: out of memory
=== Source Location Trace: === 
external/xla/xla/stream_executor/cuda/cuda_status.cc:45
external/xla/xla/stream_executor/cuda/cuda_device_allocator.cc:226
external/xla/xla/stream_executor/cuda/cuda_device_allocator.cc:403

E0728 07:23:10.573915   95775 cuda_executor.cc:1176] [0] Failed to allocate device memory of 30.84GiB (33117061120 bytes): RESOURCE_EXHAUSTED: : CUDA_ERROR_OUT_OF_MEMORY: out of memory
=== Source Location Trace: === 
external/xla/xla/stream_executor/cuda/cuda_status.cc:45
external/xla/xla/stream_executor/cuda/cuda_device_allocator.cc:226
external/xla/xla/stream_executor/cuda/cuda_device_allocator.cc:403

E0728 07:23:10.573963   95775 cuda_executor.cc:1176] [0] Failed to allocate device memory of 27.76GiB (29805355008 bytes): RESOURCE_EXHAUSTED: : CUDA_ERROR_OUT_OF_MEMORY: out of memory
=== Source Location Trace: === 
external/xla/xla/stream_executor/cuda/cuda_status.cc:45
external/xla/xla/stream_executor/cuda/cuda_device_allocator.cc:226
external/xla/xla/stream_executor/cuda/cuda_device_allocator.cc:403

E0728 07:23:10.574010   95775 cuda_executor.cc:1176] [0] Failed to allocate device memory of 24.98GiB (26824818688 bytes): RESOURCE_EXHAUSTED: : CUDA_ERROR_OUT_OF_MEMORY: out of memory
=== Source Location Trace: === 
external/xla/xla/stream_executor/cuda/cuda_status.cc:45
external/xla/xla/stream_executor/cuda/cuda_device_allocator.cc:226
external/xla/xla/stream_executor/cuda/cuda_device_allocator.cc:403

E0728 07:23:10.574055   95775 cuda_executor.cc:1176] [0] Failed to allocate device memory of 22.48GiB (24142336000 bytes): RESOURCE_EXHAUSTED: : CUDA_ERROR_OUT_OF_MEMORY: out of memory
=== Source Location Trace: === 
external/xla/xla/stream_executor/cuda/cuda_status.cc:45
external/xla/xla/stream_executor/cuda/cuda_device_allocator.cc:226
external/xla/xla/stream_executor/cuda/cuda_device_allocator.cc:403

E0728 07:23:10.574108   95775 cuda_executor.cc:1176] [0] Failed to allocate device memory of 20.24GiB (21728102400 bytes): RESOURCE_EXHAUSTED: : CUDA_ERROR_OUT_OF_MEMORY: out of memory
=== Source Location Trace: === 
external/xla/xla/stream_executor/cuda/cuda_status.cc:45
external/xla/xla/stream_executor/cuda/cuda_device_allocator.cc:226
external/xla/xla/stream_executor/cuda/cuda_device_allocator.cc:403

E0728 07:23:10.574154   95775 cuda_executor.cc:1176] [0] Failed to allocate device memory of 18.21GiB (19555291136 bytes): RESOURCE_EXHAUSTED: : CUDA_ERROR_OUT_OF_MEMORY: out of memory
=== Source Location Trace: === 
external/xla/xla/stream_executor/cuda/cuda_status.cc:45
external/xla/xla/stream_executor/cuda/cuda_device_allocator.cc:226
external/xla/xla/stream_executor/cuda/cuda_device_allocator.cc:403

E0728 07:23:10.574196   95775 cuda_executor.cc:1176] [0] Failed to allocate device memory of 16.39GiB (17599762432 bytes): RESOURCE_EXHAUSTED: : CUDA_ERROR_OUT_OF_MEMORY: out of memory
=== Source Location Trace: === 
external/xla/xla/stream_executor/cuda/cuda_status.cc:45
external/xla/xla/stream_executor/cuda/cuda_device_allocator.cc:226
external/xla/xla/stream_executor/cuda/cuda_device_allocator.cc:403

E0728 07:23:10.574244   95775 cuda_executor.cc:1176] [0] Failed to allocate device memory of 14.75GiB (15839785984 bytes): RESOURCE_EXHAUSTED: : CUDA_ERROR_OUT_OF_MEMORY: out of memory
=== Source Location Trace: === 
external/xla/xla/stream_executor/cuda/cuda_status.cc:45
external/xla/xla/stream_executor/cuda/cuda_device_allocator.cc:226
external/xla/xla/stream_executor/cuda/cuda_device_allocator.cc:403

E0728 07:23:10.574285   95775 cuda_executor.cc:1176] [0] Failed to allocate device memory of 13.28GiB (14255807488 bytes): RESOURCE_EXHAUSTED: : CUDA_ERROR_OUT_OF_MEMORY: out of memory
=== Source Location Trace: === 
external/xla/xla/stream_executor/cuda/cuda_status.cc:45
external/xla/xla/stream_executor/cuda/cuda_device_allocator.cc:226
external/xla/xla/stream_executor/cuda/cuda_device_allocator.cc:403

E0728 07:23:10.574325   95775 cuda_executor.cc:1176] [0] Failed to allocate device memory of 11.95GiB (12830226432 bytes): RESOURCE_EXHAUSTED: : CUDA_ERROR_OUT_OF_MEMORY: out of memory
=== Source Location Trace: === 
external/xla/xla/stream_executor/cuda/cuda_status.cc:45
external/xla/xla/stream_executor/cuda/cuda_device_allocator.cc:226
external/xla/xla/stream_executor/cuda/cuda_device_allocator.cc:403

E0728 07:23:10.574363   95775 cuda_executor.cc:1176] [0] Failed to allocate device memory of 10.75GiB (11547203584 bytes): RESOURCE_EXHAUSTED: : CUDA_ERROR_OUT_OF_MEMORY: out of memory
=== Source Location Trace: === 
external/xla/xla/stream_executor/cuda/cuda_status.cc:45
external/xla/xla/stream_executor/cuda/cuda_device_allocator.cc:226
external/xla/xla/stream_executor/cuda/cuda_device_allocator.cc:403

E0728 07:23:10.574401   95775 cuda_executor.cc:1176] [0] Failed to allocate device memory of 9.68GiB (10392482816 bytes): RESOURCE_EXHAUSTED: : CUDA_ERROR_OUT_OF_MEMORY: out of memory
=== Source Location Trace: === 
external/xla/xla/stream_executor/cuda/cuda_status.cc:45
external/xla/xla/stream_executor/cuda/cuda_device_allocator.cc:226
external/xla/xla/stream_executor/cuda/cuda_device_allocator.cc:403

E0728 07:23:10.574439   95775 cuda_executor.cc:1176] [0] Failed to allocate device memory of 8.71GiB (9353234432 bytes): RESOURCE_EXHAUSTED: : CUDA_ERROR_OUT_OF_MEMORY: out of memory
=== Source Location Trace: === 
external/xla/xla/stream_executor/cuda/cuda_status.cc:45
external/xla/xla/stream_executor/cuda/cuda_device_allocator.cc:226
external/xla/xla/stream_executor/cuda/cuda_device_allocator.cc:403

E0728 07:23:10.574480   95775 cuda_executor.cc:1176] [0] Failed to allocate device memory of 7.84GiB (8417910784 bytes): RESOURCE_EXHAUSTED: : CUDA_ERROR_OUT_OF_MEMORY: out of memory
=== Source Location Trace: === 
external/xla/xla/stream_executor/cuda/cuda_status.cc:45
external/xla/xla/stream_executor/cuda/cuda_device_allocator.cc:226
external/xla/xla/stream_executor/cuda/cuda_device_allocator.cc:403

E0728 07:23:10.574570   95775 cuda_executor.cc:1176] [0] Failed to allocate device memory of 7.06GiB (7576119296 bytes): RESOURCE_EXHAUSTED: : CUDA_ERROR_OUT_OF_MEMORY: out of memory
=== Source Location Trace: === 
external/xla/xla/stream_executor/cuda/cuda_status.cc:45
external/xla/xla/stream_executor/cuda/cuda_device_allocator.cc:226
external/xla/xla/stream_executor/cuda/cuda_device_allocator.cc:403

E0728 07:23:10.574650   95775 cuda_executor.cc:1176] [0] Failed to allocate device memory of 6.35GiB (6818507264 bytes): RESOURCE_EXHAUSTED: : CUDA_ERROR_OUT_OF_MEMORY: out of memory
=== Source Location Trace: === 
external/xla/xla/stream_executor/cuda/cuda_status.cc:45
external/xla/xla/stream_executor/cuda/cuda_device_allocator.cc:226
external/xla/xla/stream_executor/cuda/cuda_device_allocator.cc:403

E0728 07:23:10.574689   95775 cuda_executor.cc:1176] [0] Failed to allocate device memory of 5.71GiB (6136656384 bytes): RESOURCE_EXHAUSTED: : CUDA_ERROR_OUT_OF_MEMORY: out of memory
=== Source Location Trace: === 
external/xla/xla/stream_executor/cuda/cuda_status.cc:45
external/xla/xla/stream_executor/cuda/cuda_device_allocator.cc:226
external/xla/xla/stream_executor/cuda/cuda_device_allocator.cc:403

E0728 07:23:10.574728   95775 cuda_executor.cc:1176] [0] Failed to allocate device memory of 5.14GiB (5522990592 bytes): RESOURCE_EXHAUSTED: : CUDA_ERROR_OUT_OF_MEMORY: out of memory
=== Source Location Trace: === 
external/xla/xla/stream_executor/cuda/cuda_status.cc:45
external/xla/xla/stream_executor/cuda/cuda_device_allocator.cc:226
external/xla/xla/stream_executor/cuda/cuda_device_allocator.cc:403

E0728 07:23:10.574767   95775 cuda_executor.cc:1176] [0] Failed to allocate device memory of 4.63GiB (4970691584 bytes): RESOURCE_EXHAUSTED: : CUDA_ERROR_OUT_OF_MEMORY: out of memory
=== Source Location Trace: === 
external/xla/xla/stream_executor/cuda/cuda_status.cc:45
external/xla/xla/stream_executor/cuda/cuda_device_allocator.cc:226
external/xla/xla/stream_executor/cuda/cuda_device_allocator.cc:403

E0728 07:23:10.574805   95775 cuda_executor.cc:1176] [0] Failed to allocate device memory of 4.17GiB (4473622528 bytes): RESOURCE_EXHAUSTED: : CUDA_ERROR_OUT_OF_MEMORY: out of memory
=== Source Location Trace: === 
external/xla/xla/stream_executor/cuda/cuda_status.cc:45
external/xla/xla/stream_executor/cuda/cuda_device_allocator.cc:226
external/xla/xla/stream_executor/cuda/cuda_device_allocator.cc:403

E0728 07:23:10.574844   95775 cuda_executor.cc:1176] [0] Failed to allocate device memory of 3.75GiB (4026260224 bytes): RESOURCE_EXHAUSTED: : CUDA_ERROR_OUT_OF_MEMORY: out of memory
=== Source Location Trace: === 
external/xla/xla/stream_executor/cuda/cuda_status.cc:45
external/xla/xla/stream_executor/cuda/cuda_device_allocator.cc:226
external/xla/xla/stream_executor/cuda/cuda_device_allocator.cc:403

E0728 07:23:10.574886   95775 cuda_executor.cc:1176] [0] Failed to allocate device memory of 3.37GiB (3623634176 bytes): RESOURCE_EXHAUSTED: : CUDA_ERROR_OUT_OF_MEMORY: out of memory
=== Source Location Trace: === 
external/xla/xla/stream_executor/cuda/cuda_status.cc:45
external/xla/xla/stream_executor/cuda/cuda_device_allocator.cc:226
external/xla/xla/stream_executor/cuda/cuda_device_allocator.cc:403

E0728 07:23:10.574924   95775 cuda_executor.cc:1176] [0] Failed to allocate device memory of 3.04GiB (3261270784 bytes): RESOURCE_EXHAUSTED: : CUDA_ERROR_OUT_OF_MEMORY: out of memory
=== Source Location Trace: === 
external/xla/xla/stream_executor/cuda/cuda_status.cc:45
external/xla/xla/stream_executor/cuda/cuda_device_allocator.cc:226
external/xla/xla/stream_executor/cuda/cuda_device_allocator.cc:403

E0728 07:23:10.574961   95775 cuda_executor.cc:1176] [0] Failed to allocate device memory of 2.73GiB (2935143680 bytes): RESOURCE_EXHAUSTED: : CUDA_ERROR_OUT_OF_MEMORY: out of memory
=== Source Location Trace: === 
external/xla/xla/stream_executor/cuda/cuda_status.cc:45
external/xla/xla/stream_executor/cuda/cuda_device_allocator.cc:226
external/xla/xla/stream_executor/cuda/cuda_device_allocator.cc:403

E0728 07:23:10.574997   95775 cuda_executor.cc:1176] [0] Failed to allocate device memory of 2.46GiB (2641629184 bytes): RESOURCE_EXHAUSTED: : CUDA_ERROR_OUT_OF_MEMORY: out of memory
=== Source Location Trace: === 
external/xla/xla/stream_executor/cuda/cuda_status.cc:45
external/xla/xla/stream_executor/cuda/cuda_device_allocator.cc:226
external/xla/xla/stream_executor/cuda/cuda_device_allocator.cc:403

E0728 07:23:10.575033   95775 cuda_executor.cc:1176] [0] Failed to allocate device memory of 2.21GiB (2377466112 bytes): RESOURCE_EXHAUSTED: : CUDA_ERROR_OUT_OF_MEMORY: out of memory
=== Source Location Trace: === 
external/xla/xla/stream_executor/cuda/cuda_status.cc:45
external/xla/xla/stream_executor/cuda/cuda_device_allocator.cc:226
external/xla/xla/stream_executor/cuda/cuda_device_allocator.cc:403

E0728 07:23:10.575076   95775 cuda_executor.cc:1176] [0] Failed to allocate device memory of 1.99GiB (2139719424 bytes): RESOURCE_EXHAUSTED: : CUDA_ERROR_OUT_OF_MEMORY: out of memory
=== Source Location Trace: === 
external/xla/xla/stream_executor/cuda/cuda_status.cc:45
external/xla/xla/stream_executor/cuda/cuda_device_allocator.cc:226
external/xla/xla/stream_executor/cuda/cuda_device_allocator.cc:403

E0728 07:23:10.575115   95775 cuda_executor.cc:1176] [0] Failed to allocate device memory of 1.79GiB (1925747456 bytes): RESOURCE_EXHAUSTED: : CUDA_ERROR_OUT_OF_MEMORY: out of memory
=== Source Location Trace: === 
external/xla/xla/stream_executor/cuda/cuda_status.cc:45
external/xla/xla/stream_executor/cuda/cuda_device_allocator.cc:226
external/xla/xla/stream_executor/cuda/cuda_device_allocator.cc:403

E0728 07:23:10.575152   95775 cuda_executor.cc:1176] [0] Failed to allocate device memory of 1.61GiB (1733172736 bytes): RESOURCE_EXHAUSTED: : CUDA_ERROR_OUT_OF_MEMORY: out of memory
=== Source Location Trace: === 
external/xla/xla/stream_executor/cuda/cuda_status.cc:45
external/xla/xla/stream_executor/cuda/cuda_device_allocator.cc:226
external/xla/xla/stream_executor/cuda/cuda_device_allocator.cc:403

E0728 07:23:10.575188   95775 cuda_executor.cc:1176] [0] Failed to allocate device memory of 1.45GiB (1559855360 bytes): RESOURCE_EXHAUSTED: : CUDA_ERROR_OUT_OF_MEMORY: out of memory
=== Source Location Trace: === 
external/xla/xla/stream_executor/cuda/cuda_status.cc:45
external/xla/xla/stream_executor/cuda/cuda_device_allocator.cc:226
external/xla/xla/stream_executor/cuda/cuda_device_allocator.cc:403

E0728 07:23:10.575223   95775 cuda_executor.cc:1176] [0] Failed to allocate device memory of 1.31GiB (1403869952 bytes): RESOURCE_EXHAUSTED: : CUDA_ERROR_OUT_OF_MEMORY: out of memory
=== Source Location Trace: === 
external/xla/xla/stream_executor/cuda/cuda_status.cc:45
external/xla/xla/stream_executor/cuda/cuda_device_allocator.cc:226
external/xla/xla/stream_executor/cuda/cuda_device_allocator.cc:403

E0728 07:23:10.575258   95775 cuda_executor.cc:1176] [0] Failed to allocate device memory of 1.18GiB (1263482880 bytes): RESOURCE_EXHAUSTED: : CUDA_ERROR_OUT_OF_MEMORY: out of memory
=== Source Location Trace: === 
external/xla/xla/stream_executor/cuda/cuda_status.cc:45
external/xla/xla/stream_executor/cuda/cuda_device_allocator.cc:226
external/xla/xla/stream_executor/cuda/cuda_device_allocator.cc:403

E0728 07:23:10.575293   95775 cuda_executor.cc:1176] [0] Failed to allocate device memory of 1.06GiB (1137134592 bytes): RESOURCE_EXHAUSTED: : CUDA_ERROR_OUT_OF_MEMORY: out of memory
=== Source Location Trace: === 
external/xla/xla/stream_executor/cuda/cuda_status.cc:45
external/xla/xla/stream_executor/cuda/cuda_device_allocator.cc:226
external/xla/xla/stream_executor/cuda/cuda_device_allocator.cc:403

E0728 07:23:10.575329   95775 cuda_executor.cc:1176] [0] Failed to allocate device memory of 976.01MiB (1023421184 bytes): RESOURCE_EXHAUSTED: : CUDA_ERROR_OUT_OF_MEMORY: out of memory
=== Source Location Trace: === 
external/xla/xla/stream_executor/cuda/cuda_status.cc:45
external/xla/xla/stream_executor/cuda/cuda_device_allocator.cc:226
external/xla/xla/stream_executor/cuda/cuda_device_allocator.cc:403

E0728 07:23:10.575364   95775 cuda_executor.cc:1176] [0] Failed to allocate device memory of 878.41MiB (921079040 bytes): RESOURCE_EXHAUSTED: : CUDA_ERROR_OUT_OF_MEMORY: out of memory
=== Source Location Trace: === 
external/xla/xla/stream_executor/cuda/cuda_status.cc:45
external/xla/xla/stream_executor/cuda/cuda_device_allocator.cc:226
external/xla/xla/stream_executor/cuda/cuda_device_allocator.cc:403

E0728 07:23:10.575399   95775 cuda_executor.cc:1176] [0] Failed to allocate device memory of 790.57MiB (828971264 bytes): RESOURCE_EXHAUSTED: : CUDA_ERROR_OUT_OF_MEMORY: out of memory
=== Source Location Trace: === 
external/xla/xla/stream_executor/cuda/cuda_status.cc:45
external/xla/xla/stream_executor/cuda/cuda_device_allocator.cc:226
external/xla/xla/stream_executor/cuda/cuda_device_allocator.cc:403

E0728 07:23:10.575434   95775 cuda_executor.cc:1176] [0] Failed to allocate device memory of 711.51MiB (746074112 bytes): RESOURCE_EXHAUSTED: : CUDA_ERROR_OUT_OF_MEMORY: out of memory
=== Source Location Trace: === 
external/xla/xla/stream_executor/cuda/cuda_status.cc:45
external/xla/xla/stream_executor/cuda/cuda_device_allocator.cc:226
external/xla/xla/stream_executor/cuda/cuda_device_allocator.cc:403

E0728 07:23:10.575469   95775 cuda_executor.cc:1176] [0] Failed to allocate device memory of 640.36MiB (671466752 bytes): RESOURCE_EXHAUSTED: : CUDA_ERROR_OUT_OF_MEMORY: out of memory
=== Source Location Trace: === 
external/xla/xla/stream_executor/cuda/cuda_status.cc:45
external/xla/xla/stream_executor/cuda/cuda_device_allocator.cc:226
external/xla/xla/stream_executor/cuda/cuda_device_allocator.cc:403

E0728 07:23:10.575505   95775 cuda_executor.cc:1176] [0] Failed to allocate device memory of 576.32MiB (604320256 bytes): RESOURCE_EXHAUSTED: : CUDA_ERROR_OUT_OF_MEMORY: out of memory
=== Source Location Trace: === 
external/xla/xla/stream_executor/cuda/cuda_status.cc:45
external/xla/xla/stream_executor/cuda/cuda_device_allocator.cc:226
external/xla/xla/stream_executor/cuda/cuda_device_allocator.cc:403

E0728 07:23:10.575540   95775 cuda_executor.cc:1176] [0] Failed to allocate device memory of 518.69MiB (543888384 bytes): RESOURCE_EXHAUSTED: : CUDA_ERROR_OUT_OF_MEMORY: out of memory
=== Source Location Trace: === 
external/xla/xla/stream_executor/cuda/cuda_status.cc:45
external/xla/xla/stream_executor/cuda/cuda_device_allocator.cc:226
external/xla/xla/stream_executor/cuda/cuda_device_allocator.cc:403

E0728 07:23:10.575639   95775 cuda_executor.cc:1176] [0] Failed to allocate device memory of 64.48GiB (69239570432 bytes): RESOURCE_EXHAUSTED: : CUDA_ERROR_OUT_OF_MEMORY: out of memory
=== Source Location Trace: === 
external/xla/xla/stream_executor/cuda/cuda_status.cc:45
external/xla/xla/stream_executor/cuda/cuda_device_allocator.cc:226
external/xla/xla/stream_executor/cuda/cuda_device_allocator.cc:403

E0728 07:23:10.575704   95775 cuda_executor.cc:1176] [0] Failed to allocate device memory of 58.04GiB (62315610112 bytes): RESOURCE_EXHAUSTED: : CUDA_ERROR_OUT_OF_MEMORY: out of memory
=== Source Location Trace: === 
external/xla/xla/stream_executor/cuda/cuda_status.cc:45
external/xla/xla/stream_executor/cuda/cuda_device_allocator.cc:226
external/xla/xla/stream_executor/cuda/cuda_device_allocator.cc:403

E0728 07:23:10.575766   95775 cuda_executor.cc:1176] [0] Failed to allocate device memory of 52.23GiB (56084045824 bytes): RESOURCE_EXHAUSTED: : CUDA_ERROR_OUT_OF_MEMORY: out of memory
=== Source Location Trace: === 
external/xla/xla/stream_executor/cuda/cuda_status.cc:45
external/xla/xla/stream_executor/cuda/cuda_device_allocator.cc:226
external/xla/xla/stream_executor/cuda/cuda_device_allocator.cc:403

E0728 07:23:10.575825   95775 cuda_executor.cc:1176] [0] Failed to allocate device memory of 47.01GiB (50475638784 bytes): RESOURCE_EXHAUSTED: : CUDA_ERROR_OUT_OF_MEMORY: out of memory
=== Source Location Trace: === 
external/xla/xla/stream_executor/cuda/cuda_status.cc:45
external/xla/xla/stream_executor/cuda/cuda_device_allocator.cc:226
external/xla/xla/stream_executor/cuda/cuda_device_allocator.cc:403

E0728 07:23:10.575885   95775 cuda_executor.cc:1176] [0] Failed to allocate device memory of 42.31GiB (45428072448 bytes): RESOURCE_EXHAUSTED: : CUDA_ERROR_OUT_OF_MEMORY: out of memory
=== Source Location Trace: === 
external/xla/xla/stream_executor/cuda/cuda_status.cc:45
external/xla/xla/stream_executor/cuda/cuda_device_allocator.cc:226
external/xla/xla/stream_executor/cuda/cuda_device_allocator.cc:403

E0728 07:23:10.575941   95775 cuda_executor.cc:1176] [0] Failed to allocate device memory of 38.08GiB (40885264384 bytes): RESOURCE_EXHAUSTED: : CUDA_ERROR_OUT_OF_MEMORY: out of memory
=== Source Location Trace: === 
external/xla/xla/stream_executor/cuda/cuda_status.cc:45
external/xla/xla/stream_executor/cuda/cuda_device_allocator.cc:226
external/xla/xla/stream_executor/cuda/cuda_device_allocator.cc:403

E0728 07:23:10.575993   95775 cuda_executor.cc:1176] [0] Failed to allocate device memory of 34.27GiB (36796735488 bytes): RESOURCE_EXHAUSTED: : CUDA_ERROR_OUT_OF_MEMORY: out of memory
=== Source Location Trace: === 
external/xla/xla/stream_executor/cuda/cuda_status.cc:45
external/xla/xla/stream_executor/cuda/cuda_device_allocator.cc:226
external/xla/xla/stream_executor/cuda/cuda_device_allocator.cc:403

E0728 07:23:10.576043   95775 cuda_executor.cc:1176] [0] Failed to allocate device memory of 30.84GiB (33117061120 bytes): RESOURCE_EXHAUSTED: : CUDA_ERROR_OUT_OF_MEMORY: out of memory
=== Source Location Trace: === 
external/xla/xla/stream_executor/cuda/cuda_status.cc:45
external/xla/xla/stream_executor/cuda/cuda_device_allocator.cc:226
external/xla/xla/stream_executor/cuda/cuda_device_allocator.cc:403

E0728 07:23:10.576098   95775 cuda_executor.cc:1176] [0] Failed to allocate device memory of 27.76GiB (29805355008 bytes): RESOURCE_EXHAUSTED: : CUDA_ERROR_OUT_OF_MEMORY: out of memory
=== Source Location Trace: === 
external/xla/xla/stream_executor/cuda/cuda_status.cc:45
external/xla/xla/stream_executor/cuda/cuda_device_allocator.cc:226
external/xla/xla/stream_executor/cuda/cuda_device_allocator.cc:403

E0728 07:23:10.576145   95775 cuda_executor.cc:1176] [0] Failed to allocate device memory of 24.98GiB (26824818688 bytes): RESOURCE_EXHAUSTED: : CUDA_ERROR_OUT_OF_MEMORY: out of memory
=== Source Location Trace: === 
external/xla/xla/stream_executor/cuda/cuda_status.cc:45
external/xla/xla/stream_executor/cuda/cuda_device_allocator.cc:226
external/xla/xla/stream_executor/cuda/cuda_device_allocator.cc:403

E0728 07:23:10.576190   95775 cuda_executor.cc:1176] [0] Failed to allocate device memory of 22.48GiB (24142336000 bytes): RESOURCE_EXHAUSTED: : CUDA_ERROR_OUT_OF_MEMORY: out of memory
=== Source Location Trace: === 
external/xla/xla/stream_executor/cuda/cuda_status.cc:45
external/xla/xla/stream_executor/cuda/cuda_device_allocator.cc:226
external/xla/xla/stream_executor/cuda/cuda_device_allocator.cc:403

E0728 07:23:10.576233   95775 cuda_executor.cc:1176] [0] Failed to allocate device memory of 20.24GiB (21728102400 bytes): RESOURCE_EXHAUSTED: : CUDA_ERROR_OUT_OF_MEMORY: out of memory
=== Source Location Trace: === 
external/xla/xla/stream_executor/cuda/cuda_status.cc:45
external/xla/xla/stream_executor/cuda/cuda_device_allocator.cc:226
external/xla/xla/stream_executor/cuda/cuda_device_allocator.cc:403

E0728 07:23:10.576276   95775 cuda_executor.cc:1176] [0] Failed to allocate device memory of 18.21GiB (19555291136 bytes): RESOURCE_EXHAUSTED: : CUDA_ERROR_OUT_OF_MEMORY: out of memory
=== Source Location Trace: === 
external/xla/xla/stream_executor/cuda/cuda_status.cc:45
external/xla/xla/stream_executor/cuda/cuda_device_allocator.cc:226
external/xla/xla/stream_executor/cuda/cuda_device_allocator.cc:403

E0728 07:23:10.576317   95775 cuda_executor.cc:1176] [0] Failed to allocate device memory of 16.39GiB (17599762432 bytes): RESOURCE_EXHAUSTED: : CUDA_ERROR_OUT_OF_MEMORY: out of memory
=== Source Location Trace: === 
external/xla/xla/stream_executor/cuda/cuda_status.cc:45
external/xla/xla/stream_executor/cuda/cuda_device_allocator.cc:226
external/xla/xla/stream_executor/cuda/cuda_device_allocator.cc:403

E0728 07:23:10.576364   95775 cuda_executor.cc:1176] [0] Failed to allocate device memory of 14.75GiB (15839785984 bytes): RESOURCE_EXHAUSTED: : CUDA_ERROR_OUT_OF_MEMORY: out of memory
=== Source Location Trace: === 
external/xla/xla/stream_executor/cuda/cuda_status.cc:45
external/xla/xla/stream_executor/cuda/cuda_device_allocator.cc:226
external/xla/xla/stream_executor/cuda/cuda_device_allocator.cc:403

E0728 07:23:10.576403   95775 cuda_executor.cc:1176] [0] Failed to allocate device memory of 13.28GiB (14255807488 bytes): RESOURCE_EXHAUSTED: : CUDA_ERROR_OUT_OF_MEMORY: out of memory
=== Source Location Trace: === 
external/xla/xla/stream_executor/cuda/cuda_status.cc:45
external/xla/xla/stream_executor/cuda/cuda_device_allocator.cc:226
external/xla/xla/stream_executor/cuda/cuda_device_allocator.cc:403

E0728 07:23:10.576441   95775 cuda_executor.cc:1176] [0] Failed to allocate device memory of 11.95GiB (12830226432 bytes): RESOURCE_EXHAUSTED: : CUDA_ERROR_OUT_OF_MEMORY: out of memory
=== Source Location Trace: === 
external/xla/xla/stream_executor/cuda/cuda_status.cc:45
external/xla/xla/stream_executor/cuda/cuda_device_allocator.cc:226
external/xla/xla/stream_executor/cuda/cuda_device_allocator.cc:403

E0728 07:23:10.576479   95775 cuda_executor.cc:1176] [0] Failed to allocate device memory of 10.75GiB (11547203584 bytes): RESOURCE_EXHAUSTED: : CUDA_ERROR_OUT_OF_MEMORY: out of memory
=== Source Location Trace: === 
external/xla/xla/stream_executor/cuda/cuda_status.cc:45
external/xla/xla/stream_executor/cuda/cuda_device_allocator.cc:226
external/xla/xla/stream_executor/cuda/cuda_device_allocator.cc:403

E0728 07:23:10.576518   95775 cuda_executor.cc:1176] [0] Failed to allocate device memory of 9.68GiB (10392482816 bytes): RESOURCE_EXHAUSTED: : CUDA_ERROR_OUT_OF_MEMORY: out of memory
=== Source Location Trace: === 
external/xla/xla/stream_executor/cuda/cuda_status.cc:45
external/xla/xla/stream_executor/cuda/cuda_device_allocator.cc:226
external/xla/xla/stream_executor/cuda/cuda_device_allocator.cc:403

E0728 07:23:10.576555   95775 cuda_executor.cc:1176] [0] Failed to allocate device memory of 8.71GiB (9353234432 bytes): RESOURCE_EXHAUSTED: : CUDA_ERROR_OUT_OF_MEMORY: out of memory
=== Source Location Trace: === 
external/xla/xla/stream_executor/cuda/cuda_status.cc:45
external/xla/xla/stream_executor/cuda/cuda_device_allocator.cc:226
external/xla/xla/stream_executor/cuda/cuda_device_allocator.cc:403

E0728 07:23:10.576591   95775 cuda_executor.cc:1176] [0] Failed to allocate device memory of 7.84GiB (8417910784 bytes): RESOURCE_EXHAUSTED: : CUDA_ERROR_OUT_OF_MEMORY: out of memory
=== Source Location Trace: === 
external/xla/xla/stream_executor/cuda/cuda_status.cc:45
external/xla/xla/stream_executor/cuda/cuda_device_allocator.cc:226
external/xla/xla/stream_executor/cuda/cuda_device_allocator.cc:403

E0728 07:23:10.576630   95775 cuda_executor.cc:1176] [0] Failed to allocate device memory of 7.06GiB (7576119296 bytes): RESOURCE_EXHAUSTED: : CUDA_ERROR_OUT_OF_MEMORY: out of memory
=== Source Location Trace: === 
external/xla/xla/stream_executor/cuda/cuda_status.cc:45
external/xla/xla/stream_executor/cuda/cuda_device_allocator.cc:226
external/xla/xla/stream_executor/cuda/cuda_device_allocator.cc:403

E0728 07:23:10.576668   95775 cuda_executor.cc:1176] [0] Failed to allocate device memory of 6.35GiB (6818507264 bytes): RESOURCE_EXHAUSTED: : CUDA_ERROR_OUT_OF_MEMORY: out of memory
=== Source Location Trace: === 
external/xla/xla/stream_executor/cuda/cuda_status.cc:45
external/xla/xla/stream_executor/cuda/cuda_device_allocator.cc:226
external/xla/xla/stream_executor/cuda/cuda_device_allocator.cc:403

E0728 07:23:10.576707   95775 cuda_executor.cc:1176] [0] Failed to allocate device memory of 5.71GiB (6136656384 bytes): RESOURCE_EXHAUSTED: : CUDA_ERROR_OUT_OF_MEMORY: out of memory
=== Source Location Trace: === 
external/xla/xla/stream_executor/cuda/cuda_status.cc:45
external/xla/xla/stream_executor/cuda/cuda_device_allocator.cc:226
external/xla/xla/stream_executor/cuda/cuda_device_allocator.cc:403

E0728 07:23:10.576744   95775 cuda_executor.cc:1176] [0] Failed to allocate device memory of 5.14GiB (5522990592 bytes): RESOURCE_EXHAUSTED: : CUDA_ERROR_OUT_OF_MEMORY: out of memory
=== Source Location Trace: === 
external/xla/xla/stream_executor/cuda/cuda_status.cc:45
external/xla/xla/stream_executor/cuda/cuda_device_allocator.cc:226
external/xla/xla/stream_executor/cuda/cuda_device_allocator.cc:403

E0728 07:23:10.576782   95775 cuda_executor.cc:1176] [0] Failed to allocate device memory of 4.63GiB (4970691584 bytes): RESOURCE_EXHAUSTED: : CUDA_ERROR_OUT_OF_MEMORY: out of memory
=== Source Location Trace: === 
external/xla/xla/stream_executor/cuda/cuda_status.cc:45
external/xla/xla/stream_executor/cuda/cuda_device_allocator.cc:226
external/xla/xla/stream_executor/cuda/cuda_device_allocator.cc:403

E0728 07:23:10.576819   95775 cuda_executor.cc:1176] [0] Failed to allocate device memory of 4.17GiB (4473622528 bytes): RESOURCE_EXHAUSTED: : CUDA_ERROR_OUT_OF_MEMORY: out of memory
=== Source Location Trace: === 
external/xla/xla/stream_executor/cuda/cuda_status.cc:45
external/xla/xla/stream_executor/cuda/cuda_device_allocator.cc:226
external/xla/xla/stream_executor/cuda/cuda_device_allocator.cc:403

E0728 07:23:10.576856   95775 cuda_executor.cc:1176] [0] Failed to allocate device memory of 3.75GiB (4026260224 bytes): RESOURCE_EXHAUSTED: : CUDA_ERROR_OUT_OF_MEMORY: out of memory
=== Source Location Trace: === 
external/xla/xla/stream_executor/cuda/cuda_status.cc:45
external/xla/xla/stream_executor/cuda/cuda_device_allocator.cc:226
external/xla/xla/stream_executor/cuda/cuda_device_allocator.cc:403

E0728 07:23:10.576897   95775 cuda_executor.cc:1176] [0] Failed to allocate device memory of 3.37GiB (3623634176 bytes): RESOURCE_EXHAUSTED: : CUDA_ERROR_OUT_OF_MEMORY: out of memory
=== Source Location Trace: === 
external/xla/xla/stream_executor/cuda/cuda_status.cc:45
external/xla/xla/stream_executor/cuda/cuda_device_allocator.cc:226
external/xla/xla/stream_executor/cuda/cuda_device_allocator.cc:403

E0728 07:23:10.576935   95775 cuda_executor.cc:1176] [0] Failed to allocate device memory of 3.04GiB (3261270784 bytes): RESOURCE_EXHAUSTED: : CUDA_ERROR_OUT_OF_MEMORY: out of memory
=== Source Location Trace: === 
external/xla/xla/stream_executor/cuda/cuda_status.cc:45
external/xla/xla/stream_executor/cuda/cuda_device_allocator.cc:226
external/xla/xla/stream_executor/cuda/cuda_device_allocator.cc:403

E0728 07:23:10.576971   95775 cuda_executor.cc:1176] [0] Failed to allocate device memory of 2.73GiB (2935143680 bytes): RESOURCE_EXHAUSTED: : CUDA_ERROR_OUT_OF_MEMORY: out of memory
=== Source Location Trace: === 
external/xla/xla/stream_executor/cuda/cuda_status.cc:45
external/xla/xla/stream_executor/cuda/cuda_device_allocator.cc:226
external/xla/xla/stream_executor/cuda/cuda_device_allocator.cc:403

E0728 07:23:10.577007   95775 cuda_executor.cc:1176] [0] Failed to allocate device memory of 2.46GiB (2641629184 bytes): RESOURCE_EXHAUSTED: : CUDA_ERROR_OUT_OF_MEMORY: out of memory
=== Source Location Trace: === 
external/xla/xla/stream_executor/cuda/cuda_status.cc:45
external/xla/xla/stream_executor/cuda/cuda_device_allocator.cc:226
external/xla/xla/stream_executor/cuda/cuda_device_allocator.cc:403

E0728 07:23:10.577043   95775 cuda_executor.cc:1176] [0] Failed to allocate device memory of 2.21GiB (2377466112 bytes): RESOURCE_EXHAUSTED: : CUDA_ERROR_OUT_OF_MEMORY: out of memory
=== Source Location Trace: === 
external/xla/xla/stream_executor/cuda/cuda_status.cc:45
external/xla/xla/stream_executor/cuda/cuda_device_allocator.cc:226
external/xla/xla/stream_executor/cuda/cuda_device_allocator.cc:403

E0728 07:23:10.577084   95775 cuda_executor.cc:1176] [0] Failed to allocate device memory of 1.99GiB (2139719424 bytes): RESOURCE_EXHAUSTED: : CUDA_ERROR_OUT_OF_MEMORY: out of memory
=== Source Location Trace: === 
external/xla/xla/stream_executor/cuda/cuda_status.cc:45
external/xla/xla/stream_executor/cuda/cuda_device_allocator.cc:226
external/xla/xla/stream_executor/cuda/cuda_device_allocator.cc:403

E0728 07:23:10.577121   95775 cuda_executor.cc:1176] [0] Failed to allocate device memory of 1.79GiB (1925747456 bytes): RESOURCE_EXHAUSTED: : CUDA_ERROR_OUT_OF_MEMORY: out of memory
=== Source Location Trace: === 
external/xla/xla/stream_executor/cuda/cuda_status.cc:45
external/xla/xla/stream_executor/cuda/cuda_device_allocator.cc:226
external/xla/xla/stream_executor/cuda/cuda_device_allocator.cc:403

E0728 07:23:10.577157   95775 cuda_executor.cc:1176] [0] Failed to allocate device memory of 1.61GiB (1733172736 bytes): RESOURCE_EXHAUSTED: : CUDA_ERROR_OUT_OF_MEMORY: out of memory
=== Source Location Trace: === 
external/xla/xla/stream_executor/cuda/cuda_status.cc:45
external/xla/xla/stream_executor/cuda/cuda_device_allocator.cc:226
external/xla/xla/stream_executor/cuda/cuda_device_allocator.cc:403

E0728 07:23:10.577192   95775 cuda_executor.cc:1176] [0] Failed to allocate device memory of 1.45GiB (1559855360 bytes): RESOURCE_EXHAUSTED: : CUDA_ERROR_OUT_OF_MEMORY: out of memory
=== Source Location Trace: === 
external/xla/xla/stream_executor/cuda/cuda_status.cc:45
external/xla/xla/stream_executor/cuda/cuda_device_allocator.cc:226
external/xla/xla/stream_executor/cuda/cuda_device_allocator.cc:403

E0728 07:23:10.577227   95775 cuda_executor.cc:1176] [0] Failed to allocate device memory of 1.31GiB (1403869952 bytes): RESOURCE_EXHAUSTED: : CUDA_ERROR_OUT_OF_MEMORY: out of memory
=== Source Location Trace: === 
external/xla/xla/stream_executor/cuda/cuda_status.cc:45
external/xla/xla/stream_executor/cuda/cuda_device_allocator.cc:226
external/xla/xla/stream_executor/cuda/cuda_device_allocator.cc:403

E0728 07:23:10.577264   95775 cuda_executor.cc:1176] [0] Failed to allocate device memory of 1.18GiB (1263482880 bytes): RESOURCE_EXHAUSTED: : CUDA_ERROR_OUT_OF_MEMORY: out of memory
=== Source Location Trace: === 
external/xla/xla/stream_executor/cuda/cuda_status.cc:45
external/xla/xla/stream_executor/cuda/cuda_device_allocator.cc:226
external/xla/xla/stream_executor/cuda/cuda_device_allocator.cc:403

E0728 07:23:10.577299   95775 cuda_executor.cc:1176] [0] Failed to allocate device memory of 1.06GiB (1137134592 bytes): RESOURCE_EXHAUSTED: : CUDA_ERROR_OUT_OF_MEMORY: out of memory
=== Source Location Trace: === 
external/xla/xla/stream_executor/cuda/cuda_status.cc:45
external/xla/xla/stream_executor/cuda/cuda_device_allocator.cc:226
external/xla/xla/stream_executor/cuda/cuda_device_allocator.cc:403

E0728 07:23:10.577334   95775 cuda_executor.cc:1176] [0] Failed to allocate device memory of 976.01MiB (1023421184 bytes): RESOURCE_EXHAUSTED: : CUDA_ERROR_OUT_OF_MEMORY: out of memory
=== Source Location Trace: === 
external/xla/xla/stream_executor/cuda/cuda_status.cc:45
external/xla/xla/stream_executor/cuda/cuda_device_allocator.cc:226
external/xla/xla/stream_executor/cuda/cuda_device_allocator.cc:403

E0728 07:23:10.577368   95775 cuda_executor.cc:1176] [0] Failed to allocate device memory of 878.41MiB (921079040 bytes): RESOURCE_EXHAUSTED: : CUDA_ERROR_OUT_OF_MEMORY: out of memory
=== Source Location Trace: === 
external/xla/xla/stream_executor/cuda/cuda_status.cc:45
external/xla/xla/stream_executor/cuda/cuda_device_allocator.cc:226
external/xla/xla/stream_executor/cuda/cuda_device_allocator.cc:403

E0728 07:23:10.577403   95775 cuda_executor.cc:1176] [0] Failed to allocate device memory of 790.57MiB (828971264 bytes): RESOURCE_EXHAUSTED: : CUDA_ERROR_OUT_OF_MEMORY: out of memory
=== Source Location Trace: === 
external/xla/xla/stream_executor/cuda/cuda_status.cc:45
external/xla/xla/stream_executor/cuda/cuda_device_allocator.cc:226
external/xla/xla/stream_executor/cuda/cuda_device_allocator.cc:403

E0728 07:23:10.577438   95775 cuda_executor.cc:1176] [0] Failed to allocate device memory of 711.51MiB (746074112 bytes): RESOURCE_EXHAUSTED: : CUDA_ERROR_OUT_OF_MEMORY: out of memory
=== Source Location Trace: === 
external/xla/xla/stream_executor/cuda/cuda_status.cc:45
external/xla/xla/stream_executor/cuda/cuda_device_allocator.cc:226
external/xla/xla/stream_executor/cuda/cuda_device_allocator.cc:403

E0728 07:23:10.577473   95775 cuda_executor.cc:1176] [0] Failed to allocate device memory of 640.36MiB (671466752 bytes): RESOURCE_EXHAUSTED: : CUDA_ERROR_OUT_OF_MEMORY: out of memory
=== Source Location Trace: === 
external/xla/xla/stream_executor/cuda/cuda_status.cc:45
external/xla/xla/stream_executor/cuda/cuda_device_allocator.cc:226
external/xla/xla/stream_executor/cuda/cuda_device_allocator.cc:403

E0728 07:23:10.577508   95775 cuda_executor.cc:1176] [0] Failed to allocate device memory of 576.32MiB (604320256 bytes): RESOURCE_EXHAUSTED: : CUDA_ERROR_OUT_OF_MEMORY: out of memory
=== Source Location Trace: === 
external/xla/xla/stream_executor/cuda/cuda_status.cc:45
external/xla/xla/stream_executor/cuda/cuda_device_allocator.cc:226
external/xla/xla/stream_executor/cuda/cuda_device_allocator.cc:403

E0728 07:23:10.577542   95775 cuda_executor.cc:1176] [0] Failed to allocate device memory of 518.69MiB (543888384 bytes): RESOURCE_EXHAUSTED: : CUDA_ERROR_OUT_OF_MEMORY: out of memory
=== Source Location Trace: === 
external/xla/xla/stream_executor/cuda/cuda_status.cc:45
external/xla/xla/stream_executor/cuda/cuda_device_allocator.cc:226
external/xla/xla/stream_executor/cuda/cuda_device_allocator.cc:403

E0728 07:23:20.577939   95775 cuda_executor.cc:1176] [0] Failed to allocate device memory of 64.48GiB (69239570432 bytes): RESOURCE_EXHAUSTED: : CUDA_ERROR_OUT_OF_MEMORY: out of memory
=== Source Location Trace: === 
external/xla/xla/stream_executor/cuda/cuda_status.cc:45
external/xla/xla/stream_executor/cuda/cuda_device_allocator.cc:226
external/xla/xla/stream_executor/cuda/cuda_device_allocator.cc:403

E0728 07:23:20.578110   95775 cuda_executor.cc:1176] [0] Failed to allocate device memory of 58.04GiB (62315610112 bytes): RESOURCE_EXHAUSTED: : CUDA_ERROR_OUT_OF_MEMORY: out of memory
=== Source Location Trace: === 
external/xla/xla/stream_executor/cuda/cuda_status.cc:45
external/xla/xla/stream_executor/cuda/cuda_device_allocator.cc:226
external/xla/xla/stream_executor/cuda/cuda_device_allocator.cc:403

E0728 07:23:20.578180   95775 cuda_executor.cc:1176] [0] Failed to allocate device memory of 52.23GiB (56084045824 bytes): RESOURCE_EXHAUSTED: : CUDA_ERROR_OUT_OF_MEMORY: out of memory
=== Source Location Trace: === 
external/xla/xla/stream_executor/cuda/cuda_status.cc:45
external/xla/xla/stream_executor/cuda/cuda_device_allocator.cc:226
external/xla/xla/stream_executor/cuda/cuda_device_allocator.cc:403

E0728 07:23:20.578244   95775 cuda_executor.cc:1176] [0] Failed to allocate device memory of 47.01GiB (50475638784 bytes): RESOURCE_EXHAUSTED: : CUDA_ERROR_OUT_OF_MEMORY: out of memory
=== Source Location Trace: === 
external/xla/xla/stream_executor/cuda/cuda_status.cc:45
external/xla/xla/stream_executor/cuda/cuda_device_allocator.cc:226
external/xla/xla/stream_executor/cuda/cuda_device_allocator.cc:403

E0728 07:23:20.578303   95775 cuda_executor.cc:1176] [0] Failed to allocate device memory of 42.31GiB (45428072448 bytes): RESOURCE_EXHAUSTED: : CUDA_ERROR_OUT_OF_MEMORY: out of memory
=== Source Location Trace: === 
external/xla/xla/stream_executor/cuda/cuda_status.cc:45
external/xla/xla/stream_executor/cuda/cuda_device_allocator.cc:226
external/xla/xla/stream_executor/cuda/cuda_device_allocator.cc:403

E0728 07:23:20.578360   95775 cuda_executor.cc:1176] [0] Failed to allocate device memory of 38.08GiB (40885264384 bytes): RESOURCE_EXHAUSTED: : CUDA_ERROR_OUT_OF_MEMORY: out of memory
=== Source Location Trace: === 
external/xla/xla/stream_executor/cuda/cuda_status.cc:45
external/xla/xla/stream_executor/cuda/cuda_device_allocator.cc:226
external/xla/xla/stream_executor/cuda/cuda_device_allocator.cc:403

E0728 07:23:20.578414   95775 cuda_executor.cc:1176] [0] Failed to allocate device memory of 34.27GiB (36796735488 bytes): RESOURCE_EXHAUSTED: : CUDA_ERROR_OUT_OF_MEMORY: out of memory
=== Source Location Trace: === 
external/xla/xla/stream_executor/cuda/cuda_status.cc:45
external/xla/xla/stream_executor/cuda/cuda_device_allocator.cc:226
external/xla/xla/stream_executor/cuda/cuda_device_allocator.cc:403

E0728 07:23:20.578480   95775 cuda_executor.cc:1176] [0] Failed to allocate device memory of 30.84GiB (33117061120 bytes): RESOURCE_EXHAUSTED: : CUDA_ERROR_OUT_OF_MEMORY: out of memory
=== Source Location Trace: === 
external/xla/xla/stream_executor/cuda/cuda_status.cc:45
external/xla/xla/stream_executor/cuda/cuda_device_allocator.cc:226
external/xla/xla/stream_executor/cuda/cuda_device_allocator.cc:403

E0728 07:23:20.578529   95775 cuda_executor.cc:1176] [0] Failed to allocate device memory of 27.76GiB (29805355008 bytes): RESOURCE_EXHAUSTED: : CUDA_ERROR_OUT_OF_MEMORY: out of memory
=== Source Location Trace: === 
external/xla/xla/stream_executor/cuda/cuda_status.cc:45
external/xla/xla/stream_executor/cuda/cuda_device_allocator.cc:226
external/xla/xla/stream_executor/cuda/cuda_device_allocator.cc:403

E0728 07:23:20.578577   95775 cuda_executor.cc:1176] [0] Failed to allocate device memory of 24.98GiB (26824818688 bytes): RESOURCE_EXHAUSTED: : CUDA_ERROR_OUT_OF_MEMORY: out of memory
=== Source Location Trace: === 
external/xla/xla/stream_executor/cuda/cuda_status.cc:45
external/xla/xla/stream_executor/cuda/cuda_device_allocator.cc:226
external/xla/xla/stream_executor/cuda/cuda_device_allocator.cc:403

E0728 07:23:20.578623   95775 cuda_executor.cc:1176] [0] Failed to allocate device memory of 22.48GiB (24142336000 bytes): RESOURCE_EXHAUSTED: : CUDA_ERROR_OUT_OF_MEMORY: out of memory
=== Source Location Trace: === 
external/xla/xla/stream_executor/cuda/cuda_status.cc:45
external/xla/xla/stream_executor/cuda/cuda_device_allocator.cc:226
external/xla/xla/stream_executor/cuda/cuda_device_allocator.cc:403

E0728 07:23:20.578670   95775 cuda_executor.cc:1176] [0] Failed to allocate device memory of 20.24GiB (21728102400 bytes): RESOURCE_EXHAUSTED: : CUDA_ERROR_OUT_OF_MEMORY: out of memory
=== Source Location Trace: === 
external/xla/xla/stream_executor/cuda/cuda_status.cc:45
external/xla/xla/stream_executor/cuda/cuda_device_allocator.cc:226
external/xla/xla/stream_executor/cuda/cuda_device_allocator.cc:403

E0728 07:23:20.578714   95775 cuda_executor.cc:1176] [0] Failed to allocate device memory of 18.21GiB (19555291136 bytes): RESOURCE_EXHAUSTED: : CUDA_ERROR_OUT_OF_MEMORY: out of memory
=== Source Location Trace: === 
external/xla/xla/stream_executor/cuda/cuda_status.cc:45
external/xla/xla/stream_executor/cuda/cuda_device_allocator.cc:226
external/xla/xla/stream_executor/cuda/cuda_device_allocator.cc:403

E0728 07:23:20.578758   95775 cuda_executor.cc:1176] [0] Failed to allocate device memory of 16.39GiB (17599762432 bytes): RESOURCE_EXHAUSTED: : CUDA_ERROR_OUT_OF_MEMORY: out of memory
=== Source Location Trace: === 
external/xla/xla/stream_executor/cuda/cuda_status.cc:45
external/xla/xla/stream_executor/cuda/cuda_device_allocator.cc:226
external/xla/xla/stream_executor/cuda/cuda_device_allocator.cc:403

E0728 07:23:20.578807   95775 cuda_executor.cc:1176] [0] Failed to allocate device memory of 14.75GiB (15839785984 bytes): RESOURCE_EXHAUSTED: : CUDA_ERROR_OUT_OF_MEMORY: out of memory
=== Source Location Trace: === 
external/xla/xla/stream_executor/cuda/cuda_status.cc:45
external/xla/xla/stream_executor/cuda/cuda_device_allocator.cc:226
external/xla/xla/stream_executor/cuda/cuda_device_allocator.cc:403

E0728 07:23:20.578847   95775 cuda_executor.cc:1176] [0] Failed to allocate device memory of 13.28GiB (14255807488 bytes): RESOURCE_EXHAUSTED: : CUDA_ERROR_OUT_OF_MEMORY: out of memory
=== Source Location Trace: === 
external/xla/xla/stream_executor/cuda/cuda_status.cc:45
external/xla/xla/stream_executor/cuda/cuda_device_allocator.cc:226
external/xla/xla/stream_executor/cuda/cuda_device_allocator.cc:403

E0728 07:23:20.578893   95775 cuda_executor.cc:1176] [0] Failed to allocate device memory of 11.95GiB (12830226432 bytes): RESOURCE_EXHAUSTED: : CUDA_ERROR_OUT_OF_MEMORY: out of memory
=== Source Location Trace: === 
external/xla/xla/stream_executor/cuda/cuda_status.cc:45
external/xla/xla/stream_executor/cuda/cuda_device_allocator.cc:226
external/xla/xla/stream_executor/cuda/cuda_device_allocator.cc:403

E0728 07:23:20.578934   95775 cuda_executor.cc:1176] [0] Failed to allocate device memory of 10.75GiB (11547203584 bytes): RESOURCE_EXHAUSTED: : CUDA_ERROR_OUT_OF_MEMORY: out of memory
=== Source Location Trace: === 
external/xla/xla/stream_executor/cuda/cuda_status.cc:45
external/xla/xla/stream_executor/cuda/cuda_device_allocator.cc:226
external/xla/xla/stream_executor/cuda/cuda_device_allocator.cc:403

E0728 07:23:20.578972   95775 cuda_executor.cc:1176] [0] Failed to allocate device memory of 9.68GiB (10392482816 bytes): RESOURCE_EXHAUSTED: : CUDA_ERROR_OUT_OF_MEMORY: out of memory
=== Source Location Trace: === 
external/xla/xla/stream_executor/cuda/cuda_status.cc:45
external/xla/xla/stream_executor/cuda/cuda_device_allocator.cc:226
external/xla/xla/stream_executor/cuda/cuda_device_allocator.cc:403

E0728 07:23:20.579010   95775 cuda_executor.cc:1176] [0] Failed to allocate device memory of 8.71GiB (9353234432 bytes): RESOURCE_EXHAUSTED: : CUDA_ERROR_OUT_OF_MEMORY: out of memory
=== Source Location Trace: === 
external/xla/xla/stream_executor/cuda/cuda_status.cc:45
external/xla/xla/stream_executor/cuda/cuda_device_allocator.cc:226
external/xla/xla/stream_executor/cuda/cuda_device_allocator.cc:403

E0728 07:23:20.579051   95775 cuda_executor.cc:1176] [0] Failed to allocate device memory of 7.84GiB (8417910784 bytes): RESOURCE_EXHAUSTED: : CUDA_ERROR_OUT_OF_MEMORY: out of memory
=== Source Location Trace: === 
external/xla/xla/stream_executor/cuda/cuda_status.cc:45
external/xla/xla/stream_executor/cuda/cuda_device_allocator.cc:226
external/xla/xla/stream_executor/cuda/cuda_device_allocator.cc:403

E0728 07:23:20.579102   95775 cuda_executor.cc:1176] [0] Failed to allocate device memory of 7.06GiB (7576119296 bytes): RESOURCE_EXHAUSTED: : CUDA_ERROR_OUT_OF_MEMORY: out of memory
=== Source Location Trace: === 
external/xla/xla/stream_executor/cuda/cuda_status.cc:45
external/xla/xla/stream_executor/cuda/cuda_device_allocator.cc:226
external/xla/xla/stream_executor/cuda/cuda_device_allocator.cc:403

E0728 07:23:20.579146   95775 cuda_executor.cc:1176] [0] Failed to allocate device memory of 6.35GiB (6818507264 bytes): RESOURCE_EXHAUSTED: : CUDA_ERROR_OUT_OF_MEMORY: out of memory
=== Source Location Trace: === 
external/xla/xla/stream_executor/cuda/cuda_status.cc:45
external/xla/xla/stream_executor/cuda/cuda_device_allocator.cc:226
external/xla/xla/stream_executor/cuda/cuda_device_allocator.cc:403

E0728 07:23:20.579185   95775 cuda_executor.cc:1176] [0] Failed to allocate device memory of 5.71GiB (6136656384 bytes): RESOURCE_EXHAUSTED: : CUDA_ERROR_OUT_OF_MEMORY: out of memory
=== Source Location Trace: === 
external/xla/xla/stream_executor/cuda/cuda_status.cc:45
external/xla/xla/stream_executor/cuda/cuda_device_allocator.cc:226
external/xla/xla/stream_executor/cuda/cuda_device_allocator.cc:403

E0728 07:23:20.579224   95775 cuda_executor.cc:1176] [0] Failed to allocate device memory of 5.14GiB (5522990592 bytes): RESOURCE_EXHAUSTED: : CUDA_ERROR_OUT_OF_MEMORY: out of memory
=== Source Location Trace: === 
external/xla/xla/stream_executor/cuda/cuda_status.cc:45
external/xla/xla/stream_executor/cuda/cuda_device_allocator.cc:226
external/xla/xla/stream_executor/cuda/cuda_device_allocator.cc:403

E0728 07:23:20.579263   95775 cuda_executor.cc:1176] [0] Failed to allocate device memory of 4.63GiB (4970691584 bytes): RESOURCE_EXHAUSTED: : CUDA_ERROR_OUT_OF_MEMORY: out of memory
=== Source Location Trace: === 
external/xla/xla/stream_executor/cuda/cuda_status.cc:45
external/xla/xla/stream_executor/cuda/cuda_device_allocator.cc:226
external/xla/xla/stream_executor/cuda/cuda_device_allocator.cc:403

E0728 07:23:20.579301   95775 cuda_executor.cc:1176] [0] Failed to allocate device memory of 4.17GiB (4473622528 bytes): RESOURCE_EXHAUSTED: : CUDA_ERROR_OUT_OF_MEMORY: out of memory
=== Source Location Trace: === 
external/xla/xla/stream_executor/cuda/cuda_status.cc:45
external/xla/xla/stream_executor/cuda/cuda_device_allocator.cc:226
external/xla/xla/stream_executor/cuda/cuda_device_allocator.cc:403

E0728 07:23:20.579342   95775 cuda_executor.cc:1176] [0] Failed to allocate device memory of 3.75GiB (4026260224 bytes): RESOURCE_EXHAUSTED: : CUDA_ERROR_OUT_OF_MEMORY: out of memory
=== Source Location Trace: === 
external/xla/xla/stream_executor/cuda/cuda_status.cc:45
external/xla/xla/stream_executor/cuda/cuda_device_allocator.cc:226
external/xla/xla/stream_executor/cuda/cuda_device_allocator.cc:403

E0728 07:23:20.579379   95775 cuda_executor.cc:1176] [0] Failed to allocate device memory of 3.37GiB (3623634176 bytes): RESOURCE_EXHAUSTED: : CUDA_ERROR_OUT_OF_MEMORY: out of memory
=== Source Location Trace: === 
external/xla/xla/stream_executor/cuda/cuda_status.cc:45
external/xla/xla/stream_executor/cuda/cuda_device_allocator.cc:226
external/xla/xla/stream_executor/cuda/cuda_device_allocator.cc:403

E0728 07:23:20.579416   95775 cuda_executor.cc:1176] [0] Failed to allocate device memory of 3.04GiB (3261270784 bytes): RESOURCE_EXHAUSTED: : CUDA_ERROR_OUT_OF_MEMORY: out of memory
=== Source Location Trace: === 
external/xla/xla/stream_executor/cuda/cuda_status.cc:45
external/xla/xla/stream_executor/cuda/cuda_device_allocator.cc:226
external/xla/xla/stream_executor/cuda/cuda_device_allocator.cc:403

E0728 07:23:20.579453   95775 cuda_executor.cc:1176] [0] Failed to allocate device memory of 2.73GiB (2935143680 bytes): RESOURCE_EXHAUSTED: : CUDA_ERROR_OUT_OF_MEMORY: out of memory
=== Source Location Trace: === 
external/xla/xla/stream_executor/cuda/cuda_status.cc:45
external/xla/xla/stream_executor/cuda/cuda_device_allocator.cc:226
external/xla/xla/stream_executor/cuda/cuda_device_allocator.cc:403

E0728 07:23:20.579490   95775 cuda_executor.cc:1176] [0] Failed to allocate device memory of 2.46GiB (2641629184 bytes): RESOURCE_EXHAUSTED: : CUDA_ERROR_OUT_OF_MEMORY: out of memory
=== Source Location Trace: === 
external/xla/xla/stream_executor/cuda/cuda_status.cc:45
external/xla/xla/stream_executor/cuda/cuda_device_allocator.cc:226
external/xla/xla/stream_executor/cuda/cuda_device_allocator.cc:403

E0728 07:23:20.579527   95775 cuda_executor.cc:1176] [0] Failed to allocate device memory of 2.21GiB (2377466112 bytes): RESOURCE_EXHAUSTED: : CUDA_ERROR_OUT_OF_MEMORY: out of memory
=== Source Location Trace: === 
external/xla/xla/stream_executor/cuda/cuda_status.cc:45
external/xla/xla/stream_executor/cuda/cuda_device_allocator.cc:226
external/xla/xla/stream_executor/cuda/cuda_device_allocator.cc:403

E0728 07:23:20.579564   95775 cuda_executor.cc:1176] [0] Failed to allocate device memory of 1.99GiB (2139719424 bytes): RESOURCE_EXHAUSTED: : CUDA_ERROR_OUT_OF_MEMORY: out of memory
=== Source Location Trace: === 
external/xla/xla/stream_executor/cuda/cuda_status.cc:45
external/xla/xla/stream_executor/cuda/cuda_device_allocator.cc:226
external/xla/xla/stream_executor/cuda/cuda_device_allocator.cc:403

E0728 07:23:20.579600   95775 cuda_executor.cc:1176] [0] Failed to allocate device memory of 1.79GiB (1925747456 bytes): RESOURCE_EXHAUSTED: : CUDA_ERROR_OUT_OF_MEMORY: out of memory
=== Source Location Trace: === 
external/xla/xla/stream_executor/cuda/cuda_status.cc:45
external/xla/xla/stream_executor/cuda/cuda_device_allocator.cc:226
external/xla/xla/stream_executor/cuda/cuda_device_allocator.cc:403

E0728 07:23:20.579636   95775 cuda_executor.cc:1176] [0] Failed to allocate device memory of 1.61GiB (1733172736 bytes): RESOURCE_EXHAUSTED: : CUDA_ERROR_OUT_OF_MEMORY: out of memory
=== Source Location Trace: === 
external/xla/xla/stream_executor/cuda/cuda_status.cc:45
external/xla/xla/stream_executor/cuda/cuda_device_allocator.cc:226
external/xla/xla/stream_executor/cuda/cuda_device_allocator.cc:403

E0728 07:23:20.579671   95775 cuda_executor.cc:1176] [0] Failed to allocate device memory of 1.45GiB (1559855360 bytes): RESOURCE_EXHAUSTED: : CUDA_ERROR_OUT_OF_MEMORY: out of memory
=== Source Location Trace: === 
external/xla/xla/stream_executor/cuda/cuda_status.cc:45
external/xla/xla/stream_executor/cuda/cuda_device_allocator.cc:226
external/xla/xla/stream_executor/cuda/cuda_device_allocator.cc:403

E0728 07:23:20.579706   95775 cuda_executor.cc:1176] [0] Failed to allocate device memory of 1.31GiB (1403869952 bytes): RESOURCE_EXHAUSTED: : CUDA_ERROR_OUT_OF_MEMORY: out of memory
=== Source Location Trace: === 
external/xla/xla/stream_executor/cuda/cuda_status.cc:45
external/xla/xla/stream_executor/cuda/cuda_device_allocator.cc:226
external/xla/xla/stream_executor/cuda/cuda_device_allocator.cc:403

E0728 07:23:20.579741   95775 cuda_executor.cc:1176] [0] Failed to allocate device memory of 1.18GiB (1263482880 bytes): RESOURCE_EXHAUSTED: : CUDA_ERROR_OUT_OF_MEMORY: out of memory
=== Source Location Trace: === 
external/xla/xla/stream_executor/cuda/cuda_status.cc:45
external/xla/xla/stream_executor/cuda/cuda_device_allocator.cc:226
external/xla/xla/stream_executor/cuda/cuda_device_allocator.cc:403

E0728 07:23:20.579776   95775 cuda_executor.cc:1176] [0] Failed to allocate device memory of 1.06GiB (1137134592 bytes): RESOURCE_EXHAUSTED: : CUDA_ERROR_OUT_OF_MEMORY: out of memory
=== Source Location Trace: === 
external/xla/xla/stream_executor/cuda/cuda_status.cc:45
external/xla/xla/stream_executor/cuda/cuda_device_allocator.cc:226
external/xla/xla/stream_executor/cuda/cuda_device_allocator.cc:403

E0728 07:23:20.579812   95775 cuda_executor.cc:1176] [0] Failed to allocate device memory of 976.01MiB (1023421184 bytes): RESOURCE_EXHAUSTED: : CUDA_ERROR_OUT_OF_MEMORY: out of memory
=== Source Location Trace: === 
external/xla/xla/stream_executor/cuda/cuda_status.cc:45
external/xla/xla/stream_executor/cuda/cuda_device_allocator.cc:226
external/xla/xla/stream_executor/cuda/cuda_device_allocator.cc:403

E0728 07:23:20.579847   95775 cuda_executor.cc:1176] [0] Failed to allocate device memory of 878.41MiB (921079040 bytes): RESOURCE_EXHAUSTED: : CUDA_ERROR_OUT_OF_MEMORY: out of memory
=== Source Location Trace: === 
external/xla/xla/stream_executor/cuda/cuda_status.cc:45
external/xla/xla/stream_executor/cuda/cuda_device_allocator.cc:226
external/xla/xla/stream_executor/cuda/cuda_device_allocator.cc:403

E0728 07:23:20.579883   95775 cuda_executor.cc:1176] [0] Failed to allocate device memory of 790.57MiB (828971264 bytes): RESOURCE_EXHAUSTED: : CUDA_ERROR_OUT_OF_MEMORY: out of memory
=== Source Location Trace: === 
external/xla/xla/stream_executor/cuda/cuda_status.cc:45
external/xla/xla/stream_executor/cuda/cuda_device_allocator.cc:226
external/xla/xla/stream_executor/cuda/cuda_device_allocator.cc:403

E0728 07:23:20.579923   95775 cuda_executor.cc:1176] [0] Failed to allocate device memory of 711.51MiB (746074112 bytes): RESOURCE_EXHAUSTED: : CUDA_ERROR_OUT_OF_MEMORY: out of memory
=== Source Location Trace: === 
external/xla/xla/stream_executor/cuda/cuda_status.cc:45
external/xla/xla/stream_executor/cuda/cuda_device_allocator.cc:226
external/xla/xla/stream_executor/cuda/cuda_device_allocator.cc:403

E0728 07:23:20.579958   95775 cuda_executor.cc:1176] [0] Failed to allocate device memory of 640.36MiB (671466752 bytes): RESOURCE_EXHAUSTED: : CUDA_ERROR_OUT_OF_MEMORY: out of memory
=== Source Location Trace: === 
external/xla/xla/stream_executor/cuda/cuda_status.cc:45
external/xla/xla/stream_executor/cuda/cuda_device_allocator.cc:226
external/xla/xla/stream_executor/cuda/cuda_device_allocator.cc:403

E0728 07:23:20.579993   95775 cuda_executor.cc:1176] [0] Failed to allocate device memory of 576.32MiB (604320256 bytes): RESOURCE_EXHAUSTED: : CUDA_ERROR_OUT_OF_MEMORY: out of memory
=== Source Location Trace: === 
external/xla/xla/stream_executor/cuda/cuda_status.cc:45
external/xla/xla/stream_executor/cuda/cuda_device_allocator.cc:226
external/xla/xla/stream_executor/cuda/cuda_device_allocator.cc:403

E0728 07:23:20.580028   95775 cuda_executor.cc:1176] [0] Failed to allocate device memory of 518.69MiB (543888384 bytes): RESOURCE_EXHAUSTED: : CUDA_ERROR_OUT_OF_MEMORY: out of memory
=== Source Location Trace: === 
external/xla/xla/stream_executor/cuda/cuda_status.cc:45
external/xla/xla/stream_executor/cuda/cuda_device_allocator.cc:226
external/xla/xla/stream_executor/cuda/cuda_device_allocator.cc:403

E0728 07:23:20.580118   95775 cuda_executor.cc:1176] [0] Failed to allocate device memory of 64.48GiB (69239570432 bytes): RESOURCE_EXHAUSTED: : CUDA_ERROR_OUT_OF_MEMORY: out of memory
=== Source Location Trace: === 
external/xla/xla/stream_executor/cuda/cuda_status.cc:45
external/xla/xla/stream_executor/cuda/cuda_device_allocator.cc:226
external/xla/xla/stream_executor/cuda/cuda_device_allocator.cc:403

E0728 07:23:20.580189   95775 cuda_executor.cc:1176] [0] Failed to allocate device memory of 58.04GiB (62315610112 bytes): RESOURCE_EXHAUSTED: : CUDA_ERROR_OUT_OF_MEMORY: out of memory
=== Source Location Trace: === 
external/xla/xla/stream_executor/cuda/cuda_status.cc:45
external/xla/xla/stream_executor/cuda/cuda_device_allocator.cc:226
external/xla/xla/stream_executor/cuda/cuda_device_allocator.cc:403

E0728 07:23:20.580252   95775 cuda_executor.cc:1176] [0] Failed to allocate device memory of 52.23GiB (56084045824 bytes): RESOURCE_EXHAUSTED: : CUDA_ERROR_OUT_OF_MEMORY: out of memory
=== Source Location Trace: === 
external/xla/xla/stream_executor/cuda/cuda_status.cc:45
external/xla/xla/stream_executor/cuda/cuda_device_allocator.cc:226
external/xla/xla/stream_executor/cuda/cuda_device_allocator.cc:403

E0728 07:23:20.580313   95775 cuda_executor.cc:1176] [0] Failed to allocate device memory of 47.01GiB (50475638784 bytes): RESOURCE_EXHAUSTED: : CUDA_ERROR_OUT_OF_MEMORY: out of memory
=== Source Location Trace: === 
external/xla/xla/stream_executor/cuda/cuda_status.cc:45
external/xla/xla/stream_executor/cuda/cuda_device_allocator.cc:226
external/xla/xla/stream_executor/cuda/cuda_device_allocator.cc:403

E0728 07:23:20.580370   95775 cuda_executor.cc:1176] [0] Failed to allocate device memory of 42.31GiB (45428072448 bytes): RESOURCE_EXHAUSTED: : CUDA_ERROR_OUT_OF_MEMORY: out of memory
=== Source Location Trace: === 
external/xla/xla/stream_executor/cuda/cuda_status.cc:45
external/xla/xla/stream_executor/cuda/cuda_device_allocator.cc:226
external/xla/xla/stream_executor/cuda/cuda_device_allocator.cc:403

E0728 07:23:20.580427   95775 cuda_executor.cc:1176] [0] Failed to allocate device memory of 38.08GiB (40885264384 bytes): RESOURCE_EXHAUSTED: : CUDA_ERROR_OUT_OF_MEMORY: out of memory
=== Source Location Trace: === 
external/xla/xla/stream_executor/cuda/cuda_status.cc:45
external/xla/xla/stream_executor/cuda/cuda_device_allocator.cc:226
external/xla/xla/stream_executor/cuda/cuda_device_allocator.cc:403

E0728 07:23:20.580480   95775 cuda_executor.cc:1176] [0] Failed to allocate device memory of 34.27GiB (36796735488 bytes): RESOURCE_EXHAUSTED: : CUDA_ERROR_OUT_OF_MEMORY: out of memory
=== Source Location Trace: === 
external/xla/xla/stream_executor/cuda/cuda_status.cc:45
external/xla/xla/stream_executor/cuda/cuda_device_allocator.cc:226
external/xla/xla/stream_executor/cuda/cuda_device_allocator.cc:403

E0728 07:23:20.580530   95775 cuda_executor.cc:1176] [0] Failed to allocate device memory of 30.84GiB (33117061120 bytes): RESOURCE_EXHAUSTED: : CUDA_ERROR_OUT_OF_MEMORY: out of memory
=== Source Location Trace: === 
external/xla/xla/stream_executor/cuda/cuda_status.cc:45
external/xla/xla/stream_executor/cuda/cuda_device_allocator.cc:226
external/xla/xla/stream_executor/cuda/cuda_device_allocator.cc:403

E0728 07:23:20.580578   95775 cuda_executor.cc:1176] [0] Failed to allocate device memory of 27.76GiB (29805355008 bytes): RESOURCE_EXHAUSTED: : CUDA_ERROR_OUT_OF_MEMORY: out of memory
=== Source Location Trace: === 
external/xla/xla/stream_executor/cuda/cuda_status.cc:45
external/xla/xla/stream_executor/cuda/cuda_device_allocator.cc:226
external/xla/xla/stream_executor/cuda/cuda_device_allocator.cc:403

E0728 07:23:20.580624   95775 cuda_executor.cc:1176] [0] Failed to allocate device memory of 24.98GiB (26824818688 bytes): RESOURCE_EXHAUSTED: : CUDA_ERROR_OUT_OF_MEMORY: out of memory
=== Source Location Trace: === 
external/xla/xla/stream_executor/cuda/cuda_status.cc:45
external/xla/xla/stream_executor/cuda/cuda_device_allocator.cc:226
external/xla/xla/stream_executor/cuda/cuda_device_allocator.cc:403

E0728 07:23:20.580669   95775 cuda_executor.cc:1176] [0] Failed to allocate device memory of 22.48GiB (24142336000 bytes): RESOURCE_EXHAUSTED: : CUDA_ERROR_OUT_OF_MEMORY: out of memory
=== Source Location Trace: === 
external/xla/xla/stream_executor/cuda/cuda_status.cc:45
external/xla/xla/stream_executor/cuda/cuda_device_allocator.cc:226
external/xla/xla/stream_executor/cuda/cuda_device_allocator.cc:403

E0728 07:23:20.580713   95775 cuda_executor.cc:1176] [0] Failed to allocate device memory of 20.24GiB (21728102400 bytes): RESOURCE_EXHAUSTED: : CUDA_ERROR_OUT_OF_MEMORY: out of memory
=== Source Location Trace: === 
external/xla/xla/stream_executor/cuda/cuda_status.cc:45
external/xla/xla/stream_executor/cuda/cuda_device_allocator.cc:226
external/xla/xla/stream_executor/cuda/cuda_device_allocator.cc:403

E0728 07:23:20.580756   95775 cuda_executor.cc:1176] [0] Failed to allocate device memory of 18.21GiB (19555291136 bytes): RESOURCE_EXHAUSTED: : CUDA_ERROR_OUT_OF_MEMORY: out of memory
=== Source Location Trace: === 
external/xla/xla/stream_executor/cuda/cuda_status.cc:45
external/xla/xla/stream_executor/cuda/cuda_device_allocator.cc:226
external/xla/xla/stream_executor/cuda/cuda_device_allocator.cc:403

E0728 07:23:20.580799   95775 cuda_executor.cc:1176] [0] Failed to allocate device memory of 16.39GiB (17599762432 bytes): RESOURCE_EXHAUSTED: : CUDA_ERROR_OUT_OF_MEMORY: out of memory
=== Source Location Trace: === 
external/xla/xla/stream_executor/cuda/cuda_status.cc:45
external/xla/xla/stream_executor/cuda/cuda_device_allocator.cc:226
external/xla/xla/stream_executor/cuda/cuda_device_allocator.cc:403

E0728 07:23:20.580840   95775 cuda_executor.cc:1176] [0] Failed to allocate device memory of 14.75GiB (15839785984 bytes): RESOURCE_EXHAUSTED: : CUDA_ERROR_OUT_OF_MEMORY: out of memory
=== Source Location Trace: === 
external/xla/xla/stream_executor/cuda/cuda_status.cc:45
external/xla/xla/stream_executor/cuda/cuda_device_allocator.cc:226
external/xla/xla/stream_executor/cuda/cuda_device_allocator.cc:403

E0728 07:23:20.580881   95775 cuda_executor.cc:1176] [0] Failed to allocate device memory of 13.28GiB (14255807488 bytes): RESOURCE_EXHAUSTED: : CUDA_ERROR_OUT_OF_MEMORY: out of memory
=== Source Location Trace: === 
external/xla/xla/stream_executor/cuda/cuda_status.cc:45
external/xla/xla/stream_executor/cuda/cuda_device_allocator.cc:226
external/xla/xla/stream_executor/cuda/cuda_device_allocator.cc:403

E0728 07:23:20.580924   95775 cuda_executor.cc:1176] [0] Failed to allocate device memory of 11.95GiB (12830226432 bytes): RESOURCE_EXHAUSTED: : CUDA_ERROR_OUT_OF_MEMORY: out of memory
=== Source Location Trace: === 
external/xla/xla/stream_executor/cuda/cuda_status.cc:45
external/xla/xla/stream_executor/cuda/cuda_device_allocator.cc:226
external/xla/xla/stream_executor/cuda/cuda_device_allocator.cc:403

E0728 07:23:20.580964   95775 cuda_executor.cc:1176] [0] Failed to allocate device memory of 10.75GiB (11547203584 bytes): RESOURCE_EXHAUSTED: : CUDA_ERROR_OUT_OF_MEMORY: out of memory
=== Source Location Trace: === 
external/xla/xla/stream_executor/cuda/cuda_status.cc:45
external/xla/xla/stream_executor/cuda/cuda_device_allocator.cc:226
external/xla/xla/stream_executor/cuda/cuda_device_allocator.cc:403

E0728 07:23:20.581002   95775 cuda_executor.cc:1176] [0] Failed to allocate device memory of 9.68GiB (10392482816 bytes): RESOURCE_EXHAUSTED: : CUDA_ERROR_OUT_OF_MEMORY: out of memory
=== Source Location Trace: === 
external/xla/xla/stream_executor/cuda/cuda_status.cc:45
external/xla/xla/stream_executor/cuda/cuda_device_allocator.cc:226
external/xla/xla/stream_executor/cuda/cuda_device_allocator.cc:403

E0728 07:23:20.581039   95775 cuda_executor.cc:1176] [0] Failed to allocate device memory of 8.71GiB (9353234432 bytes): RESOURCE_EXHAUSTED: : CUDA_ERROR_OUT_OF_MEMORY: out of memory
=== Source Location Trace: === 
external/xla/xla/stream_executor/cuda/cuda_status.cc:45
external/xla/xla/stream_executor/cuda/cuda_device_allocator.cc:226
external/xla/xla/stream_executor/cuda/cuda_device_allocator.cc:403

E0728 07:23:20.581082   95775 cuda_executor.cc:1176] [0] Failed to allocate device memory of 7.84GiB (8417910784 bytes): RESOURCE_EXHAUSTED: : CUDA_ERROR_OUT_OF_MEMORY: out of memory
=== Source Location Trace: === 
external/xla/xla/stream_executor/cuda/cuda_status.cc:45
external/xla/xla/stream_executor/cuda/cuda_device_allocator.cc:226
external/xla/xla/stream_executor/cuda/cuda_device_allocator.cc:403

E0728 07:23:20.581124   95775 cuda_executor.cc:1176] [0] Failed to allocate device memory of 7.06GiB (7576119296 bytes): RESOURCE_EXHAUSTED: : CUDA_ERROR_OUT_OF_MEMORY: out of memory
=== Source Location Trace: === 
external/xla/xla/stream_executor/cuda/cuda_status.cc:45
external/xla/xla/stream_executor/cuda/cuda_device_allocator.cc:226
external/xla/xla/stream_executor/cuda/cuda_device_allocator.cc:403

E0728 07:23:20.581163   95775 cuda_executor.cc:1176] [0] Failed to allocate device memory of 6.35GiB (6818507264 bytes): RESOURCE_EXHAUSTED: : CUDA_ERROR_OUT_OF_MEMORY: out of memory
=== Source Location Trace: === 
external/xla/xla/stream_executor/cuda/cuda_status.cc:45
external/xla/xla/stream_executor/cuda/cuda_device_allocator.cc:226
external/xla/xla/stream_executor/cuda/cuda_device_allocator.cc:403

E0728 07:23:20.581201   95775 cuda_executor.cc:1176] [0] Failed to allocate device memory of 5.71GiB (6136656384 bytes): RESOURCE_EXHAUSTED: : CUDA_ERROR_OUT_OF_MEMORY: out of memory
=== Source Location Trace: === 
external/xla/xla/stream_executor/cuda/cuda_status.cc:45
external/xla/xla/stream_executor/cuda/cuda_device_allocator.cc:226
external/xla/xla/stream_executor/cuda/cuda_device_allocator.cc:403

E0728 07:23:20.581240   95775 cuda_executor.cc:1176] [0] Failed to allocate device memory of 5.14GiB (5522990592 bytes): RESOURCE_EXHAUSTED: : CUDA_ERROR_OUT_OF_MEMORY: out of memory
=== Source Location Trace: === 
external/xla/xla/stream_executor/cuda/cuda_status.cc:45
external/xla/xla/stream_executor/cuda/cuda_device_allocator.cc:226
external/xla/xla/stream_executor/cuda/cuda_device_allocator.cc:403

E0728 07:23:20.581279   95775 cuda_executor.cc:1176] [0] Failed to allocate device memory of 4.63GiB (4970691584 bytes): RESOURCE_EXHAUSTED: : CUDA_ERROR_OUT_OF_MEMORY: out of memory
=== Source Location Trace: === 
external/xla/xla/stream_executor/cuda/cuda_status.cc:45
external/xla/xla/stream_executor/cuda/cuda_device_allocator.cc:226
external/xla/xla/stream_executor/cuda/cuda_device_allocator.cc:403

E0728 07:23:20.581316   95775 cuda_executor.cc:1176] [0] Failed to allocate device memory of 4.17GiB (4473622528 bytes): RESOURCE_EXHAUSTED: : CUDA_ERROR_OUT_OF_MEMORY: out of memory
=== Source Location Trace: === 
external/xla/xla/stream_executor/cuda/cuda_status.cc:45
external/xla/xla/stream_executor/cuda/cuda_device_allocator.cc:226
external/xla/xla/stream_executor/cuda/cuda_device_allocator.cc:403

E0728 07:23:20.581354   95775 cuda_executor.cc:1176] [0] Failed to allocate device memory of 3.75GiB (4026260224 bytes): RESOURCE_EXHAUSTED: : CUDA_ERROR_OUT_OF_MEMORY: out of memory
=== Source Location Trace: === 
external/xla/xla/stream_executor/cuda/cuda_status.cc:45
external/xla/xla/stream_executor/cuda/cuda_device_allocator.cc:226
external/xla/xla/stream_executor/cuda/cuda_device_allocator.cc:403

E0728 07:23:20.581390   95775 cuda_executor.cc:1176] [0] Failed to allocate device memory of 3.37GiB (3623634176 bytes): RESOURCE_EXHAUSTED: : CUDA_ERROR_OUT_OF_MEMORY: out of memory
=== Source Location Trace: === 
external/xla/xla/stream_executor/cuda/cuda_status.cc:45
external/xla/xla/stream_executor/cuda/cuda_device_allocator.cc:226
external/xla/xla/stream_executor/cuda/cuda_device_allocator.cc:403

E0728 07:23:20.581427   95775 cuda_executor.cc:1176] [0] Failed to allocate device memory of 3.04GiB (3261270784 bytes): RESOURCE_EXHAUSTED: : CUDA_ERROR_OUT_OF_MEMORY: out of memory
=== Source Location Trace: === 
external/xla/xla/stream_executor/cuda/cuda_status.cc:45
external/xla/xla/stream_executor/cuda/cuda_device_allocator.cc:226
external/xla/xla/stream_executor/cuda/cuda_device_allocator.cc:403

E0728 07:23:20.581463   95775 cuda_executor.cc:1176] [0] Failed to allocate device memory of 2.73GiB (2935143680 bytes): RESOURCE_EXHAUSTED: : CUDA_ERROR_OUT_OF_MEMORY: out of memory
=== Source Location Trace: === 
external/xla/xla/stream_executor/cuda/cuda_status.cc:45
external/xla/xla/stream_executor/cuda/cuda_device_allocator.cc:226
external/xla/xla/stream_executor/cuda/cuda_device_allocator.cc:403

E0728 07:23:20.581500   95775 cuda_executor.cc:1176] [0] Failed to allocate device memory of 2.46GiB (2641629184 bytes): RESOURCE_EXHAUSTED: : CUDA_ERROR_OUT_OF_MEMORY: out of memory
=== Source Location Trace: === 
external/xla/xla/stream_executor/cuda/cuda_status.cc:45
external/xla/xla/stream_executor/cuda/cuda_device_allocator.cc:226
external/xla/xla/stream_executor/cuda/cuda_device_allocator.cc:403

E0728 07:23:20.581535   95775 cuda_executor.cc:1176] [0] Failed to allocate device memory of 2.21GiB (2377466112 bytes): RESOURCE_EXHAUSTED: : CUDA_ERROR_OUT_OF_MEMORY: out of memory
=== Source Location Trace: === 
external/xla/xla/stream_executor/cuda/cuda_status.cc:45
external/xla/xla/stream_executor/cuda/cuda_device_allocator.cc:226
external/xla/xla/stream_executor/cuda/cuda_device_allocator.cc:403

E0728 07:23:20.581571   95775 cuda_executor.cc:1176] [0] Failed to allocate device memory of 1.99GiB (2139719424 bytes): RESOURCE_EXHAUSTED: : CUDA_ERROR_OUT_OF_MEMORY: out of memory
=== Source Location Trace: === 
external/xla/xla/stream_executor/cuda/cuda_status.cc:45
external/xla/xla/stream_executor/cuda/cuda_device_allocator.cc:226
external/xla/xla/stream_executor/cuda/cuda_device_allocator.cc:403

E0728 07:23:20.581607   95775 cuda_executor.cc:1176] [0] Failed to allocate device memory of 1.79GiB (1925747456 bytes): RESOURCE_EXHAUSTED: : CUDA_ERROR_OUT_OF_MEMORY: out of memory
=== Source Location Trace: === 
external/xla/xla/stream_executor/cuda/cuda_status.cc:45
external/xla/xla/stream_executor/cuda/cuda_device_allocator.cc:226
external/xla/xla/stream_executor/cuda/cuda_device_allocator.cc:403

E0728 07:23:20.581646   95775 cuda_executor.cc:1176] [0] Failed to allocate device memory of 1.61GiB (1733172736 bytes): RESOURCE_EXHAUSTED: : CUDA_ERROR_OUT_OF_MEMORY: out of memory
=== Source Location Trace: === 
external/xla/xla/stream_executor/cuda/cuda_status.cc:45
external/xla/xla/stream_executor/cuda/cuda_device_allocator.cc:226
external/xla/xla/stream_executor/cuda/cuda_device_allocator.cc:403

E0728 07:23:20.581682   95775 cuda_executor.cc:1176] [0] Failed to allocate device memory of 1.45GiB (1559855360 bytes): RESOURCE_EXHAUSTED: : CUDA_ERROR_OUT_OF_MEMORY: out of memory
=== Source Location Trace: === 
external/xla/xla/stream_executor/cuda/cuda_status.cc:45
external/xla/xla/stream_executor/cuda/cuda_device_allocator.cc:226
external/xla/xla/stream_executor/cuda/cuda_device_allocator.cc:403

E0728 07:23:20.581717   95775 cuda_executor.cc:1176] [0] Failed to allocate device memory of 1.31GiB (1403869952 bytes): RESOURCE_EXHAUSTED: : CUDA_ERROR_OUT_OF_MEMORY: out of memory
=== Source Location Trace: === 
external/xla/xla/stream_executor/cuda/cuda_status.cc:45
external/xla/xla/stream_executor/cuda/cuda_device_allocator.cc:226
external/xla/xla/stream_executor/cuda/cuda_device_allocator.cc:403

E0728 07:23:20.581752   95775 cuda_executor.cc:1176] [0] Failed to allocate device memory of 1.18GiB (1263482880 bytes): RESOURCE_EXHAUSTED: : CUDA_ERROR_OUT_OF_MEMORY: out of memory
=== Source Location Trace: === 
external/xla/xla/stream_executor/cuda/cuda_status.cc:45
external/xla/xla/stream_executor/cuda/cuda_device_allocator.cc:226
external/xla/xla/stream_executor/cuda/cuda_device_allocator.cc:403

E0728 07:23:20.581787   95775 cuda_executor.cc:1176] [0] Failed to allocate device memory of 1.06GiB (1137134592 bytes): RESOURCE_EXHAUSTED: : CUDA_ERROR_OUT_OF_MEMORY: out of memory
=== Source Location Trace: === 
external/xla/xla/stream_executor/cuda/cuda_status.cc:45
external/xla/xla/stream_executor/cuda/cuda_device_allocator.cc:226
external/xla/xla/stream_executor/cuda/cuda_device_allocator.cc:403

E0728 07:23:20.581822   95775 cuda_executor.cc:1176] [0] Failed to allocate device memory of 976.01MiB (1023421184 bytes): RESOURCE_EXHAUSTED: : CUDA_ERROR_OUT_OF_MEMORY: out of memory
=== Source Location Trace: === 
external/xla/xla/stream_executor/cuda/cuda_status.cc:45
external/xla/xla/stream_executor/cuda/cuda_device_allocator.cc:226
external/xla/xla/stream_executor/cuda/cuda_device_allocator.cc:403

E0728 07:23:20.581857   95775 cuda_executor.cc:1176] [0] Failed to allocate device memory of 878.41MiB (921079040 bytes): RESOURCE_EXHAUSTED: : CUDA_ERROR_OUT_OF_MEMORY: out of memory
=== Source Location Trace: === 
external/xla/xla/stream_executor/cuda/cuda_status.cc:45
external/xla/xla/stream_executor/cuda/cuda_device_allocator.cc:226
external/xla/xla/stream_executor/cuda/cuda_device_allocator.cc:403

E0728 07:23:20.581895   95775 cuda_executor.cc:1176] [0] Failed to allocate device memory of 790.57MiB (828971264 bytes): RESOURCE_EXHAUSTED: : CUDA_ERROR_OUT_OF_MEMORY: out of memory
=== Source Location Trace: === 
external/xla/xla/stream_executor/cuda/cuda_status.cc:45
external/xla/xla/stream_executor/cuda/cuda_device_allocator.cc:226
external/xla/xla/stream_executor/cuda/cuda_device_allocator.cc:403

E0728 07:23:20.581931   95775 cuda_executor.cc:1176] [0] Failed to allocate device memory of 711.51MiB (746074112 bytes): RESOURCE_EXHAUSTED: : CUDA_ERROR_OUT_OF_MEMORY: out of memory
=== Source Location Trace: === 
external/xla/xla/stream_executor/cuda/cuda_status.cc:45
external/xla/xla/stream_executor/cuda/cuda_device_allocator.cc:226
external/xla/xla/stream_executor/cuda/cuda_device_allocator.cc:403

E0728 07:23:20.581966   95775 cuda_executor.cc:1176] [0] Failed to allocate device memory of 640.36MiB (671466752 bytes): RESOURCE_EXHAUSTED: : CUDA_ERROR_OUT_OF_MEMORY: out of memory
=== Source Location Trace: === 
external/xla/xla/stream_executor/cuda/cuda_status.cc:45
external/xla/xla/stream_executor/cuda/cuda_device_allocator.cc:226
external/xla/xla/stream_executor/cuda/cuda_device_allocator.cc:403

E0728 07:23:20.582002   95775 cuda_executor.cc:1176] [0] Failed to allocate device memory of 576.32MiB (604320256 bytes): RESOURCE_EXHAUSTED: : CUDA_ERROR_OUT_OF_MEMORY: out of memory
=== Source Location Trace: === 
external/xla/xla/stream_executor/cuda/cuda_status.cc:45
external/xla/xla/stream_executor/cuda/cuda_device_allocator.cc:226
external/xla/xla/stream_executor/cuda/cuda_device_allocator.cc:403

E0728 07:23:20.582036   95775 cuda_executor.cc:1176] [0] Failed to allocate device memory of 518.69MiB (543888384 bytes): RESOURCE_EXHAUSTED: : CUDA_ERROR_OUT_OF_MEMORY: out of memory
=== Source Location Trace: === 
external/xla/xla/stream_executor/cuda/cuda_status.cc:45
external/xla/xla/stream_executor/cuda/cuda_device_allocator.cc:226
external/xla/xla/stream_executor/cuda/cuda_device_allocator.cc:403

W0728 07:23:20.582038   95775 bfc_allocator.cc:590] Allocator (GPU_0_bfc) ran out of memory trying to allocate 484.00MiB (rounded to 507510784) from the lower end requested by op 
If this is caused by memory fragmentation, the environment variable 'TF_GPU_ALLOCATOR=cuda_malloc_async' may improve the situation.
Current allocation summary follows.
W0728 07:23:20.582214   95775 bfc_allocator.cc:601] **********************************************************************************************______
E0728 07:23:20.855831   95775 cuda_executor.cc:1176] [0] Failed to allocate device memory of 64.48GiB (69239570432 bytes): RESOURCE_EXHAUSTED: : CUDA_ERROR_OUT_OF_MEMORY: out of memory
=== Source Location Trace: === 
external/xla/xla/stream_executor/cuda/cuda_status.cc:45
external/xla/xla/stream_executor/cuda/cuda_device_allocator.cc:226
external/xla/xla/stream_executor/cuda/cuda_device_allocator.cc:403

E0728 07:23:20.855950   95775 cuda_executor.cc:1176] [0] Failed to allocate device memory of 58.04GiB (62315610112 bytes): RESOURCE_EXHAUSTED: : CUDA_ERROR_OUT_OF_MEMORY: out of memory
=== Source Location Trace: === 
external/xla/xla/stream_executor/cuda/cuda_status.cc:45
external/xla/xla/stream_executor/cuda/cuda_device_allocator.cc:226
external/xla/xla/stream_executor/cuda/cuda_device_allocator.cc:403

E0728 07:23:20.856018   95775 cuda_executor.cc:1176] [0] Failed to allocate device memory of 52.23GiB (56084045824 bytes): RESOURCE_EXHAUSTED: : CUDA_ERROR_OUT_OF_MEMORY: out of memory
=== Source Location Trace: === 
external/xla/xla/stream_executor/cuda/cuda_status.cc:45
external/xla/xla/stream_executor/cuda/cuda_device_allocator.cc:226
external/xla/xla/stream_executor/cuda/cuda_device_allocator.cc:403

E0728 07:23:20.856088   95775 cuda_executor.cc:1176] [0] Failed to allocate device memory of 47.01GiB (50475638784 bytes): RESOURCE_EXHAUSTED: : CUDA_ERROR_OUT_OF_MEMORY: out of memory
=== Source Location Trace: === 
external/xla/xla/stream_executor/cuda/cuda_status.cc:45
external/xla/xla/stream_executor/cuda/cuda_device_allocator.cc:226
external/xla/xla/stream_executor/cuda/cuda_device_allocator.cc:403

E0728 07:23:20.856149   95775 cuda_executor.cc:1176] [0] Failed to allocate device memory of 42.31GiB (45428072448 bytes): RESOURCE_EXHAUSTED: : CUDA_ERROR_OUT_OF_MEMORY: out of memory
=== Source Location Trace: === 
external/xla/xla/stream_executor/cuda/cuda_status.cc:45
external/xla/xla/stream_executor/cuda/cuda_device_allocator.cc:226
external/xla/xla/stream_executor/cuda/cuda_device_allocator.cc:403

E0728 07:23:20.856207   95775 cuda_executor.cc:1176] [0] Failed to allocate device memory of 38.08GiB (40885264384 bytes): RESOURCE_EXHAUSTED: : CUDA_ERROR_OUT_OF_MEMORY: out of memory
=== Source Location Trace: === 
external/xla/xla/stream_executor/cuda/cuda_status.cc:45
external/xla/xla/stream_executor/cuda/cuda_device_allocator.cc:226
external/xla/xla/stream_executor/cuda/cuda_device_allocator.cc:403

E0728 07:23:20.856261   95775 cuda_executor.cc:1176] [0] Failed to allocate device memory of 34.27GiB (36796735488 bytes): RESOURCE_EXHAUSTED: : CUDA_ERROR_OUT_OF_MEMORY: out of memory
=== Source Location Trace: === 
external/xla/xla/stream_executor/cuda/cuda_status.cc:45
external/xla/xla/stream_executor/cuda/cuda_device_allocator.cc:226
external/xla/xla/stream_executor/cuda/cuda_device_allocator.cc:403

E0728 07:23:20.856338   95775 cuda_executor.cc:1176] [0] Failed to allocate device memory of 30.84GiB (33117061120 bytes): RESOURCE_EXHAUSTED: : CUDA_ERROR_OUT_OF_MEMORY: out of memory
=== Source Location Trace: === 
external/xla/xla/stream_executor/cuda/cuda_status.cc:45
external/xla/xla/stream_executor/cuda/cuda_device_allocator.cc:226
external/xla/xla/stream_executor/cuda/cuda_device_allocator.cc:403

E0728 07:23:20.856386   95775 cuda_executor.cc:1176] [0] Failed to allocate device memory of 27.76GiB (29805355008 bytes): RESOURCE_EXHAUSTED: : CUDA_ERROR_OUT_OF_MEMORY: out of memory
=== Source Location Trace: === 
external/xla/xla/stream_executor/cuda/cuda_status.cc:45
external/xla/xla/stream_executor/cuda/cuda_device_allocator.cc:226
external/xla/xla/stream_executor/cuda/cuda_device_allocator.cc:403

E0728 07:23:20.856432   95775 cuda_executor.cc:1176] [0] Failed to allocate device memory of 24.98GiB (26824818688 bytes): RESOURCE_EXHAUSTED: : CUDA_ERROR_OUT_OF_MEMORY: out of memory
=== Source Location Trace: === 
external/xla/xla/stream_executor/cuda/cuda_status.cc:45
external/xla/xla/stream_executor/cuda/cuda_device_allocator.cc:226
external/xla/xla/stream_executor/cuda/cuda_device_allocator.cc:403

E0728 07:23:20.856478   95775 cuda_executor.cc:1176] [0] Failed to allocate device memory of 22.48GiB (24142336000 bytes): RESOURCE_EXHAUSTED: : CUDA_ERROR_OUT_OF_MEMORY: out of memory
=== Source Location Trace: === 
external/xla/xla/stream_executor/cuda/cuda_status.cc:45
external/xla/xla/stream_executor/cuda/cuda_device_allocator.cc:226
external/xla/xla/stream_executor/cuda/cuda_device_allocator.cc:403

E0728 07:23:20.856522   95775 cuda_executor.cc:1176] [0] Failed to allocate device memory of 20.24GiB (21728102400 bytes): RESOURCE_EXHAUSTED: : CUDA_ERROR_OUT_OF_MEMORY: out of memory
=== Source Location Trace: === 
external/xla/xla/stream_executor/cuda/cuda_status.cc:45
external/xla/xla/stream_executor/cuda/cuda_device_allocator.cc:226
external/xla/xla/stream_executor/cuda/cuda_device_allocator.cc:403

E0728 07:23:20.856565   95775 cuda_executor.cc:1176] [0] Failed to allocate device memory of 18.21GiB (19555291136 bytes): RESOURCE_EXHAUSTED: : CUDA_ERROR_OUT_OF_MEMORY: out of memory
=== Source Location Trace: === 
external/xla/xla/stream_executor/cuda/cuda_status.cc:45
external/xla/xla/stream_executor/cuda/cuda_device_allocator.cc:226
external/xla/xla/stream_executor/cuda/cuda_device_allocator.cc:403

E0728 07:23:20.856608   95775 cuda_executor.cc:1176] [0] Failed to allocate device memory of 16.39GiB (17599762432 bytes): RESOURCE_EXHAUSTED: : CUDA_ERROR_OUT_OF_MEMORY: out of memory
=== Source Location Trace: === 
external/xla/xla/stream_executor/cuda/cuda_status.cc:45
external/xla/xla/stream_executor/cuda/cuda_device_allocator.cc:226
external/xla/xla/stream_executor/cuda/cuda_device_allocator.cc:403

E0728 07:23:20.856655   95775 cuda_executor.cc:1176] [0] Failed to allocate device memory of 14.75GiB (15839785984 bytes): RESOURCE_EXHAUSTED: : CUDA_ERROR_OUT_OF_MEMORY: out of memory
=== Source Location Trace: === 
external/xla/xla/stream_executor/cuda/cuda_status.cc:45
external/xla/xla/stream_executor/cuda/cuda_device_allocator.cc:226
external/xla/xla/stream_executor/cuda/cuda_device_allocator.cc:403

E0728 07:23:20.856695   95775 cuda_executor.cc:1176] [0] Failed to allocate device memory of 13.28GiB (14255807488 bytes): RESOURCE_EXHAUSTED: : CUDA_ERROR_OUT_OF_MEMORY: out of memory
=== Source Location Trace: === 
external/xla/xla/stream_executor/cuda/cuda_status.cc:45
external/xla/xla/stream_executor/cuda/cuda_device_allocator.cc:226
external/xla/xla/stream_executor/cuda/cuda_device_allocator.cc:403

E0728 07:23:20.856734   95775 cuda_executor.cc:1176] [0] Failed to allocate device memory of 11.95GiB (12830226432 bytes): RESOURCE_EXHAUSTED: : CUDA_ERROR_OUT_OF_MEMORY: out of memory
=== Source Location Trace: === 
external/xla/xla/stream_executor/cuda/cuda_status.cc:45
external/xla/xla/stream_executor/cuda/cuda_device_allocator.cc:226
external/xla/xla/stream_executor/cuda/cuda_device_allocator.cc:403

E0728 07:23:20.856774   95775 cuda_executor.cc:1176] [0] Failed to allocate device memory of 10.75GiB (11547203584 bytes): RESOURCE_EXHAUSTED: : CUDA_ERROR_OUT_OF_MEMORY: out of memory
=== Source Location Trace: === 
external/xla/xla/stream_executor/cuda/cuda_status.cc:45
external/xla/xla/stream_executor/cuda/cuda_device_allocator.cc:226
external/xla/xla/stream_executor/cuda/cuda_device_allocator.cc:403

E0728 07:23:20.856812   95775 cuda_executor.cc:1176] [0] Failed to allocate device memory of 9.68GiB (10392482816 bytes): RESOURCE_EXHAUSTED: : CUDA_ERROR_OUT_OF_MEMORY: out of memory
=== Source Location Trace: === 
external/xla/xla/stream_executor/cuda/cuda_status.cc:45
external/xla/xla/stream_executor/cuda/cuda_device_allocator.cc:226
external/xla/xla/stream_executor/cuda/cuda_device_allocator.cc:403

E0728 07:23:20.856850   95775 cuda_executor.cc:1176] [0] Failed to allocate device memory of 8.71GiB (9353234432 bytes): RESOURCE_EXHAUSTED: : CUDA_ERROR_OUT_OF_MEMORY: out of memory
=== Source Location Trace: === 
external/xla/xla/stream_executor/cuda/cuda_status.cc:45
external/xla/xla/stream_executor/cuda/cuda_device_allocator.cc:226
external/xla/xla/stream_executor/cuda/cuda_device_allocator.cc:403

E0728 07:23:20.856895   95775 cuda_executor.cc:1176] [0] Failed to allocate device memory of 7.84GiB (8417910784 bytes): RESOURCE_EXHAUSTED: : CUDA_ERROR_OUT_OF_MEMORY: out of memory
=== Source Location Trace: === 
external/xla/xla/stream_executor/cuda/cuda_status.cc:45
external/xla/xla/stream_executor/cuda/cuda_device_allocator.cc:226
external/xla/xla/stream_executor/cuda/cuda_device_allocator.cc:403

E0728 07:23:20.856985   95775 cuda_executor.cc:1176] [0] Failed to allocate device memory of 7.06GiB (7576119296 bytes): RESOURCE_EXHAUSTED: : CUDA_ERROR_OUT_OF_MEMORY: out of memory
=== Source Location Trace: === 
external/xla/xla/stream_executor/cuda/cuda_status.cc:45
external/xla/xla/stream_executor/cuda/cuda_device_allocator.cc:226
external/xla/xla/stream_executor/cuda/cuda_device_allocator.cc:403

E0728 07:23:20.857064   95775 cuda_executor.cc:1176] [0] Failed to allocate device memory of 6.35GiB (6818507264 bytes): RESOURCE_EXHAUSTED: : CUDA_ERROR_OUT_OF_MEMORY: out of memory
=== Source Location Trace: === 
external/xla/xla/stream_executor/cuda/cuda_status.cc:45
external/xla/xla/stream_executor/cuda/cuda_device_allocator.cc:226
external/xla/xla/stream_executor/cuda/cuda_device_allocator.cc:403

E0728 07:23:20.857139   95775 cuda_executor.cc:1176] [0] Failed to allocate device memory of 5.71GiB (6136656384 bytes): RESOURCE_EXHAUSTED: : CUDA_ERROR_OUT_OF_MEMORY: out of memory
=== Source Location Trace: === 
external/xla/xla/stream_executor/cuda/cuda_status.cc:45
external/xla/xla/stream_executor/cuda/cuda_device_allocator.cc:226
external/xla/xla/stream_executor/cuda/cuda_device_allocator.cc:403

E0728 07:23:20.857181   95775 cuda_executor.cc:1176] [0] Failed to allocate device memory of 5.14GiB (5522990592 bytes): RESOURCE_EXHAUSTED: : CUDA_ERROR_OUT_OF_MEMORY: out of memory
=== Source Location Trace: === 
external/xla/xla/stream_executor/cuda/cuda_status.cc:45
external/xla/xla/stream_executor/cuda/cuda_device_allocator.cc:226
external/xla/xla/stream_executor/cuda/cuda_device_allocator.cc:403

E0728 07:23:20.857219   95775 cuda_executor.cc:1176] [0] Failed to allocate device memory of 4.63GiB (4970691584 bytes): RESOURCE_EXHAUSTED: : CUDA_ERROR_OUT_OF_MEMORY: out of memory
=== Source Location Trace: === 
external/xla/xla/stream_executor/cuda/cuda_status.cc:45
external/xla/xla/stream_executor/cuda/cuda_device_allocator.cc:226
external/xla/xla/stream_executor/cuda/cuda_device_allocator.cc:403

E0728 07:23:20.857256   95775 cuda_executor.cc:1176] [0] Failed to allocate device memory of 4.17GiB (4473622528 bytes): RESOURCE_EXHAUSTED: : CUDA_ERROR_OUT_OF_MEMORY: out of memory
=== Source Location Trace: === 
external/xla/xla/stream_executor/cuda/cuda_status.cc:45
external/xla/xla/stream_executor/cuda/cuda_device_allocator.cc:226
external/xla/xla/stream_executor/cuda/cuda_device_allocator.cc:403

E0728 07:23:20.857298   95775 cuda_executor.cc:1176] [0] Failed to allocate device memory of 3.75GiB (4026260224 bytes): RESOURCE_EXHAUSTED: : CUDA_ERROR_OUT_OF_MEMORY: out of memory
=== Source Location Trace: === 
external/xla/xla/stream_executor/cuda/cuda_status.cc:45
external/xla/xla/stream_executor/cuda/cuda_device_allocator.cc:226
external/xla/xla/stream_executor/cuda/cuda_device_allocator.cc:403

E0728 07:23:20.857335   95775 cuda_executor.cc:1176] [0] Failed to allocate device memory of 3.37GiB (3623634176 bytes): RESOURCE_EXHAUSTED: : CUDA_ERROR_OUT_OF_MEMORY: out of memory
=== Source Location Trace: === 
external/xla/xla/stream_executor/cuda/cuda_status.cc:45
external/xla/xla/stream_executor/cuda/cuda_device_allocator.cc:226
external/xla/xla/stream_executor/cuda/cuda_device_allocator.cc:403

E0728 07:23:20.857371   95775 cuda_executor.cc:1176] [0] Failed to allocate device memory of 3.04GiB (3261270784 bytes): RESOURCE_EXHAUSTED: : CUDA_ERROR_OUT_OF_MEMORY: out of memory
=== Source Location Trace: === 
external/xla/xla/stream_executor/cuda/cuda_status.cc:45
external/xla/xla/stream_executor/cuda/cuda_device_allocator.cc:226
external/xla/xla/stream_executor/cuda/cuda_device_allocator.cc:403

E0728 07:23:20.857408   95775 cuda_executor.cc:1176] [0] Failed to allocate device memory of 2.73GiB (2935143680 bytes): RESOURCE_EXHAUSTED: : CUDA_ERROR_OUT_OF_MEMORY: out of memory
=== Source Location Trace: === 
external/xla/xla/stream_executor/cuda/cuda_status.cc:45
external/xla/xla/stream_executor/cuda/cuda_device_allocator.cc:226
external/xla/xla/stream_executor/cuda/cuda_device_allocator.cc:403

E0728 07:23:20.857444   95775 cuda_executor.cc:1176] [0] Failed to allocate device memory of 2.46GiB (2641629184 bytes): RESOURCE_EXHAUSTED: : CUDA_ERROR_OUT_OF_MEMORY: out of memory
=== Source Location Trace: === 
external/xla/xla/stream_executor/cuda/cuda_status.cc:45
external/xla/xla/stream_executor/cuda/cuda_device_allocator.cc:226
external/xla/xla/stream_executor/cuda/cuda_device_allocator.cc:403

E0728 07:23:20.857480   95775 cuda_executor.cc:1176] [0] Failed to allocate device memory of 2.21GiB (2377466112 bytes): RESOURCE_EXHAUSTED: : CUDA_ERROR_OUT_OF_MEMORY: out of memory
=== Source Location Trace: === 
external/xla/xla/stream_executor/cuda/cuda_status.cc:45
external/xla/xla/stream_executor/cuda/cuda_device_allocator.cc:226
external/xla/xla/stream_executor/cuda/cuda_device_allocator.cc:403

E0728 07:23:20.857515   95775 cuda_executor.cc:1176] [0] Failed to allocate device memory of 1.99GiB (2139719424 bytes): RESOURCE_EXHAUSTED: : CUDA_ERROR_OUT_OF_MEMORY: out of memory
=== Source Location Trace: === 
external/xla/xla/stream_executor/cuda/cuda_status.cc:45
external/xla/xla/stream_executor/cuda/cuda_device_allocator.cc:226
external/xla/xla/stream_executor/cuda/cuda_device_allocator.cc:403

E0728 07:23:20.857552   95775 cuda_executor.cc:1176] [0] Failed to allocate device memory of 1.79GiB (1925747456 bytes): RESOURCE_EXHAUSTED: : CUDA_ERROR_OUT_OF_MEMORY: out of memory
=== Source Location Trace: === 
external/xla/xla/stream_executor/cuda/cuda_status.cc:45
external/xla/xla/stream_executor/cuda/cuda_device_allocator.cc:226
external/xla/xla/stream_executor/cuda/cuda_device_allocator.cc:403

E0728 07:23:20.857588   95775 cuda_executor.cc:1176] [0] Failed to allocate device memory of 1.61GiB (1733172736 bytes): RESOURCE_EXHAUSTED: : CUDA_ERROR_OUT_OF_MEMORY: out of memory
=== Source Location Trace: === 
external/xla/xla/stream_executor/cuda/cuda_status.cc:45
external/xla/xla/stream_executor/cuda/cuda_device_allocator.cc:226
external/xla/xla/stream_executor/cuda/cuda_device_allocator.cc:403

E0728 07:23:20.857623   95775 cuda_executor.cc:1176] [0] Failed to allocate device memory of 1.45GiB (1559855360 bytes): RESOURCE_EXHAUSTED: : CUDA_ERROR_OUT_OF_MEMORY: out of memory
=== Source Location Trace: === 
external/xla/xla/stream_executor/cuda/cuda_status.cc:45
external/xla/xla/stream_executor/cuda/cuda_device_allocator.cc:226
external/xla/xla/stream_executor/cuda/cuda_device_allocator.cc:403

E0728 07:23:20.857659   95775 cuda_executor.cc:1176] [0] Failed to allocate device memory of 1.31GiB (1403869952 bytes): RESOURCE_EXHAUSTED: : CUDA_ERROR_OUT_OF_MEMORY: out of memory
=== Source Location Trace: === 
external/xla/xla/stream_executor/cuda/cuda_status.cc:45
external/xla/xla/stream_executor/cuda/cuda_device_allocator.cc:226
external/xla/xla/stream_executor/cuda/cuda_device_allocator.cc:403

E0728 07:23:20.857695   95775 cuda_executor.cc:1176] [0] Failed to allocate device memory of 1.18GiB (1263482880 bytes): RESOURCE_EXHAUSTED: : CUDA_ERROR_OUT_OF_MEMORY: out of memory
=== Source Location Trace: === 
external/xla/xla/stream_executor/cuda/cuda_status.cc:45
external/xla/xla/stream_executor/cuda/cuda_device_allocator.cc:226
external/xla/xla/stream_executor/cuda/cuda_device_allocator.cc:403

E0728 07:23:20.857730   95775 cuda_executor.cc:1176] [0] Failed to allocate device memory of 1.06GiB (1137134592 bytes): RESOURCE_EXHAUSTED: : CUDA_ERROR_OUT_OF_MEMORY: out of memory
=== Source Location Trace: === 
external/xla/xla/stream_executor/cuda/cuda_status.cc:45
external/xla/xla/stream_executor/cuda/cuda_device_allocator.cc:226
external/xla/xla/stream_executor/cuda/cuda_device_allocator.cc:403

E0728 07:23:20.857765   95775 cuda_executor.cc:1176] [0] Failed to allocate device memory of 976.01MiB (1023421184 bytes): RESOURCE_EXHAUSTED: : CUDA_ERROR_OUT_OF_MEMORY: out of memory
=== Source Location Trace: === 
external/xla/xla/stream_executor/cuda/cuda_status.cc:45
external/xla/xla/stream_executor/cuda/cuda_device_allocator.cc:226
external/xla/xla/stream_executor/cuda/cuda_device_allocator.cc:403

E0728 07:23:20.857800   95775 cuda_executor.cc:1176] [0] Failed to allocate device memory of 878.41MiB (921079040 bytes): RESOURCE_EXHAUSTED: : CUDA_ERROR_OUT_OF_MEMORY: out of memory
=== Source Location Trace: === 
external/xla/xla/stream_executor/cuda/cuda_status.cc:45
external/xla/xla/stream_executor/cuda/cuda_device_allocator.cc:226
external/xla/xla/stream_executor/cuda/cuda_device_allocator.cc:403

E0728 07:23:20.857835   95775 cuda_executor.cc:1176] [0] Failed to allocate device memory of 790.57MiB (828971264 bytes): RESOURCE_EXHAUSTED: : CUDA_ERROR_OUT_OF_MEMORY: out of memory
=== Source Location Trace: === 
external/xla/xla/stream_executor/cuda/cuda_status.cc:45
external/xla/xla/stream_executor/cuda/cuda_device_allocator.cc:226
external/xla/xla/stream_executor/cuda/cuda_device_allocator.cc:403

E0728 07:23:20.857870   95775 cuda_executor.cc:1176] [0] Failed to allocate device memory of 711.51MiB (746074112 bytes): RESOURCE_EXHAUSTED: : CUDA_ERROR_OUT_OF_MEMORY: out of memory
=== Source Location Trace: === 
external/xla/xla/stream_executor/cuda/cuda_status.cc:45
external/xla/xla/stream_executor/cuda/cuda_device_allocator.cc:226
external/xla/xla/stream_executor/cuda/cuda_device_allocator.cc:403

E0728 07:23:20.857909   95775 cuda_executor.cc:1176] [0] Failed to allocate device memory of 640.36MiB (671466752 bytes): RESOURCE_EXHAUSTED: : CUDA_ERROR_OUT_OF_MEMORY: out of memory
=== Source Location Trace: === 
external/xla/xla/stream_executor/cuda/cuda_status.cc:45
external/xla/xla/stream_executor/cuda/cuda_device_allocator.cc:226
external/xla/xla/stream_executor/cuda/cuda_device_allocator.cc:403

E0728 07:23:20.857945   95775 cuda_executor.cc:1176] [0] Failed to allocate device memory of 576.32MiB (604320256 bytes): RESOURCE_EXHAUSTED: : CUDA_ERROR_OUT_OF_MEMORY: out of memory
=== Source Location Trace: === 
external/xla/xla/stream_executor/cuda/cuda_status.cc:45
external/xla/xla/stream_executor/cuda/cuda_device_allocator.cc:226
external/xla/xla/stream_executor/cuda/cuda_device_allocator.cc:403

E0728 07:23:20.857980   95775 cuda_executor.cc:1176] [0] Failed to allocate device memory of 518.69MiB (543888384 bytes): RESOURCE_EXHAUSTED: : CUDA_ERROR_OUT_OF_MEMORY: out of memory
=== Source Location Trace: === 
external/xla/xla/stream_executor/cuda/cuda_status.cc:45
external/xla/xla/stream_executor/cuda/cuda_device_allocator.cc:226
external/xla/xla/stream_executor/cuda/cuda_device_allocator.cc:403

E0728 07:23:20.858083   95775 cuda_executor.cc:1176] [0] Failed to allocate device memory of 64.48GiB (69239570432 bytes): RESOURCE_EXHAUSTED: : CUDA_ERROR_OUT_OF_MEMORY: out of memory
=== Source Location Trace: === 
external/xla/xla/stream_executor/cuda/cuda_status.cc:45
external/xla/xla/stream_executor/cuda/cuda_device_allocator.cc:226
external/xla/xla/stream_executor/cuda/cuda_device_allocator.cc:403

E0728 07:23:20.858152   95775 cuda_executor.cc:1176] [0] Failed to allocate device memory of 58.04GiB (62315610112 bytes): RESOURCE_EXHAUSTED: : CUDA_ERROR_OUT_OF_MEMORY: out of memory
=== Source Location Trace: === 
external/xla/xla/stream_executor/cuda/cuda_status.cc:45
external/xla/xla/stream_executor/cuda/cuda_device_allocator.cc:226
external/xla/xla/stream_executor/cuda/cuda_device_allocator.cc:403

E0728 07:23:20.858213   95775 cuda_executor.cc:1176] [0] Failed to allocate device memory of 52.23GiB (56084045824 bytes): RESOURCE_EXHAUSTED: : CUDA_ERROR_OUT_OF_MEMORY: out of memory
=== Source Location Trace: === 
external/xla/xla/stream_executor/cuda/cuda_status.cc:45
external/xla/xla/stream_executor/cuda/cuda_device_allocator.cc:226
external/xla/xla/stream_executor/cuda/cuda_device_allocator.cc:403

E0728 07:23:20.858272   95775 cuda_executor.cc:1176] [0] Failed to allocate device memory of 47.01GiB (50475638784 bytes): RESOURCE_EXHAUSTED: : CUDA_ERROR_OUT_OF_MEMORY: out of memory
=== Source Location Trace: === 
external/xla/xla/stream_executor/cuda/cuda_status.cc:45
external/xla/xla/stream_executor/cuda/cuda_device_allocator.cc:226
external/xla/xla/stream_executor/cuda/cuda_device_allocator.cc:403

E0728 07:23:20.858328   95775 cuda_executor.cc:1176] [0] Failed to allocate device memory of 42.31GiB (45428072448 bytes): RESOURCE_EXHAUSTED: : CUDA_ERROR_OUT_OF_MEMORY: out of memory
=== Source Location Trace: === 
external/xla/xla/stream_executor/cuda/cuda_status.cc:45
external/xla/xla/stream_executor/cuda/cuda_device_allocator.cc:226
external/xla/xla/stream_executor/cuda/cuda_device_allocator.cc:403

E0728 07:23:20.858382   95775 cuda_executor.cc:1176] [0] Failed to allocate device memory of 38.08GiB (40885264384 bytes): RESOURCE_EXHAUSTED: : CUDA_ERROR_OUT_OF_MEMORY: out of memory
=== Source Location Trace: === 
external/xla/xla/stream_executor/cuda/cuda_status.cc:45
external/xla/xla/stream_executor/cuda/cuda_device_allocator.cc:226
external/xla/xla/stream_executor/cuda/cuda_device_allocator.cc:403

E0728 07:23:20.858434   95775 cuda_executor.cc:1176] [0] Failed to allocate device memory of 34.27GiB (36796735488 bytes): RESOURCE_EXHAUSTED: : CUDA_ERROR_OUT_OF_MEMORY: out of memory
=== Source Location Trace: === 
external/xla/xla/stream_executor/cuda/cuda_status.cc:45
external/xla/xla/stream_executor/cuda/cuda_device_allocator.cc:226
external/xla/xla/stream_executor/cuda/cuda_device_allocator.cc:403

E0728 07:23:20.858484   95775 cuda_executor.cc:1176] [0] Failed to allocate device memory of 30.84GiB (33117061120 bytes): RESOURCE_EXHAUSTED: : CUDA_ERROR_OUT_OF_MEMORY: out of memory
=== Source Location Trace: === 
external/xla/xla/stream_executor/cuda/cuda_status.cc:45
external/xla/xla/stream_executor/cuda/cuda_device_allocator.cc:226
external/xla/xla/stream_executor/cuda/cuda_device_allocator.cc:403

E0728 07:23:20.858530   95775 cuda_executor.cc:1176] [0] Failed to allocate device memory of 27.76GiB (29805355008 bytes): RESOURCE_EXHAUSTED: : CUDA_ERROR_OUT_OF_MEMORY: out of memory
=== Source Location Trace: === 
external/xla/xla/stream_executor/cuda/cuda_status.cc:45
external/xla/xla/stream_executor/cuda/cuda_device_allocator.cc:226
external/xla/xla/stream_executor/cuda/cuda_device_allocator.cc:403

E0728 07:23:20.858576   95775 cuda_executor.cc:1176] [0] Failed to allocate device memory of 24.98GiB (26824818688 bytes): RESOURCE_EXHAUSTED: : CUDA_ERROR_OUT_OF_MEMORY: out of memory
=== Source Location Trace: === 
external/xla/xla/stream_executor/cuda/cuda_status.cc:45
external/xla/xla/stream_executor/cuda/cuda_device_allocator.cc:226
external/xla/xla/stream_executor/cuda/cuda_device_allocator.cc:403

E0728 07:23:20.858622   95775 cuda_executor.cc:1176] [0] Failed to allocate device memory of 22.48GiB (24142336000 bytes): RESOURCE_EXHAUSTED: : CUDA_ERROR_OUT_OF_MEMORY: out of memory
=== Source Location Trace: === 
external/xla/xla/stream_executor/cuda/cuda_status.cc:45
external/xla/xla/stream_executor/cuda/cuda_device_allocator.cc:226
external/xla/xla/stream_executor/cuda/cuda_device_allocator.cc:403

E0728 07:23:20.858665   95775 cuda_executor.cc:1176] [0] Failed to allocate device memory of 20.24GiB (21728102400 bytes): RESOURCE_EXHAUSTED: : CUDA_ERROR_OUT_OF_MEMORY: out of memory
=== Source Location Trace: === 
external/xla/xla/stream_executor/cuda/cuda_status.cc:45
external/xla/xla/stream_executor/cuda/cuda_device_allocator.cc:226
external/xla/xla/stream_executor/cuda/cuda_device_allocator.cc:403

E0728 07:23:20.858707   95775 cuda_executor.cc:1176] [0] Failed to allocate device memory of 18.21GiB (19555291136 bytes): RESOURCE_EXHAUSTED: : CUDA_ERROR_OUT_OF_MEMORY: out of memory
=== Source Location Trace: === 
external/xla/xla/stream_executor/cuda/cuda_status.cc:45
external/xla/xla/stream_executor/cuda/cuda_device_allocator.cc:226
external/xla/xla/stream_executor/cuda/cuda_device_allocator.cc:403

E0728 07:23:20.858749   95775 cuda_executor.cc:1176] [0] Failed to allocate device memory of 16.39GiB (17599762432 bytes): RESOURCE_EXHAUSTED: : CUDA_ERROR_OUT_OF_MEMORY: out of memory
=== Source Location Trace: === 
external/xla/xla/stream_executor/cuda/cuda_status.cc:45
external/xla/xla/stream_executor/cuda/cuda_device_allocator.cc:226
external/xla/xla/stream_executor/cuda/cuda_device_allocator.cc:403

E0728 07:23:20.858790   95775 cuda_executor.cc:1176] [0] Failed to allocate device memory of 14.75GiB (15839785984 bytes): RESOURCE_EXHAUSTED: : CUDA_ERROR_OUT_OF_MEMORY: out of memory
=== Source Location Trace: === 
external/xla/xla/stream_executor/cuda/cuda_status.cc:45
external/xla/xla/stream_executor/cuda/cuda_device_allocator.cc:226
external/xla/xla/stream_executor/cuda/cuda_device_allocator.cc:403

E0728 07:23:20.858829   95775 cuda_executor.cc:1176] [0] Failed to allocate device memory of 13.28GiB (14255807488 bytes): RESOURCE_EXHAUSTED: : CUDA_ERROR_OUT_OF_MEMORY: out of memory
=== Source Location Trace: === 
external/xla/xla/stream_executor/cuda/cuda_status.cc:45
external/xla/xla/stream_executor/cuda/cuda_device_allocator.cc:226
external/xla/xla/stream_executor/cuda/cuda_device_allocator.cc:403

E0728 07:23:20.858867   95775 cuda_executor.cc:1176] [0] Failed to allocate device memory of 11.95GiB (12830226432 bytes): RESOURCE_EXHAUSTED: : CUDA_ERROR_OUT_OF_MEMORY: out of memory
=== Source Location Trace: === 
external/xla/xla/stream_executor/cuda/cuda_status.cc:45
external/xla/xla/stream_executor/cuda/cuda_device_allocator.cc:226
external/xla/xla/stream_executor/cuda/cuda_device_allocator.cc:403

E0728 07:23:20.858912   95775 cuda_executor.cc:1176] [0] Failed to allocate device memory of 10.75GiB (11547203584 bytes): RESOURCE_EXHAUSTED: : CUDA_ERROR_OUT_OF_MEMORY: out of memory
=== Source Location Trace: === 
external/xla/xla/stream_executor/cuda/cuda_status.cc:45
external/xla/xla/stream_executor/cuda/cuda_device_allocator.cc:226
external/xla/xla/stream_executor/cuda/cuda_device_allocator.cc:403

E0728 07:23:20.858951   95775 cuda_executor.cc:1176] [0] Failed to allocate device memory of 9.68GiB (10392482816 bytes): RESOURCE_EXHAUSTED: : CUDA_ERROR_OUT_OF_MEMORY: out of memory
=== Source Location Trace: === 
external/xla/xla/stream_executor/cuda/cuda_status.cc:45
external/xla/xla/stream_executor/cuda/cuda_device_allocator.cc:226
external/xla/xla/stream_executor/cuda/cuda_device_allocator.cc:403

E0728 07:23:20.858989   95775 cuda_executor.cc:1176] [0] Failed to allocate device memory of 8.71GiB (9353234432 bytes): RESOURCE_EXHAUSTED: : CUDA_ERROR_OUT_OF_MEMORY: out of memory
=== Source Location Trace: === 
external/xla/xla/stream_executor/cuda/cuda_status.cc:45
external/xla/xla/stream_executor/cuda/cuda_device_allocator.cc:226
external/xla/xla/stream_executor/cuda/cuda_device_allocator.cc:403

E0728 07:23:20.859026   95775 cuda_executor.cc:1176] [0] Failed to allocate device memory of 7.84GiB (8417910784 bytes): RESOURCE_EXHAUSTED: : CUDA_ERROR_OUT_OF_MEMORY: out of memory
=== Source Location Trace: === 
external/xla/xla/stream_executor/cuda/cuda_status.cc:45
external/xla/xla/stream_executor/cuda/cuda_device_allocator.cc:226
external/xla/xla/stream_executor/cuda/cuda_device_allocator.cc:403

E0728 07:23:20.859065   95775 cuda_executor.cc:1176] [0] Failed to allocate device memory of 7.06GiB (7576119296 bytes): RESOURCE_EXHAUSTED: : CUDA_ERROR_OUT_OF_MEMORY: out of memory
=== Source Location Trace: === 
external/xla/xla/stream_executor/cuda/cuda_status.cc:45
external/xla/xla/stream_executor/cuda/cuda_device_allocator.cc:226
external/xla/xla/stream_executor/cuda/cuda_device_allocator.cc:403

E0728 07:23:20.859111   95775 cuda_executor.cc:1176] [0] Failed to allocate device memory of 6.35GiB (6818507264 bytes): RESOURCE_EXHAUSTED: : CUDA_ERROR_OUT_OF_MEMORY: out of memory
=== Source Location Trace: === 
external/xla/xla/stream_executor/cuda/cuda_status.cc:45
external/xla/xla/stream_executor/cuda/cuda_device_allocator.cc:226
external/xla/xla/stream_executor/cuda/cuda_device_allocator.cc:403

E0728 07:23:20.859151   95775 cuda_executor.cc:1176] [0] Failed to allocate device memory of 5.71GiB (6136656384 bytes): RESOURCE_EXHAUSTED: : CUDA_ERROR_OUT_OF_MEMORY: out of memory
=== Source Location Trace: === 
external/xla/xla/stream_executor/cuda/cuda_status.cc:45
external/xla/xla/stream_executor/cuda/cuda_device_allocator.cc:226
external/xla/xla/stream_executor/cuda/cuda_device_allocator.cc:403

E0728 07:23:20.859189   95775 cuda_executor.cc:1176] [0] Failed to allocate device memory of 5.14GiB (5522990592 bytes): RESOURCE_EXHAUSTED: : CUDA_ERROR_OUT_OF_MEMORY: out of memory
=== Source Location Trace: === 
external/xla/xla/stream_executor/cuda/cuda_status.cc:45
external/xla/xla/stream_executor/cuda/cuda_device_allocator.cc:226
external/xla/xla/stream_executor/cuda/cuda_device_allocator.cc:403

E0728 07:23:20.859226   95775 cuda_executor.cc:1176] [0] Failed to allocate device memory of 4.63GiB (4970691584 bytes): RESOURCE_EXHAUSTED: : CUDA_ERROR_OUT_OF_MEMORY: out of memory
=== Source Location Trace: === 
external/xla/xla/stream_executor/cuda/cuda_status.cc:45
external/xla/xla/stream_executor/cuda/cuda_device_allocator.cc:226
external/xla/xla/stream_executor/cuda/cuda_device_allocator.cc:403

E0728 07:23:20.859264   95775 cuda_executor.cc:1176] [0] Failed to allocate device memory of 4.17GiB (4473622528 bytes): RESOURCE_EXHAUSTED: : CUDA_ERROR_OUT_OF_MEMORY: out of memory
=== Source Location Trace: === 
external/xla/xla/stream_executor/cuda/cuda_status.cc:45
external/xla/xla/stream_executor/cuda/cuda_device_allocator.cc:226
external/xla/xla/stream_executor/cuda/cuda_device_allocator.cc:403

E0728 07:23:20.859301   95775 cuda_executor.cc:1176] [0] Failed to allocate device memory of 3.75GiB (4026260224 bytes): RESOURCE_EXHAUSTED: : CUDA_ERROR_OUT_OF_MEMORY: out of memory
=== Source Location Trace: === 
external/xla/xla/stream_executor/cuda/cuda_status.cc:45
external/xla/xla/stream_executor/cuda/cuda_device_allocator.cc:226
external/xla/xla/stream_executor/cuda/cuda_device_allocator.cc:403

E0728 07:23:20.859337   95775 cuda_executor.cc:1176] [0] Failed to allocate device memory of 3.37GiB (3623634176 bytes): RESOURCE_EXHAUSTED: : CUDA_ERROR_OUT_OF_MEMORY: out of memory
=== Source Location Trace: === 
external/xla/xla/stream_executor/cuda/cuda_status.cc:45
external/xla/xla/stream_executor/cuda/cuda_device_allocator.cc:226
external/xla/xla/stream_executor/cuda/cuda_device_allocator.cc:403

E0728 07:23:20.859374   95775 cuda_executor.cc:1176] [0] Failed to allocate device memory of 3.04GiB (3261270784 bytes): RESOURCE_EXHAUSTED: : CUDA_ERROR_OUT_OF_MEMORY: out of memory
=== Source Location Trace: === 
external/xla/xla/stream_executor/cuda/cuda_status.cc:45
external/xla/xla/stream_executor/cuda/cuda_device_allocator.cc:226
external/xla/xla/stream_executor/cuda/cuda_device_allocator.cc:403

E0728 07:23:20.859411   95775 cuda_executor.cc:1176] [0] Failed to allocate device memory of 2.73GiB (2935143680 bytes): RESOURCE_EXHAUSTED: : CUDA_ERROR_OUT_OF_MEMORY: out of memory
=== Source Location Trace: === 
external/xla/xla/stream_executor/cuda/cuda_status.cc:45
external/xla/xla/stream_executor/cuda/cuda_device_allocator.cc:226
external/xla/xla/stream_executor/cuda/cuda_device_allocator.cc:403

E0728 07:23:20.859447   95775 cuda_executor.cc:1176] [0] Failed to allocate device memory of 2.46GiB (2641629184 bytes): RESOURCE_EXHAUSTED: : CUDA_ERROR_OUT_OF_MEMORY: out of memory
=== Source Location Trace: === 
external/xla/xla/stream_executor/cuda/cuda_status.cc:45
external/xla/xla/stream_executor/cuda/cuda_device_allocator.cc:226
external/xla/xla/stream_executor/cuda/cuda_device_allocator.cc:403

E0728 07:23:20.859483   95775 cuda_executor.cc:1176] [0] Failed to allocate device memory of 2.21GiB (2377466112 bytes): RESOURCE_EXHAUSTED: : CUDA_ERROR_OUT_OF_MEMORY: out of memory
=== Source Location Trace: === 
external/xla/xla/stream_executor/cuda/cuda_status.cc:45
external/xla/xla/stream_executor/cuda/cuda_device_allocator.cc:226
external/xla/xla/stream_executor/cuda/cuda_device_allocator.cc:403

E0728 07:23:20.859519   95775 cuda_executor.cc:1176] [0] Failed to allocate device memory of 1.99GiB (2139719424 bytes): RESOURCE_EXHAUSTED: : CUDA_ERROR_OUT_OF_MEMORY: out of memory
=== Source Location Trace: === 
external/xla/xla/stream_executor/cuda/cuda_status.cc:45
external/xla/xla/stream_executor/cuda/cuda_device_allocator.cc:226
external/xla/xla/stream_executor/cuda/cuda_device_allocator.cc:403

E0728 07:23:20.859554   95775 cuda_executor.cc:1176] [0] Failed to allocate device memory of 1.79GiB (1925747456 bytes): RESOURCE_EXHAUSTED: : CUDA_ERROR_OUT_OF_MEMORY: out of memory
=== Source Location Trace: === 
external/xla/xla/stream_executor/cuda/cuda_status.cc:45
external/xla/xla/stream_executor/cuda/cuda_device_allocator.cc:226
external/xla/xla/stream_executor/cuda/cuda_device_allocator.cc:403

E0728 07:23:20.859589   95775 cuda_executor.cc:1176] [0] Failed to allocate device memory of 1.61GiB (1733172736 bytes): RESOURCE_EXHAUSTED: : CUDA_ERROR_OUT_OF_MEMORY: out of memory
=== Source Location Trace: === 
external/xla/xla/stream_executor/cuda/cuda_status.cc:45
external/xla/xla/stream_executor/cuda/cuda_device_allocator.cc:226
external/xla/xla/stream_executor/cuda/cuda_device_allocator.cc:403

E0728 07:23:20.859625   95775 cuda_executor.cc:1176] [0] Failed to allocate device memory of 1.45GiB (1559855360 bytes): RESOURCE_EXHAUSTED: : CUDA_ERROR_OUT_OF_MEMORY: out of memory
=== Source Location Trace: === 
external/xla/xla/stream_executor/cuda/cuda_status.cc:45
external/xla/xla/stream_executor/cuda/cuda_device_allocator.cc:226
external/xla/xla/stream_executor/cuda/cuda_device_allocator.cc:403

E0728 07:23:20.859660   95775 cuda_executor.cc:1176] [0] Failed to allocate device memory of 1.31GiB (1403869952 bytes): RESOURCE_EXHAUSTED: : CUDA_ERROR_OUT_OF_MEMORY: out of memory
=== Source Location Trace: === 
external/xla/xla/stream_executor/cuda/cuda_status.cc:45
external/xla/xla/stream_executor/cuda/cuda_device_allocator.cc:226
external/xla/xla/stream_executor/cuda/cuda_device_allocator.cc:403

E0728 07:23:20.859695   95775 cuda_executor.cc:1176] [0] Failed to allocate device memory of 1.18GiB (1263482880 bytes): RESOURCE_EXHAUSTED: : CUDA_ERROR_OUT_OF_MEMORY: out of memory
=== Source Location Trace: === 
external/xla/xla/stream_executor/cuda/cuda_status.cc:45
external/xla/xla/stream_executor/cuda/cuda_device_allocator.cc:226
external/xla/xla/stream_executor/cuda/cuda_device_allocator.cc:403

E0728 07:23:20.859730   95775 cuda_executor.cc:1176] [0] Failed to allocate device memory of 1.06GiB (1137134592 bytes): RESOURCE_EXHAUSTED: : CUDA_ERROR_OUT_OF_MEMORY: out of memory
=== Source Location Trace: === 
external/xla/xla/stream_executor/cuda/cuda_status.cc:45
external/xla/xla/stream_executor/cuda/cuda_device_allocator.cc:226
external/xla/xla/stream_executor/cuda/cuda_device_allocator.cc:403

E0728 07:23:20.859766   95775 cuda_executor.cc:1176] [0] Failed to allocate device memory of 976.01MiB (1023421184 bytes): RESOURCE_EXHAUSTED: : CUDA_ERROR_OUT_OF_MEMORY: out of memory
=== Source Location Trace: === 
external/xla/xla/stream_executor/cuda/cuda_status.cc:45
external/xla/xla/stream_executor/cuda/cuda_device_allocator.cc:226
external/xla/xla/stream_executor/cuda/cuda_device_allocator.cc:403

E0728 07:23:20.859801   95775 cuda_executor.cc:1176] [0] Failed to allocate device memory of 878.41MiB (921079040 bytes): RESOURCE_EXHAUSTED: : CUDA_ERROR_OUT_OF_MEMORY: out of memory
=== Source Location Trace: === 
external/xla/xla/stream_executor/cuda/cuda_status.cc:45
external/xla/xla/stream_executor/cuda/cuda_device_allocator.cc:226
external/xla/xla/stream_executor/cuda/cuda_device_allocator.cc:403

E0728 07:23:20.859836   95775 cuda_executor.cc:1176] [0] Failed to allocate device memory of 790.57MiB (828971264 bytes): RESOURCE_EXHAUSTED: : CUDA_ERROR_OUT_OF_MEMORY: out of memory
=== Source Location Trace: === 
external/xla/xla/stream_executor/cuda/cuda_status.cc:45
external/xla/xla/stream_executor/cuda/cuda_device_allocator.cc:226
external/xla/xla/stream_executor/cuda/cuda_device_allocator.cc:403

E0728 07:23:20.859870   95775 cuda_executor.cc:1176] [0] Failed to allocate device memory of 711.51MiB (746074112 bytes): RESOURCE_EXHAUSTED: : CUDA_ERROR_OUT_OF_MEMORY: out of memory
=== Source Location Trace: === 
external/xla/xla/stream_executor/cuda/cuda_status.cc:45
external/xla/xla/stream_executor/cuda/cuda_device_allocator.cc:226
external/xla/xla/stream_executor/cuda/cuda_device_allocator.cc:403

E0728 07:23:20.859909   95775 cuda_executor.cc:1176] [0] Failed to allocate device memory of 640.36MiB (671466752 bytes): RESOURCE_EXHAUSTED: : CUDA_ERROR_OUT_OF_MEMORY: out of memory
=== Source Location Trace: === 
external/xla/xla/stream_executor/cuda/cuda_status.cc:45
external/xla/xla/stream_executor/cuda/cuda_device_allocator.cc:226
external/xla/xla/stream_executor/cuda/cuda_device_allocator.cc:403

E0728 07:23:20.859945   95775 cuda_executor.cc:1176] [0] Failed to allocate device memory of 576.32MiB (604320256 bytes): RESOURCE_EXHAUSTED: : CUDA_ERROR_OUT_OF_MEMORY: out of memory
=== Source Location Trace: === 
external/xla/xla/stream_executor/cuda/cuda_status.cc:45
external/xla/xla/stream_executor/cuda/cuda_device_allocator.cc:226
external/xla/xla/stream_executor/cuda/cuda_device_allocator.cc:403

E0728 07:23:20.859979   95775 cuda_executor.cc:1176] [0] Failed to allocate device memory of 518.69MiB (543888384 bytes): RESOURCE_EXHAUSTED: : CUDA_ERROR_OUT_OF_MEMORY: out of memory
=== Source Location Trace: === 
external/xla/xla/stream_executor/cuda/cuda_status.cc:45
external/xla/xla/stream_executor/cuda/cuda_device_allocator.cc:226
external/xla/xla/stream_executor/cuda/cuda_device_allocator.cc:403

E0728 07:23:30.860346   95775 cuda_executor.cc:1176] [0] Failed to allocate device memory of 64.48GiB (69239570432 bytes): RESOURCE_EXHAUSTED: : CUDA_ERROR_OUT_OF_MEMORY: out of memory
=== Source Location Trace: === 
external/xla/xla/stream_executor/cuda/cuda_status.cc:45
external/xla/xla/stream_executor/cuda/cuda_device_allocator.cc:226
external/xla/xla/stream_executor/cuda/cuda_device_allocator.cc:403

E0728 07:23:30.860474   95775 cuda_executor.cc:1176] [0] Failed to allocate device memory of 58.04GiB (62315610112 bytes): RESOURCE_EXHAUSTED: : CUDA_ERROR_OUT_OF_MEMORY: out of memory
=== Source Location Trace: === 
external/xla/xla/stream_executor/cuda/cuda_status.cc:45
external/xla/xla/stream_executor/cuda/cuda_device_allocator.cc:226
external/xla/xla/stream_executor/cuda/cuda_device_allocator.cc:403

E0728 07:23:30.860541   95775 cuda_executor.cc:1176] [0] Failed to allocate device memory of 52.23GiB (56084045824 bytes): RESOURCE_EXHAUSTED: : CUDA_ERROR_OUT_OF_MEMORY: out of memory
=== Source Location Trace: === 
external/xla/xla/stream_executor/cuda/cuda_status.cc:45
external/xla/xla/stream_executor/cuda/cuda_device_allocator.cc:226
external/xla/xla/stream_executor/cuda/cuda_device_allocator.cc:403

E0728 07:23:30.860613   95775 cuda_executor.cc:1176] [0] Failed to allocate device memory of 47.01GiB (50475638784 bytes): RESOURCE_EXHAUSTED: : CUDA_ERROR_OUT_OF_MEMORY: out of memory
=== Source Location Trace: === 
external/xla/xla/stream_executor/cuda/cuda_status.cc:45
external/xla/xla/stream_executor/cuda/cuda_device_allocator.cc:226
external/xla/xla/stream_executor/cuda/cuda_device_allocator.cc:403

E0728 07:23:30.860672   95775 cuda_executor.cc:1176] [0] Failed to allocate device memory of 42.31GiB (45428072448 bytes): RESOURCE_EXHAUSTED: : CUDA_ERROR_OUT_OF_MEMORY: out of memory
=== Source Location Trace: === 
external/xla/xla/stream_executor/cuda/cuda_status.cc:45
external/xla/xla/stream_executor/cuda/cuda_device_allocator.cc:226
external/xla/xla/stream_executor/cuda/cuda_device_allocator.cc:403

E0728 07:23:30.860729   95775 cuda_executor.cc:1176] [0] Failed to allocate device memory of 38.08GiB (40885264384 bytes): RESOURCE_EXHAUSTED: : CUDA_ERROR_OUT_OF_MEMORY: out of memory
=== Source Location Trace: === 
external/xla/xla/stream_executor/cuda/cuda_status.cc:45
external/xla/xla/stream_executor/cuda/cuda_device_allocator.cc:226
external/xla/xla/stream_executor/cuda/cuda_device_allocator.cc:403

E0728 07:23:30.860783   95775 cuda_executor.cc:1176] [0] Failed to allocate device memory of 34.27GiB (36796735488 bytes): RESOURCE_EXHAUSTED: : CUDA_ERROR_OUT_OF_MEMORY: out of memory
=== Source Location Trace: === 
external/xla/xla/stream_executor/cuda/cuda_status.cc:45
external/xla/xla/stream_executor/cuda/cuda_device_allocator.cc:226
external/xla/xla/stream_executor/cuda/cuda_device_allocator.cc:403

E0728 07:23:30.860849   95775 cuda_executor.cc:1176] [0] Failed to allocate device memory of 30.84GiB (33117061120 bytes): RESOURCE_EXHAUSTED: : CUDA_ERROR_OUT_OF_MEMORY: out of memory
=== Source Location Trace: === 
external/xla/xla/stream_executor/cuda/cuda_status.cc:45
external/xla/xla/stream_executor/cuda/cuda_device_allocator.cc:226
external/xla/xla/stream_executor/cuda/cuda_device_allocator.cc:403

E0728 07:23:30.860907   95775 cuda_executor.cc:1176] [0] Failed to allocate device memory of 27.76GiB (29805355008 bytes): RESOURCE_EXHAUSTED: : CUDA_ERROR_OUT_OF_MEMORY: out of memory
=== Source Location Trace: === 
external/xla/xla/stream_executor/cuda/cuda_status.cc:45
external/xla/xla/stream_executor/cuda/cuda_device_allocator.cc:226
external/xla/xla/stream_executor/cuda/cuda_device_allocator.cc:403

E0728 07:23:30.860956   95775 cuda_executor.cc:1176] [0] Failed to allocate device memory of 24.98GiB (26824818688 bytes): RESOURCE_EXHAUSTED: : CUDA_ERROR_OUT_OF_MEMORY: out of memory
=== Source Location Trace: === 
external/xla/xla/stream_executor/cuda/cuda_status.cc:45
external/xla/xla/stream_executor/cuda/cuda_device_allocator.cc:226
external/xla/xla/stream_executor/cuda/cuda_device_allocator.cc:403

E0728 07:23:30.861002   95775 cuda_executor.cc:1176] [0] Failed to allocate device memory of 22.48GiB (24142336000 bytes): RESOURCE_EXHAUSTED: : CUDA_ERROR_OUT_OF_MEMORY: out of memory
=== Source Location Trace: === 
external/xla/xla/stream_executor/cuda/cuda_status.cc:45
external/xla/xla/stream_executor/cuda/cuda_device_allocator.cc:226
external/xla/xla/stream_executor/cuda/cuda_device_allocator.cc:403

E0728 07:23:30.861047   95775 cuda_executor.cc:1176] [0] Failed to allocate device memory of 20.24GiB (21728102400 bytes): RESOURCE_EXHAUSTED: : CUDA_ERROR_OUT_OF_MEMORY: out of memory
=== Source Location Trace: === 
external/xla/xla/stream_executor/cuda/cuda_status.cc:45
external/xla/xla/stream_executor/cuda/cuda_device_allocator.cc:226
external/xla/xla/stream_executor/cuda/cuda_device_allocator.cc:403

E0728 07:23:30.861100   95775 cuda_executor.cc:1176] [0] Failed to allocate device memory of 18.21GiB (19555291136 bytes): RESOURCE_EXHAUSTED: : CUDA_ERROR_OUT_OF_MEMORY: out of memory
=== Source Location Trace: === 
external/xla/xla/stream_executor/cuda/cuda_status.cc:45
external/xla/xla/stream_executor/cuda/cuda_device_allocator.cc:226
external/xla/xla/stream_executor/cuda/cuda_device_allocator.cc:403

E0728 07:23:30.861148   95775 cuda_executor.cc:1176] [0] Failed to allocate device memory of 16.39GiB (17599762432 bytes): RESOURCE_EXHAUSTED: : CUDA_ERROR_OUT_OF_MEMORY: out of memory
=== Source Location Trace: === 
external/xla/xla/stream_executor/cuda/cuda_status.cc:45
external/xla/xla/stream_executor/cuda/cuda_device_allocator.cc:226
external/xla/xla/stream_executor/cuda/cuda_device_allocator.cc:403

E0728 07:23:30.861197   95775 cuda_executor.cc:1176] [0] Failed to allocate device memory of 14.75GiB (15839785984 bytes): RESOURCE_EXHAUSTED: : CUDA_ERROR_OUT_OF_MEMORY: out of memory
=== Source Location Trace: === 
external/xla/xla/stream_executor/cuda/cuda_status.cc:45
external/xla/xla/stream_executor/cuda/cuda_device_allocator.cc:226
external/xla/xla/stream_executor/cuda/cuda_device_allocator.cc:403

E0728 07:23:30.861238   95775 cuda_executor.cc:1176] [0] Failed to allocate device memory of 13.28GiB (14255807488 bytes): RESOURCE_EXHAUSTED: : CUDA_ERROR_OUT_OF_MEMORY: out of memory
=== Source Location Trace: === 
external/xla/xla/stream_executor/cuda/cuda_status.cc:45
external/xla/xla/stream_executor/cuda/cuda_device_allocator.cc:226
external/xla/xla/stream_executor/cuda/cuda_device_allocator.cc:403

E0728 07:23:30.861277   95775 cuda_executor.cc:1176] [0] Failed to allocate device memory of 11.95GiB (12830226432 bytes): RESOURCE_EXHAUSTED: : CUDA_ERROR_OUT_OF_MEMORY: out of memory
=== Source Location Trace: === 
external/xla/xla/stream_executor/cuda/cuda_status.cc:45
external/xla/xla/stream_executor/cuda/cuda_device_allocator.cc:226
external/xla/xla/stream_executor/cuda/cuda_device_allocator.cc:403

E0728 07:23:30.861316   95775 cuda_executor.cc:1176] [0] Failed to allocate device memory of 10.75GiB (11547203584 bytes): RESOURCE_EXHAUSTED: : CUDA_ERROR_OUT_OF_MEMORY: out of memory
=== Source Location Trace: === 
external/xla/xla/stream_executor/cuda/cuda_status.cc:45
external/xla/xla/stream_executor/cuda/cuda_device_allocator.cc:226
external/xla/xla/stream_executor/cuda/cuda_device_allocator.cc:403

E0728 07:23:30.861355   95775 cuda_executor.cc:1176] [0] Failed to allocate device memory of 9.68GiB (10392482816 bytes): RESOURCE_EXHAUSTED: : CUDA_ERROR_OUT_OF_MEMORY: out of memory
=== Source Location Trace: === 
external/xla/xla/stream_executor/cuda/cuda_status.cc:45
external/xla/xla/stream_executor/cuda/cuda_device_allocator.cc:226
external/xla/xla/stream_executor/cuda/cuda_device_allocator.cc:403

E0728 07:23:30.861393   95775 cuda_executor.cc:1176] [0] Failed to allocate device memory of 8.71GiB (9353234432 bytes): RESOURCE_EXHAUSTED: : CUDA_ERROR_OUT_OF_MEMORY: out of memory
=== Source Location Trace: === 
external/xla/xla/stream_executor/cuda/cuda_status.cc:45
external/xla/xla/stream_executor/cuda/cuda_device_allocator.cc:226
external/xla/xla/stream_executor/cuda/cuda_device_allocator.cc:403

E0728 07:23:30.861434   95775 cuda_executor.cc:1176] [0] Failed to allocate device memory of 7.84GiB (8417910784 bytes): RESOURCE_EXHAUSTED: : CUDA_ERROR_OUT_OF_MEMORY: out of memory
=== Source Location Trace: === 
external/xla/xla/stream_executor/cuda/cuda_status.cc:45
external/xla/xla/stream_executor/cuda/cuda_device_allocator.cc:226
external/xla/xla/stream_executor/cuda/cuda_device_allocator.cc:403

E0728 07:23:30.861475   95775 cuda_executor.cc:1176] [0] Failed to allocate device memory of 7.06GiB (7576119296 bytes): RESOURCE_EXHAUSTED: : CUDA_ERROR_OUT_OF_MEMORY: out of memory
=== Source Location Trace: === 
external/xla/xla/stream_executor/cuda/cuda_status.cc:45
external/xla/xla/stream_executor/cuda/cuda_device_allocator.cc:226
external/xla/xla/stream_executor/cuda/cuda_device_allocator.cc:403

E0728 07:23:30.861515   95775 cuda_executor.cc:1176] [0] Failed to allocate device memory of 6.35GiB (6818507264 bytes): RESOURCE_EXHAUSTED: : CUDA_ERROR_OUT_OF_MEMORY: out of memory
=== Source Location Trace: === 
external/xla/xla/stream_executor/cuda/cuda_status.cc:45
external/xla/xla/stream_executor/cuda/cuda_device_allocator.cc:226
external/xla/xla/stream_executor/cuda/cuda_device_allocator.cc:403

E0728 07:23:30.861554   95775 cuda_executor.cc:1176] [0] Failed to allocate device memory of 5.71GiB (6136656384 bytes): RESOURCE_EXHAUSTED: : CUDA_ERROR_OUT_OF_MEMORY: out of memory
=== Source Location Trace: === 
external/xla/xla/stream_executor/cuda/cuda_status.cc:45
external/xla/xla/stream_executor/cuda/cuda_device_allocator.cc:226
external/xla/xla/stream_executor/cuda/cuda_device_allocator.cc:403

E0728 07:23:30.861594   95775 cuda_executor.cc:1176] [0] Failed to allocate device memory of 5.14GiB (5522990592 bytes): RESOURCE_EXHAUSTED: : CUDA_ERROR_OUT_OF_MEMORY: out of memory
=== Source Location Trace: === 
external/xla/xla/stream_executor/cuda/cuda_status.cc:45
external/xla/xla/stream_executor/cuda/cuda_device_allocator.cc:226
external/xla/xla/stream_executor/cuda/cuda_device_allocator.cc:403

E0728 07:23:30.861633   95775 cuda_executor.cc:1176] [0] Failed to allocate device memory of 4.63GiB (4970691584 bytes): RESOURCE_EXHAUSTED: : CUDA_ERROR_OUT_OF_MEMORY: out of memory
=== Source Location Trace: === 
external/xla/xla/stream_executor/cuda/cuda_status.cc:45
external/xla/xla/stream_executor/cuda/cuda_device_allocator.cc:226
external/xla/xla/stream_executor/cuda/cuda_device_allocator.cc:403

E0728 07:23:30.861671   95775 cuda_executor.cc:1176] [0] Failed to allocate device memory of 4.17GiB (4473622528 bytes): RESOURCE_EXHAUSTED: : CUDA_ERROR_OUT_OF_MEMORY: out of memory
=== Source Location Trace: === 
external/xla/xla/stream_executor/cuda/cuda_status.cc:45
external/xla/xla/stream_executor/cuda/cuda_device_allocator.cc:226
external/xla/xla/stream_executor/cuda/cuda_device_allocator.cc:403

E0728 07:23:30.861711   95775 cuda_executor.cc:1176] [0] Failed to allocate device memory of 3.75GiB (4026260224 bytes): RESOURCE_EXHAUSTED: : CUDA_ERROR_OUT_OF_MEMORY: out of memory
=== Source Location Trace: === 
external/xla/xla/stream_executor/cuda/cuda_status.cc:45
external/xla/xla/stream_executor/cuda/cuda_device_allocator.cc:226
external/xla/xla/stream_executor/cuda/cuda_device_allocator.cc:403

E0728 07:23:30.861748   95775 cuda_executor.cc:1176] [0] Failed to allocate device memory of 3.37GiB (3623634176 bytes): RESOURCE_EXHAUSTED: : CUDA_ERROR_OUT_OF_MEMORY: out of memory
=== Source Location Trace: === 
external/xla/xla/stream_executor/cuda/cuda_status.cc:45
external/xla/xla/stream_executor/cuda/cuda_device_allocator.cc:226
external/xla/xla/stream_executor/cuda/cuda_device_allocator.cc:403

E0728 07:23:30.861785   95775 cuda_executor.cc:1176] [0] Failed to allocate device memory of 3.04GiB (3261270784 bytes): RESOURCE_EXHAUSTED: : CUDA_ERROR_OUT_OF_MEMORY: out of memory
=== Source Location Trace: === 
external/xla/xla/stream_executor/cuda/cuda_status.cc:45
external/xla/xla/stream_executor/cuda/cuda_device_allocator.cc:226
external/xla/xla/stream_executor/cuda/cuda_device_allocator.cc:403

E0728 07:23:30.861822   95775 cuda_executor.cc:1176] [0] Failed to allocate device memory of 2.73GiB (2935143680 bytes): RESOURCE_EXHAUSTED: : CUDA_ERROR_OUT_OF_MEMORY: out of memory
=== Source Location Trace: === 
external/xla/xla/stream_executor/cuda/cuda_status.cc:45
external/xla/xla/stream_executor/cuda/cuda_device_allocator.cc:226
external/xla/xla/stream_executor/cuda/cuda_device_allocator.cc:403

E0728 07:23:30.861858   95775 cuda_executor.cc:1176] [0] Failed to allocate device memory of 2.46GiB (2641629184 bytes): RESOURCE_EXHAUSTED: : CUDA_ERROR_OUT_OF_MEMORY: out of memory
=== Source Location Trace: === 
external/xla/xla/stream_executor/cuda/cuda_status.cc:45
external/xla/xla/stream_executor/cuda/cuda_device_allocator.cc:226
external/xla/xla/stream_executor/cuda/cuda_device_allocator.cc:403

E0728 07:23:30.861899   95775 cuda_executor.cc:1176] [0] Failed to allocate device memory of 2.21GiB (2377466112 bytes): RESOURCE_EXHAUSTED: : CUDA_ERROR_OUT_OF_MEMORY: out of memory
=== Source Location Trace: === 
external/xla/xla/stream_executor/cuda/cuda_status.cc:45
external/xla/xla/stream_executor/cuda/cuda_device_allocator.cc:226
external/xla/xla/stream_executor/cuda/cuda_device_allocator.cc:403

E0728 07:23:30.861936   95775 cuda_executor.cc:1176] [0] Failed to allocate device memory of 1.99GiB (2139719424 bytes): RESOURCE_EXHAUSTED: : CUDA_ERROR_OUT_OF_MEMORY: out of memory
=== Source Location Trace: === 
external/xla/xla/stream_executor/cuda/cuda_status.cc:45
external/xla/xla/stream_executor/cuda/cuda_device_allocator.cc:226
external/xla/xla/stream_executor/cuda/cuda_device_allocator.cc:403

E0728 07:23:30.861974   95775 cuda_executor.cc:1176] [0] Failed to allocate device memory of 1.79GiB (1925747456 bytes): RESOURCE_EXHAUSTED: : CUDA_ERROR_OUT_OF_MEMORY: out of memory
=== Source Location Trace: === 
external/xla/xla/stream_executor/cuda/cuda_status.cc:45
external/xla/xla/stream_executor/cuda/cuda_device_allocator.cc:226
external/xla/xla/stream_executor/cuda/cuda_device_allocator.cc:403

E0728 07:23:30.862010   95775 cuda_executor.cc:1176] [0] Failed to allocate device memory of 1.61GiB (1733172736 bytes): RESOURCE_EXHAUSTED: : CUDA_ERROR_OUT_OF_MEMORY: out of memory
=== Source Location Trace: === 
external/xla/xla/stream_executor/cuda/cuda_status.cc:45
external/xla/xla/stream_executor/cuda/cuda_device_allocator.cc:226
external/xla/xla/stream_executor/cuda/cuda_device_allocator.cc:403

E0728 07:23:30.862045   95775 cuda_executor.cc:1176] [0] Failed to allocate device memory of 1.45GiB (1559855360 bytes): RESOURCE_EXHAUSTED: : CUDA_ERROR_OUT_OF_MEMORY: out of memory
=== Source Location Trace: === 
external/xla/xla/stream_executor/cuda/cuda_status.cc:45
external/xla/xla/stream_executor/cuda/cuda_device_allocator.cc:226
external/xla/xla/stream_executor/cuda/cuda_device_allocator.cc:403

E0728 07:23:30.862088   95775 cuda_executor.cc:1176] [0] Failed to allocate device memory of 1.31GiB (1403869952 bytes): RESOURCE_EXHAUSTED: : CUDA_ERROR_OUT_OF_MEMORY: out of memory
=== Source Location Trace: === 
external/xla/xla/stream_executor/cuda/cuda_status.cc:45
external/xla/xla/stream_executor/cuda/cuda_device_allocator.cc:226
external/xla/xla/stream_executor/cuda/cuda_device_allocator.cc:403

E0728 07:23:30.862125   95775 cuda_executor.cc:1176] [0] Failed to allocate device memory of 1.18GiB (1263482880 bytes): RESOURCE_EXHAUSTED: : CUDA_ERROR_OUT_OF_MEMORY: out of memory
=== Source Location Trace: === 
external/xla/xla/stream_executor/cuda/cuda_status.cc:45
external/xla/xla/stream_executor/cuda/cuda_device_allocator.cc:226
external/xla/xla/stream_executor/cuda/cuda_device_allocator.cc:403

E0728 07:23:30.862160   95775 cuda_executor.cc:1176] [0] Failed to allocate device memory of 1.06GiB (1137134592 bytes): RESOURCE_EXHAUSTED: : CUDA_ERROR_OUT_OF_MEMORY: out of memory
=== Source Location Trace: === 
external/xla/xla/stream_executor/cuda/cuda_status.cc:45
external/xla/xla/stream_executor/cuda/cuda_device_allocator.cc:226
external/xla/xla/stream_executor/cuda/cuda_device_allocator.cc:403

E0728 07:23:30.862196   95775 cuda_executor.cc:1176] [0] Failed to allocate device memory of 976.01MiB (1023421184 bytes): RESOURCE_EXHAUSTED: : CUDA_ERROR_OUT_OF_MEMORY: out of memory
=== Source Location Trace: === 
external/xla/xla/stream_executor/cuda/cuda_status.cc:45
external/xla/xla/stream_executor/cuda/cuda_device_allocator.cc:226
external/xla/xla/stream_executor/cuda/cuda_device_allocator.cc:403

E0728 07:23:30.862231   95775 cuda_executor.cc:1176] [0] Failed to allocate device memory of 878.41MiB (921079040 bytes): RESOURCE_EXHAUSTED: : CUDA_ERROR_OUT_OF_MEMORY: out of memory
=== Source Location Trace: === 
external/xla/xla/stream_executor/cuda/cuda_status.cc:45
external/xla/xla/stream_executor/cuda/cuda_device_allocator.cc:226
external/xla/xla/stream_executor/cuda/cuda_device_allocator.cc:403

E0728 07:23:30.862266   95775 cuda_executor.cc:1176] [0] Failed to allocate device memory of 790.57MiB (828971264 bytes): RESOURCE_EXHAUSTED: : CUDA_ERROR_OUT_OF_MEMORY: out of memory
=== Source Location Trace: === 
external/xla/xla/stream_executor/cuda/cuda_status.cc:45
external/xla/xla/stream_executor/cuda/cuda_device_allocator.cc:226
external/xla/xla/stream_executor/cuda/cuda_device_allocator.cc:403

E0728 07:23:30.862301   95775 cuda_executor.cc:1176] [0] Failed to allocate device memory of 711.51MiB (746074112 bytes): RESOURCE_EXHAUSTED: : CUDA_ERROR_OUT_OF_MEMORY: out of memory
=== Source Location Trace: === 
external/xla/xla/stream_executor/cuda/cuda_status.cc:45
external/xla/xla/stream_executor/cuda/cuda_device_allocator.cc:226
external/xla/xla/stream_executor/cuda/cuda_device_allocator.cc:403

E0728 07:23:30.862337   95775 cuda_executor.cc:1176] [0] Failed to allocate device memory of 640.36MiB (671466752 bytes): RESOURCE_EXHAUSTED: : CUDA_ERROR_OUT_OF_MEMORY: out of memory
=== Source Location Trace: === 
external/xla/xla/stream_executor/cuda/cuda_status.cc:45
external/xla/xla/stream_executor/cuda/cuda_device_allocator.cc:226
external/xla/xla/stream_executor/cuda/cuda_device_allocator.cc:403

E0728 07:23:30.862371   95775 cuda_executor.cc:1176] [0] Failed to allocate device memory of 576.32MiB (604320256 bytes): RESOURCE_EXHAUSTED: : CUDA_ERROR_OUT_OF_MEMORY: out of memory
=== Source Location Trace: === 
external/xla/xla/stream_executor/cuda/cuda_status.cc:45
external/xla/xla/stream_executor/cuda/cuda_device_allocator.cc:226
external/xla/xla/stream_executor/cuda/cuda_device_allocator.cc:403

E0728 07:23:30.862406   95775 cuda_executor.cc:1176] [0] Failed to allocate device memory of 518.69MiB (543888384 bytes): RESOURCE_EXHAUSTED: : CUDA_ERROR_OUT_OF_MEMORY: out of memory
=== Source Location Trace: === 
external/xla/xla/stream_executor/cuda/cuda_status.cc:45
external/xla/xla/stream_executor/cuda/cuda_device_allocator.cc:226
external/xla/xla/stream_executor/cuda/cuda_device_allocator.cc:403

E0728 07:23:30.862489   95775 cuda_executor.cc:1176] [0] Failed to allocate device memory of 64.48GiB (69239570432 bytes): RESOURCE_EXHAUSTED: : CUDA_ERROR_OUT_OF_MEMORY: out of memory
=== Source Location Trace: === 
external/xla/xla/stream_executor/cuda/cuda_status.cc:45
external/xla/xla/stream_executor/cuda/cuda_device_allocator.cc:226
external/xla/xla/stream_executor/cuda/cuda_device_allocator.cc:403

E0728 07:23:30.862556   95775 cuda_executor.cc:1176] [0] Failed to allocate device memory of 58.04GiB (62315610112 bytes): RESOURCE_EXHAUSTED: : CUDA_ERROR_OUT_OF_MEMORY: out of memory
=== Source Location Trace: === 
external/xla/xla/stream_executor/cuda/cuda_status.cc:45
external/xla/xla/stream_executor/cuda/cuda_device_allocator.cc:226
external/xla/xla/stream_executor/cuda/cuda_device_allocator.cc:403

E0728 07:23:30.862620   95775 cuda_executor.cc:1176] [0] Failed to allocate device memory of 52.23GiB (56084045824 bytes): RESOURCE_EXHAUSTED: : CUDA_ERROR_OUT_OF_MEMORY: out of memory
=== Source Location Trace: === 
external/xla/xla/stream_executor/cuda/cuda_status.cc:45
external/xla/xla/stream_executor/cuda/cuda_device_allocator.cc:226
external/xla/xla/stream_executor/cuda/cuda_device_allocator.cc:403

E0728 07:23:30.862680   95775 cuda_executor.cc:1176] [0] Failed to allocate device memory of 47.01GiB (50475638784 bytes): RESOURCE_EXHAUSTED: : CUDA_ERROR_OUT_OF_MEMORY: out of memory
=== Source Location Trace: === 
external/xla/xla/stream_executor/cuda/cuda_status.cc:45
external/xla/xla/stream_executor/cuda/cuda_device_allocator.cc:226
external/xla/xla/stream_executor/cuda/cuda_device_allocator.cc:403

E0728 07:23:30.862738   95775 cuda_executor.cc:1176] [0] Failed to allocate device memory of 42.31GiB (45428072448 bytes): RESOURCE_EXHAUSTED: : CUDA_ERROR_OUT_OF_MEMORY: out of memory
=== Source Location Trace: === 
external/xla/xla/stream_executor/cuda/cuda_status.cc:45
external/xla/xla/stream_executor/cuda/cuda_device_allocator.cc:226
external/xla/xla/stream_executor/cuda/cuda_device_allocator.cc:403

E0728 07:23:30.862793   95775 cuda_executor.cc:1176] [0] Failed to allocate device memory of 38.08GiB (40885264384 bytes): RESOURCE_EXHAUSTED: : CUDA_ERROR_OUT_OF_MEMORY: out of memory
=== Source Location Trace: === 
external/xla/xla/stream_executor/cuda/cuda_status.cc:45
external/xla/xla/stream_executor/cuda/cuda_device_allocator.cc:226
external/xla/xla/stream_executor/cuda/cuda_device_allocator.cc:403

E0728 07:23:30.862846   95775 cuda_executor.cc:1176] [0] Failed to allocate device memory of 34.27GiB (36796735488 bytes): RESOURCE_EXHAUSTED: : CUDA_ERROR_OUT_OF_MEMORY: out of memory
=== Source Location Trace: === 
external/xla/xla/stream_executor/cuda/cuda_status.cc:45
external/xla/xla/stream_executor/cuda/cuda_device_allocator.cc:226
external/xla/xla/stream_executor/cuda/cuda_device_allocator.cc:403

E0728 07:23:30.862901   95775 cuda_executor.cc:1176] [0] Failed to allocate device memory of 30.84GiB (33117061120 bytes): RESOURCE_EXHAUSTED: : CUDA_ERROR_OUT_OF_MEMORY: out of memory
=== Source Location Trace: === 
external/xla/xla/stream_executor/cuda/cuda_status.cc:45
external/xla/xla/stream_executor/cuda/cuda_device_allocator.cc:226
external/xla/xla/stream_executor/cuda/cuda_device_allocator.cc:403

E0728 07:23:30.862950   95775 cuda_executor.cc:1176] [0] Failed to allocate device memory of 27.76GiB (29805355008 bytes): RESOURCE_EXHAUSTED: : CUDA_ERROR_OUT_OF_MEMORY: out of memory
=== Source Location Trace: === 
external/xla/xla/stream_executor/cuda/cuda_status.cc:45
external/xla/xla/stream_executor/cuda/cuda_device_allocator.cc:226
external/xla/xla/stream_executor/cuda/cuda_device_allocator.cc:403

E0728 07:23:30.862997   95775 cuda_executor.cc:1176] [0] Failed to allocate device memory of 24.98GiB (26824818688 bytes): RESOURCE_EXHAUSTED: : CUDA_ERROR_OUT_OF_MEMORY: out of memory
=== Source Location Trace: === 
external/xla/xla/stream_executor/cuda/cuda_status.cc:45
external/xla/xla/stream_executor/cuda/cuda_device_allocator.cc:226
external/xla/xla/stream_executor/cuda/cuda_device_allocator.cc:403

E0728 07:23:30.863042   95775 cuda_executor.cc:1176] [0] Failed to allocate device memory of 22.48GiB (24142336000 bytes): RESOURCE_EXHAUSTED: : CUDA_ERROR_OUT_OF_MEMORY: out of memory
=== Source Location Trace: === 
external/xla/xla/stream_executor/cuda/cuda_status.cc:45
external/xla/xla/stream_executor/cuda/cuda_device_allocator.cc:226
external/xla/xla/stream_executor/cuda/cuda_device_allocator.cc:403

E0728 07:23:30.863092   95775 cuda_executor.cc:1176] [0] Failed to allocate device memory of 20.24GiB (21728102400 bytes): RESOURCE_EXHAUSTED: : CUDA_ERROR_OUT_OF_MEMORY: out of memory
=== Source Location Trace: === 
external/xla/xla/stream_executor/cuda/cuda_status.cc:45
external/xla/xla/stream_executor/cuda/cuda_device_allocator.cc:226
external/xla/xla/stream_executor/cuda/cuda_device_allocator.cc:403

E0728 07:23:30.863138   95775 cuda_executor.cc:1176] [0] Failed to allocate device memory of 18.21GiB (19555291136 bytes): RESOURCE_EXHAUSTED: : CUDA_ERROR_OUT_OF_MEMORY: out of memory
=== Source Location Trace: === 
external/xla/xla/stream_executor/cuda/cuda_status.cc:45
external/xla/xla/stream_executor/cuda/cuda_device_allocator.cc:226
external/xla/xla/stream_executor/cuda/cuda_device_allocator.cc:403

E0728 07:23:30.863180   95775 cuda_executor.cc:1176] [0] Failed to allocate device memory of 16.39GiB (17599762432 bytes): RESOURCE_EXHAUSTED: : CUDA_ERROR_OUT_OF_MEMORY: out of memory
=== Source Location Trace: === 
external/xla/xla/stream_executor/cuda/cuda_status.cc:45
external/xla/xla/stream_executor/cuda/cuda_device_allocator.cc:226
external/xla/xla/stream_executor/cuda/cuda_device_allocator.cc:403

E0728 07:23:30.863220   95775 cuda_executor.cc:1176] [0] Failed to allocate device memory of 14.75GiB (15839785984 bytes): RESOURCE_EXHAUSTED: : CUDA_ERROR_OUT_OF_MEMORY: out of memory
=== Source Location Trace: === 
external/xla/xla/stream_executor/cuda/cuda_status.cc:45
external/xla/xla/stream_executor/cuda/cuda_device_allocator.cc:226
external/xla/xla/stream_executor/cuda/cuda_device_allocator.cc:403

E0728 07:23:30.863260   95775 cuda_executor.cc:1176] [0] Failed to allocate device memory of 13.28GiB (14255807488 bytes): RESOURCE_EXHAUSTED: : CUDA_ERROR_OUT_OF_MEMORY: out of memory
=== Source Location Trace: === 
external/xla/xla/stream_executor/cuda/cuda_status.cc:45
external/xla/xla/stream_executor/cuda/cuda_device_allocator.cc:226
external/xla/xla/stream_executor/cuda/cuda_device_allocator.cc:403

E0728 07:23:30.863299   95775 cuda_executor.cc:1176] [0] Failed to allocate device memory of 11.95GiB (12830226432 bytes): RESOURCE_EXHAUSTED: : CUDA_ERROR_OUT_OF_MEMORY: out of memory
=== Source Location Trace: === 
external/xla/xla/stream_executor/cuda/cuda_status.cc:45
external/xla/xla/stream_executor/cuda/cuda_device_allocator.cc:226
external/xla/xla/stream_executor/cuda/cuda_device_allocator.cc:403

E0728 07:23:30.863341   95775 cuda_executor.cc:1176] [0] Failed to allocate device memory of 10.75GiB (11547203584 bytes): RESOURCE_EXHAUSTED: : CUDA_ERROR_OUT_OF_MEMORY: out of memory
=== Source Location Trace: === 
external/xla/xla/stream_executor/cuda/cuda_status.cc:45
external/xla/xla/stream_executor/cuda/cuda_device_allocator.cc:226
external/xla/xla/stream_executor/cuda/cuda_device_allocator.cc:403

E0728 07:23:30.863379   95775 cuda_executor.cc:1176] [0] Failed to allocate device memory of 9.68GiB (10392482816 bytes): RESOURCE_EXHAUSTED: : CUDA_ERROR_OUT_OF_MEMORY: out of memory
=== Source Location Trace: === 
external/xla/xla/stream_executor/cuda/cuda_status.cc:45
external/xla/xla/stream_executor/cuda/cuda_device_allocator.cc:226
external/xla/xla/stream_executor/cuda/cuda_device_allocator.cc:403

E0728 07:23:30.863416   95775 cuda_executor.cc:1176] [0] Failed to allocate device memory of 8.71GiB (9353234432 bytes): RESOURCE_EXHAUSTED: : CUDA_ERROR_OUT_OF_MEMORY: out of memory
=== Source Location Trace: === 
external/xla/xla/stream_executor/cuda/cuda_status.cc:45
external/xla/xla/stream_executor/cuda/cuda_device_allocator.cc:226
external/xla/xla/stream_executor/cuda/cuda_device_allocator.cc:403

E0728 07:23:30.863453   95775 cuda_executor.cc:1176] [0] Failed to allocate device memory of 7.84GiB (8417910784 bytes): RESOURCE_EXHAUSTED: : CUDA_ERROR_OUT_OF_MEMORY: out of memory
=== Source Location Trace: === 
external/xla/xla/stream_executor/cuda/cuda_status.cc:45
external/xla/xla/stream_executor/cuda/cuda_device_allocator.cc:226
external/xla/xla/stream_executor/cuda/cuda_device_allocator.cc:403

E0728 07:23:30.863492   95775 cuda_executor.cc:1176] [0] Failed to allocate device memory of 7.06GiB (7576119296 bytes): RESOURCE_EXHAUSTED: : CUDA_ERROR_OUT_OF_MEMORY: out of memory
=== Source Location Trace: === 
external/xla/xla/stream_executor/cuda/cuda_status.cc:45
external/xla/xla/stream_executor/cuda/cuda_device_allocator.cc:226
external/xla/xla/stream_executor/cuda/cuda_device_allocator.cc:403

E0728 07:23:30.863531   95775 cuda_executor.cc:1176] [0] Failed to allocate device memory of 6.35GiB (6818507264 bytes): RESOURCE_EXHAUSTED: : CUDA_ERROR_OUT_OF_MEMORY: out of memory
=== Source Location Trace: === 
external/xla/xla/stream_executor/cuda/cuda_status.cc:45
external/xla/xla/stream_executor/cuda/cuda_device_allocator.cc:226
external/xla/xla/stream_executor/cuda/cuda_device_allocator.cc:403

E0728 07:23:30.863570   95775 cuda_executor.cc:1176] [0] Failed to allocate device memory of 5.71GiB (6136656384 bytes): RESOURCE_EXHAUSTED: : CUDA_ERROR_OUT_OF_MEMORY: out of memory
=== Source Location Trace: === 
external/xla/xla/stream_executor/cuda/cuda_status.cc:45
external/xla/xla/stream_executor/cuda/cuda_device_allocator.cc:226
external/xla/xla/stream_executor/cuda/cuda_device_allocator.cc:403

E0728 07:23:30.863608   95775 cuda_executor.cc:1176] [0] Failed to allocate device memory of 5.14GiB (5522990592 bytes): RESOURCE_EXHAUSTED: : CUDA_ERROR_OUT_OF_MEMORY: out of memory
=== Source Location Trace: === 
external/xla/xla/stream_executor/cuda/cuda_status.cc:45
external/xla/xla/stream_executor/cuda/cuda_device_allocator.cc:226
external/xla/xla/stream_executor/cuda/cuda_device_allocator.cc:403

E0728 07:23:30.863646   95775 cuda_executor.cc:1176] [0] Failed to allocate device memory of 4.63GiB (4970691584 bytes): RESOURCE_EXHAUSTED: : CUDA_ERROR_OUT_OF_MEMORY: out of memory
=== Source Location Trace: === 
external/xla/xla/stream_executor/cuda/cuda_status.cc:45
external/xla/xla/stream_executor/cuda/cuda_device_allocator.cc:226
external/xla/xla/stream_executor/cuda/cuda_device_allocator.cc:403

E0728 07:23:30.863683   95775 cuda_executor.cc:1176] [0] Failed to allocate device memory of 4.17GiB (4473622528 bytes): RESOURCE_EXHAUSTED: : CUDA_ERROR_OUT_OF_MEMORY: out of memory
=== Source Location Trace: === 
external/xla/xla/stream_executor/cuda/cuda_status.cc:45
external/xla/xla/stream_executor/cuda/cuda_device_allocator.cc:226
external/xla/xla/stream_executor/cuda/cuda_device_allocator.cc:403

E0728 07:23:30.863722   95775 cuda_executor.cc:1176] [0] Failed to allocate device memory of 3.75GiB (4026260224 bytes): RESOURCE_EXHAUSTED: : CUDA_ERROR_OUT_OF_MEMORY: out of memory
=== Source Location Trace: === 
external/xla/xla/stream_executor/cuda/cuda_status.cc:45
external/xla/xla/stream_executor/cuda/cuda_device_allocator.cc:226
external/xla/xla/stream_executor/cuda/cuda_device_allocator.cc:403

E0728 07:23:30.863759   95775 cuda_executor.cc:1176] [0] Failed to allocate device memory of 3.37GiB (3623634176 bytes): RESOURCE_EXHAUSTED: : CUDA_ERROR_OUT_OF_MEMORY: out of memory
=== Source Location Trace: === 
external/xla/xla/stream_executor/cuda/cuda_status.cc:45
external/xla/xla/stream_executor/cuda/cuda_device_allocator.cc:226
external/xla/xla/stream_executor/cuda/cuda_device_allocator.cc:403

E0728 07:23:30.863795   95775 cuda_executor.cc:1176] [0] Failed to allocate device memory of 3.04GiB (3261270784 bytes): RESOURCE_EXHAUSTED: : CUDA_ERROR_OUT_OF_MEMORY: out of memory
=== Source Location Trace: === 
external/xla/xla/stream_executor/cuda/cuda_status.cc:45
external/xla/xla/stream_executor/cuda/cuda_device_allocator.cc:226
external/xla/xla/stream_executor/cuda/cuda_device_allocator.cc:403

E0728 07:23:30.863832   95775 cuda_executor.cc:1176] [0] Failed to allocate device memory of 2.73GiB (2935143680 bytes): RESOURCE_EXHAUSTED: : CUDA_ERROR_OUT_OF_MEMORY: out of memory
=== Source Location Trace: === 
external/xla/xla/stream_executor/cuda/cuda_status.cc:45
external/xla/xla/stream_executor/cuda/cuda_device_allocator.cc:226
external/xla/xla/stream_executor/cuda/cuda_device_allocator.cc:403

E0728 07:23:30.863868   95775 cuda_executor.cc:1176] [0] Failed to allocate device memory of 2.46GiB (2641629184 bytes): RESOURCE_EXHAUSTED: : CUDA_ERROR_OUT_OF_MEMORY: out of memory
=== Source Location Trace: === 
external/xla/xla/stream_executor/cuda/cuda_status.cc:45
external/xla/xla/stream_executor/cuda/cuda_device_allocator.cc:226
external/xla/xla/stream_executor/cuda/cuda_device_allocator.cc:403

E0728 07:23:30.863908   95775 cuda_executor.cc:1176] [0] Failed to allocate device memory of 2.21GiB (2377466112 bytes): RESOURCE_EXHAUSTED: : CUDA_ERROR_OUT_OF_MEMORY: out of memory
=== Source Location Trace: === 
external/xla/xla/stream_executor/cuda/cuda_status.cc:45
external/xla/xla/stream_executor/cuda/cuda_device_allocator.cc:226
external/xla/xla/stream_executor/cuda/cuda_device_allocator.cc:403

E0728 07:23:30.863945   95775 cuda_executor.cc:1176] [0] Failed to allocate device memory of 1.99GiB (2139719424 bytes): RESOURCE_EXHAUSTED: : CUDA_ERROR_OUT_OF_MEMORY: out of memory
=== Source Location Trace: === 
external/xla/xla/stream_executor/cuda/cuda_status.cc:45
external/xla/xla/stream_executor/cuda/cuda_device_allocator.cc:226
external/xla/xla/stream_executor/cuda/cuda_device_allocator.cc:403

E0728 07:23:30.863980   95775 cuda_executor.cc:1176] [0] Failed to allocate device memory of 1.79GiB (1925747456 bytes): RESOURCE_EXHAUSTED: : CUDA_ERROR_OUT_OF_MEMORY: out of memory
=== Source Location Trace: === 
external/xla/xla/stream_executor/cuda/cuda_status.cc:45
external/xla/xla/stream_executor/cuda/cuda_device_allocator.cc:226
external/xla/xla/stream_executor/cuda/cuda_device_allocator.cc:403

E0728 07:23:30.864016   95775 cuda_executor.cc:1176] [0] Failed to allocate device memory of 1.61GiB (1733172736 bytes): RESOURCE_EXHAUSTED: : CUDA_ERROR_OUT_OF_MEMORY: out of memory
=== Source Location Trace: === 
external/xla/xla/stream_executor/cuda/cuda_status.cc:45
external/xla/xla/stream_executor/cuda/cuda_device_allocator.cc:226
external/xla/xla/stream_executor/cuda/cuda_device_allocator.cc:403

E0728 07:23:30.864051   95775 cuda_executor.cc:1176] [0] Failed to allocate device memory of 1.45GiB (1559855360 bytes): RESOURCE_EXHAUSTED: : CUDA_ERROR_OUT_OF_MEMORY: out of memory
=== Source Location Trace: === 
external/xla/xla/stream_executor/cuda/cuda_status.cc:45
external/xla/xla/stream_executor/cuda/cuda_device_allocator.cc:226
external/xla/xla/stream_executor/cuda/cuda_device_allocator.cc:403

E0728 07:23:30.864093   95775 cuda_executor.cc:1176] [0] Failed to allocate device memory of 1.31GiB (1403869952 bytes): RESOURCE_EXHAUSTED: : CUDA_ERROR_OUT_OF_MEMORY: out of memory
=== Source Location Trace: === 
external/xla/xla/stream_executor/cuda/cuda_status.cc:45
external/xla/xla/stream_executor/cuda/cuda_device_allocator.cc:226
external/xla/xla/stream_executor/cuda/cuda_device_allocator.cc:403

E0728 07:23:30.864130   95775 cuda_executor.cc:1176] [0] Failed to allocate device memory of 1.18GiB (1263482880 bytes): RESOURCE_EXHAUSTED: : CUDA_ERROR_OUT_OF_MEMORY: out of memory
=== Source Location Trace: === 
external/xla/xla/stream_executor/cuda/cuda_status.cc:45
external/xla/xla/stream_executor/cuda/cuda_device_allocator.cc:226
external/xla/xla/stream_executor/cuda/cuda_device_allocator.cc:403

E0728 07:23:30.864165   95775 cuda_executor.cc:1176] [0] Failed to allocate device memory of 1.06GiB (1137134592 bytes): RESOURCE_EXHAUSTED: : CUDA_ERROR_OUT_OF_MEMORY: out of memory
=== Source Location Trace: === 
external/xla/xla/stream_executor/cuda/cuda_status.cc:45
external/xla/xla/stream_executor/cuda/cuda_device_allocator.cc:226
external/xla/xla/stream_executor/cuda/cuda_device_allocator.cc:403

E0728 07:23:30.864200   95775 cuda_executor.cc:1176] [0] Failed to allocate device memory of 976.01MiB (1023421184 bytes): RESOURCE_EXHAUSTED: : CUDA_ERROR_OUT_OF_MEMORY: out of memory
=== Source Location Trace: === 
external/xla/xla/stream_executor/cuda/cuda_status.cc:45
external/xla/xla/stream_executor/cuda/cuda_device_allocator.cc:226
external/xla/xla/stream_executor/cuda/cuda_device_allocator.cc:403

E0728 07:23:30.864235   95775 cuda_executor.cc:1176] [0] Failed to allocate device memory of 878.41MiB (921079040 bytes): RESOURCE_EXHAUSTED: : CUDA_ERROR_OUT_OF_MEMORY: out of memory
=== Source Location Trace: === 
external/xla/xla/stream_executor/cuda/cuda_status.cc:45
external/xla/xla/stream_executor/cuda/cuda_device_allocator.cc:226
external/xla/xla/stream_executor/cuda/cuda_device_allocator.cc:403

E0728 07:23:30.864270   95775 cuda_executor.cc:1176] [0] Failed to allocate device memory of 790.57MiB (828971264 bytes): RESOURCE_EXHAUSTED: : CUDA_ERROR_OUT_OF_MEMORY: out of memory
=== Source Location Trace: === 
external/xla/xla/stream_executor/cuda/cuda_status.cc:45
external/xla/xla/stream_executor/cuda/cuda_device_allocator.cc:226
external/xla/xla/stream_executor/cuda/cuda_device_allocator.cc:403

E0728 07:23:30.864304   95775 cuda_executor.cc:1176] [0] Failed to allocate device memory of 711.51MiB (746074112 bytes): RESOURCE_EXHAUSTED: : CUDA_ERROR_OUT_OF_MEMORY: out of memory
=== Source Location Trace: === 
external/xla/xla/stream_executor/cuda/cuda_status.cc:45
external/xla/xla/stream_executor/cuda/cuda_device_allocator.cc:226
external/xla/xla/stream_executor/cuda/cuda_device_allocator.cc:403

E0728 07:23:30.864339   95775 cuda_executor.cc:1176] [0] Failed to allocate device memory of 640.36MiB (671466752 bytes): RESOURCE_EXHAUSTED: : CUDA_ERROR_OUT_OF_MEMORY: out of memory
=== Source Location Trace: === 
external/xla/xla/stream_executor/cuda/cuda_status.cc:45
external/xla/xla/stream_executor/cuda/cuda_device_allocator.cc:226
external/xla/xla/stream_executor/cuda/cuda_device_allocator.cc:403

E0728 07:23:30.864374   95775 cuda_executor.cc:1176] [0] Failed to allocate device memory of 576.32MiB (604320256 bytes): RESOURCE_EXHAUSTED: : CUDA_ERROR_OUT_OF_MEMORY: out of memory
=== Source Location Trace: === 
external/xla/xla/stream_executor/cuda/cuda_status.cc:45
external/xla/xla/stream_executor/cuda/cuda_device_allocator.cc:226
external/xla/xla/stream_executor/cuda/cuda_device_allocator.cc:403

E0728 07:23:30.864408   95775 cuda_executor.cc:1176] [0] Failed to allocate device memory of 518.69MiB (543888384 bytes): RESOURCE_EXHAUSTED: : CUDA_ERROR_OUT_OF_MEMORY: out of memory
=== Source Location Trace: === 
external/xla/xla/stream_executor/cuda/cuda_status.cc:45
external/xla/xla/stream_executor/cuda/cuda_device_allocator.cc:226
external/xla/xla/stream_executor/cuda/cuda_device_allocator.cc:403

W0728 07:23:30.864412   95775 bfc_allocator.cc:590] Allocator (GPU_0_bfc) ran out of memory trying to allocate 484.00MiB (rounded to 507510784) from the lower end requested by op 
If this is caused by memory fragmentation, the environment variable 'TF_GPU_ALLOCATOR=cuda_malloc_async' may improve the situation.
Current allocation summary follows.
W0728 07:23:30.864580   95775 bfc_allocator.cc:601] **********************************************************************************************______
E0728 07:23:30.992350   95775 cuda_executor.cc:1176] [0] Failed to allocate device memory of 64.48GiB (69239570432 bytes): RESOURCE_EXHAUSTED: : CUDA_ERROR_OUT_OF_MEMORY: out of memory
=== Source Location Trace: === 
external/xla/xla/stream_executor/cuda/cuda_status.cc:45
external/xla/xla/stream_executor/cuda/cuda_device_allocator.cc:226
external/xla/xla/stream_executor/cuda/cuda_device_allocator.cc:403

E0728 07:23:30.992464   95775 cuda_executor.cc:1176] [0] Failed to allocate device memory of 58.04GiB (62315610112 bytes): RESOURCE_EXHAUSTED: : CUDA_ERROR_OUT_OF_MEMORY: out of memory
=== Source Location Trace: === 
external/xla/xla/stream_executor/cuda/cuda_status.cc:45
external/xla/xla/stream_executor/cuda/cuda_device_allocator.cc:226
external/xla/xla/stream_executor/cuda/cuda_device_allocator.cc:403

E0728 07:23:30.992530   95775 cuda_executor.cc:1176] [0] Failed to allocate device memory of 52.23GiB (56084045824 bytes): RESOURCE_EXHAUSTED: : CUDA_ERROR_OUT_OF_MEMORY: out of memory
=== Source Location Trace: === 
external/xla/xla/stream_executor/cuda/cuda_status.cc:45
external/xla/xla/stream_executor/cuda/cuda_device_allocator.cc:226
external/xla/xla/stream_executor/cuda/cuda_device_allocator.cc:403

E0728 07:23:30.992591   95775 cuda_executor.cc:1176] [0] Failed to allocate device memory of 47.01GiB (50475638784 bytes): RESOURCE_EXHAUSTED: : CUDA_ERROR_OUT_OF_MEMORY: out of memory
=== Source Location Trace: === 
external/xla/xla/stream_executor/cuda/cuda_status.cc:45
external/xla/xla/stream_executor/cuda/cuda_device_allocator.cc:226
external/xla/xla/stream_executor/cuda/cuda_device_allocator.cc:403

E0728 07:23:30.992648   95775 cuda_executor.cc:1176] [0] Failed to allocate device memory of 42.31GiB (45428072448 bytes): RESOURCE_EXHAUSTED: : CUDA_ERROR_OUT_OF_MEMORY: out of memory
=== Source Location Trace: === 
external/xla/xla/stream_executor/cuda/cuda_status.cc:45
external/xla/xla/stream_executor/cuda/cuda_device_allocator.cc:226
external/xla/xla/stream_executor/cuda/cuda_device_allocator.cc:403

E0728 07:23:30.992706   95775 cuda_executor.cc:1176] [0] Failed to allocate device memory of 38.08GiB (40885264384 bytes): RESOURCE_EXHAUSTED: : CUDA_ERROR_OUT_OF_MEMORY: out of memory
=== Source Location Trace: === 
external/xla/xla/stream_executor/cuda/cuda_status.cc:45
external/xla/xla/stream_executor/cuda/cuda_device_allocator.cc:226
external/xla/xla/stream_executor/cuda/cuda_device_allocator.cc:403

E0728 07:23:30.992759   95775 cuda_executor.cc:1176] [0] Failed to allocate device memory of 34.27GiB (36796735488 bytes): RESOURCE_EXHAUSTED: : CUDA_ERROR_OUT_OF_MEMORY: out of memory
=== Source Location Trace: === 
external/xla/xla/stream_executor/cuda/cuda_status.cc:45
external/xla/xla/stream_executor/cuda/cuda_device_allocator.cc:226
external/xla/xla/stream_executor/cuda/cuda_device_allocator.cc:403

E0728 07:23:30.992824   95775 cuda_executor.cc:1176] [0] Failed to allocate device memory of 30.84GiB (33117061120 bytes): RESOURCE_EXHAUSTED: : CUDA_ERROR_OUT_OF_MEMORY: out of memory
=== Source Location Trace: === 
external/xla/xla/stream_executor/cuda/cuda_status.cc:45
external/xla/xla/stream_executor/cuda/cuda_device_allocator.cc:226
external/xla/xla/stream_executor/cuda/cuda_device_allocator.cc:403

E0728 07:23:30.992873   95775 cuda_executor.cc:1176] [0] Failed to allocate device memory of 27.76GiB (29805355008 bytes): RESOURCE_EXHAUSTED: : CUDA_ERROR_OUT_OF_MEMORY: out of memory
=== Source Location Trace: === 
external/xla/xla/stream_executor/cuda/cuda_status.cc:45
external/xla/xla/stream_executor/cuda/cuda_device_allocator.cc:226
external/xla/xla/stream_executor/cuda/cuda_device_allocator.cc:403

E0728 07:23:30.992937   95775 cuda_executor.cc:1176] [0] Failed to allocate device memory of 24.98GiB (26824818688 bytes): RESOURCE_EXHAUSTED: : CUDA_ERROR_OUT_OF_MEMORY: out of memory
=== Source Location Trace: === 
external/xla/xla/stream_executor/cuda/cuda_status.cc:45
external/xla/xla/stream_executor/cuda/cuda_device_allocator.cc:226
external/xla/xla/stream_executor/cuda/cuda_device_allocator.cc:403

E0728 07:23:30.992985   95775 cuda_executor.cc:1176] [0] Failed to allocate device memory of 22.48GiB (24142336000 bytes): RESOURCE_EXHAUSTED: : CUDA_ERROR_OUT_OF_MEMORY: out of memory
=== Source Location Trace: === 
external/xla/xla/stream_executor/cuda/cuda_status.cc:45
external/xla/xla/stream_executor/cuda/cuda_device_allocator.cc:226
external/xla/xla/stream_executor/cuda/cuda_device_allocator.cc:403

E0728 07:23:30.993031   95775 cuda_executor.cc:1176] [0] Failed to allocate device memory of 20.24GiB (21728102400 bytes): RESOURCE_EXHAUSTED: : CUDA_ERROR_OUT_OF_MEMORY: out of memory
=== Source Location Trace: === 
external/xla/xla/stream_executor/cuda/cuda_status.cc:45
external/xla/xla/stream_executor/cuda/cuda_device_allocator.cc:226
external/xla/xla/stream_executor/cuda/cuda_device_allocator.cc:403

E0728 07:23:30.993088   95775 cuda_executor.cc:1176] [0] Failed to allocate device memory of 18.21GiB (19555291136 bytes): RESOURCE_EXHAUSTED: : CUDA_ERROR_OUT_OF_MEMORY: out of memory
=== Source Location Trace: === 
external/xla/xla/stream_executor/cuda/cuda_status.cc:45
external/xla/xla/stream_executor/cuda/cuda_device_allocator.cc:226
external/xla/xla/stream_executor/cuda/cuda_device_allocator.cc:403

E0728 07:23:30.993135   95775 cuda_executor.cc:1176] [0] Failed to allocate device memory of 16.39GiB (17599762432 bytes): RESOURCE_EXHAUSTED: : CUDA_ERROR_OUT_OF_MEMORY: out of memory
=== Source Location Trace: === 
external/xla/xla/stream_executor/cuda/cuda_status.cc:45
external/xla/xla/stream_executor/cuda/cuda_device_allocator.cc:226
external/xla/xla/stream_executor/cuda/cuda_device_allocator.cc:403

E0728 07:23:30.993184   95775 cuda_executor.cc:1176] [0] Failed to allocate device memory of 14.75GiB (15839785984 bytes): RESOURCE_EXHAUSTED: : CUDA_ERROR_OUT_OF_MEMORY: out of memory
=== Source Location Trace: === 
external/xla/xla/stream_executor/cuda/cuda_status.cc:45
external/xla/xla/stream_executor/cuda/cuda_device_allocator.cc:226
external/xla/xla/stream_executor/cuda/cuda_device_allocator.cc:403

E0728 07:23:30.993226   95775 cuda_executor.cc:1176] [0] Failed to allocate device memory of 13.28GiB (14255807488 bytes): RESOURCE_EXHAUSTED: : CUDA_ERROR_OUT_OF_MEMORY: out of memory
=== Source Location Trace: === 
external/xla/xla/stream_executor/cuda/cuda_status.cc:45
external/xla/xla/stream_executor/cuda/cuda_device_allocator.cc:226
external/xla/xla/stream_executor/cuda/cuda_device_allocator.cc:403

E0728 07:23:30.993266   95775 cuda_executor.cc:1176] [0] Failed to allocate device memory of 11.95GiB (12830226432 bytes): RESOURCE_EXHAUSTED: : CUDA_ERROR_OUT_OF_MEMORY: out of memory
=== Source Location Trace: === 
external/xla/xla/stream_executor/cuda/cuda_status.cc:45
external/xla/xla/stream_executor/cuda/cuda_device_allocator.cc:226
external/xla/xla/stream_executor/cuda/cuda_device_allocator.cc:403

E0728 07:23:30.993307   95775 cuda_executor.cc:1176] [0] Failed to allocate device memory of 10.75GiB (11547203584 bytes): RESOURCE_EXHAUSTED: : CUDA_ERROR_OUT_OF_MEMORY: out of memory
=== Source Location Trace: === 
external/xla/xla/stream_executor/cuda/cuda_status.cc:45
external/xla/xla/stream_executor/cuda/cuda_device_allocator.cc:226
external/xla/xla/stream_executor/cuda/cuda_device_allocator.cc:403

E0728 07:23:30.993346   95775 cuda_executor.cc:1176] [0] Failed to allocate device memory of 9.68GiB (10392482816 bytes): RESOURCE_EXHAUSTED: : CUDA_ERROR_OUT_OF_MEMORY: out of memory
=== Source Location Trace: === 
external/xla/xla/stream_executor/cuda/cuda_status.cc:45
external/xla/xla/stream_executor/cuda/cuda_device_allocator.cc:226
external/xla/xla/stream_executor/cuda/cuda_device_allocator.cc:403

E0728 07:23:30.993387   95775 cuda_executor.cc:1176] [0] Failed to allocate device memory of 8.71GiB (9353234432 bytes): RESOURCE_EXHAUSTED: : CUDA_ERROR_OUT_OF_MEMORY: out of memory
=== Source Location Trace: === 
external/xla/xla/stream_executor/cuda/cuda_status.cc:45
external/xla/xla/stream_executor/cuda/cuda_device_allocator.cc:226
external/xla/xla/stream_executor/cuda/cuda_device_allocator.cc:403

E0728 07:23:30.993429   95775 cuda_executor.cc:1176] [0] Failed to allocate device memory of 7.84GiB (8417910784 bytes): RESOURCE_EXHAUSTED: : CUDA_ERROR_OUT_OF_MEMORY: out of memory
=== Source Location Trace: === 
external/xla/xla/stream_executor/cuda/cuda_status.cc:45
external/xla/xla/stream_executor/cuda/cuda_device_allocator.cc:226
external/xla/xla/stream_executor/cuda/cuda_device_allocator.cc:403

E0728 07:23:30.993512   95775 cuda_executor.cc:1176] [0] Failed to allocate device memory of 7.06GiB (7576119296 bytes): RESOURCE_EXHAUSTED: : CUDA_ERROR_OUT_OF_MEMORY: out of memory
=== Source Location Trace: === 
external/xla/xla/stream_executor/cuda/cuda_status.cc:45
external/xla/xla/stream_executor/cuda/cuda_device_allocator.cc:226
external/xla/xla/stream_executor/cuda/cuda_device_allocator.cc:403

E0728 07:23:30.993592   95775 cuda_executor.cc:1176] [0] Failed to allocate device memory of 6.35GiB (6818507264 bytes): RESOURCE_EXHAUSTED: : CUDA_ERROR_OUT_OF_MEMORY: out of memory
=== Source Location Trace: === 
external/xla/xla/stream_executor/cuda/cuda_status.cc:45
external/xla/xla/stream_executor/cuda/cuda_device_allocator.cc:226
external/xla/xla/stream_executor/cuda/cuda_device_allocator.cc:403

E0728 07:23:30.993631   95775 cuda_executor.cc:1176] [0] Failed to allocate device memory of 5.71GiB (6136656384 bytes): RESOURCE_EXHAUSTED: : CUDA_ERROR_OUT_OF_MEMORY: out of memory
=== Source Location Trace: === 
external/xla/xla/stream_executor/cuda/cuda_status.cc:45
external/xla/xla/stream_executor/cuda/cuda_device_allocator.cc:226
external/xla/xla/stream_executor/cuda/cuda_device_allocator.cc:403

E0728 07:23:30.993669   95775 cuda_executor.cc:1176] [0] Failed to allocate device memory of 5.14GiB (5522990592 bytes): RESOURCE_EXHAUSTED: : CUDA_ERROR_OUT_OF_MEMORY: out of memory
=== Source Location Trace: === 
external/xla/xla/stream_executor/cuda/cuda_status.cc:45
external/xla/xla/stream_executor/cuda/cuda_device_allocator.cc:226
external/xla/xla/stream_executor/cuda/cuda_device_allocator.cc:403

E0728 07:23:30.993707   95775 cuda_executor.cc:1176] [0] Failed to allocate device memory of 4.63GiB (4970691584 bytes): RESOURCE_EXHAUSTED: : CUDA_ERROR_OUT_OF_MEMORY: out of memory
=== Source Location Trace: === 
external/xla/xla/stream_executor/cuda/cuda_status.cc:45
external/xla/xla/stream_executor/cuda/cuda_device_allocator.cc:226
external/xla/xla/stream_executor/cuda/cuda_device_allocator.cc:403

E0728 07:23:30.993745   95775 cuda_executor.cc:1176] [0] Failed to allocate device memory of 4.17GiB (4473622528 bytes): RESOURCE_EXHAUSTED: : CUDA_ERROR_OUT_OF_MEMORY: out of memory
=== Source Location Trace: === 
external/xla/xla/stream_executor/cuda/cuda_status.cc:45
external/xla/xla/stream_executor/cuda/cuda_device_allocator.cc:226
external/xla/xla/stream_executor/cuda/cuda_device_allocator.cc:403

E0728 07:23:30.993784   95775 cuda_executor.cc:1176] [0] Failed to allocate device memory of 3.75GiB (4026260224 bytes): RESOURCE_EXHAUSTED: : CUDA_ERROR_OUT_OF_MEMORY: out of memory
=== Source Location Trace: === 
external/xla/xla/stream_executor/cuda/cuda_status.cc:45
external/xla/xla/stream_executor/cuda/cuda_device_allocator.cc:226
external/xla/xla/stream_executor/cuda/cuda_device_allocator.cc:403

E0728 07:23:30.993821   95775 cuda_executor.cc:1176] [0] Failed to allocate device memory of 3.37GiB (3623634176 bytes): RESOURCE_EXHAUSTED: : CUDA_ERROR_OUT_OF_MEMORY: out of memory
=== Source Location Trace: === 
external/xla/xla/stream_executor/cuda/cuda_status.cc:45
external/xla/xla/stream_executor/cuda/cuda_device_allocator.cc:226
external/xla/xla/stream_executor/cuda/cuda_device_allocator.cc:403

E0728 07:23:30.993860   95775 cuda_executor.cc:1176] [0] Failed to allocate device memory of 3.04GiB (3261270784 bytes): RESOURCE_EXHAUSTED: : CUDA_ERROR_OUT_OF_MEMORY: out of memory
=== Source Location Trace: === 
external/xla/xla/stream_executor/cuda/cuda_status.cc:45
external/xla/xla/stream_executor/cuda/cuda_device_allocator.cc:226
external/xla/xla/stream_executor/cuda/cuda_device_allocator.cc:403

E0728 07:23:30.993901   95775 cuda_executor.cc:1176] [0] Failed to allocate device memory of 2.73GiB (2935143680 bytes): RESOURCE_EXHAUSTED: : CUDA_ERROR_OUT_OF_MEMORY: out of memory
=== Source Location Trace: === 
external/xla/xla/stream_executor/cuda/cuda_status.cc:45
external/xla/xla/stream_executor/cuda/cuda_device_allocator.cc:226
external/xla/xla/stream_executor/cuda/cuda_device_allocator.cc:403

E0728 07:23:30.993939   95775 cuda_executor.cc:1176] [0] Failed to allocate device memory of 2.46GiB (2641629184 bytes): RESOURCE_EXHAUSTED: : CUDA_ERROR_OUT_OF_MEMORY: out of memory
=== Source Location Trace: === 
external/xla/xla/stream_executor/cuda/cuda_status.cc:45
external/xla/xla/stream_executor/cuda/cuda_device_allocator.cc:226
external/xla/xla/stream_executor/cuda/cuda_device_allocator.cc:403

E0728 07:23:30.993975   95775 cuda_executor.cc:1176] [0] Failed to allocate device memory of 2.21GiB (2377466112 bytes): RESOURCE_EXHAUSTED: : CUDA_ERROR_OUT_OF_MEMORY: out of memory
=== Source Location Trace: === 
external/xla/xla/stream_executor/cuda/cuda_status.cc:45
external/xla/xla/stream_executor/cuda/cuda_device_allocator.cc:226
external/xla/xla/stream_executor/cuda/cuda_device_allocator.cc:403

E0728 07:23:30.994012   95775 cuda_executor.cc:1176] [0] Failed to allocate device memory of 1.99GiB (2139719424 bytes): RESOURCE_EXHAUSTED: : CUDA_ERROR_OUT_OF_MEMORY: out of memory
=== Source Location Trace: === 
external/xla/xla/stream_executor/cuda/cuda_status.cc:45
external/xla/xla/stream_executor/cuda/cuda_device_allocator.cc:226
external/xla/xla/stream_executor/cuda/cuda_device_allocator.cc:403

E0728 07:23:30.994049   95775 cuda_executor.cc:1176] [0] Failed to allocate device memory of 1.79GiB (1925747456 bytes): RESOURCE_EXHAUSTED: : CUDA_ERROR_OUT_OF_MEMORY: out of memory
=== Source Location Trace: === 
external/xla/xla/stream_executor/cuda/cuda_status.cc:45
external/xla/xla/stream_executor/cuda/cuda_device_allocator.cc:226
external/xla/xla/stream_executor/cuda/cuda_device_allocator.cc:403

E0728 07:23:30.994092   95775 cuda_executor.cc:1176] [0] Failed to allocate device memory of 1.61GiB (1733172736 bytes): RESOURCE_EXHAUSTED: : CUDA_ERROR_OUT_OF_MEMORY: out of memory
=== Source Location Trace: === 
external/xla/xla/stream_executor/cuda/cuda_status.cc:45
external/xla/xla/stream_executor/cuda/cuda_device_allocator.cc:226
external/xla/xla/stream_executor/cuda/cuda_device_allocator.cc:403

E0728 07:23:30.994130   95775 cuda_executor.cc:1176] [0] Failed to allocate device memory of 1.45GiB (1559855360 bytes): RESOURCE_EXHAUSTED: : CUDA_ERROR_OUT_OF_MEMORY: out of memory
=== Source Location Trace: === 
external/xla/xla/stream_executor/cuda/cuda_status.cc:45
external/xla/xla/stream_executor/cuda/cuda_device_allocator.cc:226
external/xla/xla/stream_executor/cuda/cuda_device_allocator.cc:403

E0728 07:23:30.994165   95775 cuda_executor.cc:1176] [0] Failed to allocate device memory of 1.31GiB (1403869952 bytes): RESOURCE_EXHAUSTED: : CUDA_ERROR_OUT_OF_MEMORY: out of memory
=== Source Location Trace: === 
external/xla/xla/stream_executor/cuda/cuda_status.cc:45
external/xla/xla/stream_executor/cuda/cuda_device_allocator.cc:226
external/xla/xla/stream_executor/cuda/cuda_device_allocator.cc:403

E0728 07:23:30.994201   95775 cuda_executor.cc:1176] [0] Failed to allocate device memory of 1.18GiB (1263482880 bytes): RESOURCE_EXHAUSTED: : CUDA_ERROR_OUT_OF_MEMORY: out of memory
=== Source Location Trace: === 
external/xla/xla/stream_executor/cuda/cuda_status.cc:45
external/xla/xla/stream_executor/cuda/cuda_device_allocator.cc:226
external/xla/xla/stream_executor/cuda/cuda_device_allocator.cc:403

E0728 07:23:30.994238   95775 cuda_executor.cc:1176] [0] Failed to allocate device memory of 1.06GiB (1137134592 bytes): RESOURCE_EXHAUSTED: : CUDA_ERROR_OUT_OF_MEMORY: out of memory
=== Source Location Trace: === 
external/xla/xla/stream_executor/cuda/cuda_status.cc:45
external/xla/xla/stream_executor/cuda/cuda_device_allocator.cc:226
external/xla/xla/stream_executor/cuda/cuda_device_allocator.cc:403

E0728 07:23:30.994274   95775 cuda_executor.cc:1176] [0] Failed to allocate device memory of 976.01MiB (1023421184 bytes): RESOURCE_EXHAUSTED: : CUDA_ERROR_OUT_OF_MEMORY: out of memory
=== Source Location Trace: === 
external/xla/xla/stream_executor/cuda/cuda_status.cc:45
external/xla/xla/stream_executor/cuda/cuda_device_allocator.cc:226
external/xla/xla/stream_executor/cuda/cuda_device_allocator.cc:403

E0728 07:23:30.994309   95775 cuda_executor.cc:1176] [0] Failed to allocate device memory of 878.41MiB (921079040 bytes): RESOURCE_EXHAUSTED: : CUDA_ERROR_OUT_OF_MEMORY: out of memory
=== Source Location Trace: === 
external/xla/xla/stream_executor/cuda/cuda_status.cc:45
external/xla/xla/stream_executor/cuda/cuda_device_allocator.cc:226
external/xla/xla/stream_executor/cuda/cuda_device_allocator.cc:403

E0728 07:23:30.994344   95775 cuda_executor.cc:1176] [0] Failed to allocate device memory of 790.57MiB (828971264 bytes): RESOURCE_EXHAUSTED: : CUDA_ERROR_OUT_OF_MEMORY: out of memory
=== Source Location Trace: === 
external/xla/xla/stream_executor/cuda/cuda_status.cc:45
external/xla/xla/stream_executor/cuda/cuda_device_allocator.cc:226
external/xla/xla/stream_executor/cuda/cuda_device_allocator.cc:403

E0728 07:23:30.994379   95775 cuda_executor.cc:1176] [0] Failed to allocate device memory of 711.51MiB (746074112 bytes): RESOURCE_EXHAUSTED: : CUDA_ERROR_OUT_OF_MEMORY: out of memory
=== Source Location Trace: === 
external/xla/xla/stream_executor/cuda/cuda_status.cc:45
external/xla/xla/stream_executor/cuda/cuda_device_allocator.cc:226
external/xla/xla/stream_executor/cuda/cuda_device_allocator.cc:403

E0728 07:23:30.994415   95775 cuda_executor.cc:1176] [0] Failed to allocate device memory of 640.36MiB (671466752 bytes): RESOURCE_EXHAUSTED: : CUDA_ERROR_OUT_OF_MEMORY: out of memory
=== Source Location Trace: === 
external/xla/xla/stream_executor/cuda/cuda_status.cc:45
external/xla/xla/stream_executor/cuda/cuda_device_allocator.cc:226
external/xla/xla/stream_executor/cuda/cuda_device_allocator.cc:403

E0728 07:23:30.994450   95775 cuda_executor.cc:1176] [0] Failed to allocate device memory of 576.32MiB (604320256 bytes): RESOURCE_EXHAUSTED: : CUDA_ERROR_OUT_OF_MEMORY: out of memory
=== Source Location Trace: === 
external/xla/xla/stream_executor/cuda/cuda_status.cc:45
external/xla/xla/stream_executor/cuda/cuda_device_allocator.cc:226
external/xla/xla/stream_executor/cuda/cuda_device_allocator.cc:403

E0728 07:23:30.994485   95775 cuda_executor.cc:1176] [0] Failed to allocate device memory of 518.69MiB (543888384 bytes): RESOURCE_EXHAUSTED: : CUDA_ERROR_OUT_OF_MEMORY: out of memory
=== Source Location Trace: === 
external/xla/xla/stream_executor/cuda/cuda_status.cc:45
external/xla/xla/stream_executor/cuda/cuda_device_allocator.cc:226
external/xla/xla/stream_executor/cuda/cuda_device_allocator.cc:403

E0728 07:23:30.994593   95775 cuda_executor.cc:1176] [0] Failed to allocate device memory of 64.48GiB (69239570432 bytes): RESOURCE_EXHAUSTED: : CUDA_ERROR_OUT_OF_MEMORY: out of memory
=== Source Location Trace: === 
external/xla/xla/stream_executor/cuda/cuda_status.cc:45
external/xla/xla/stream_executor/cuda/cuda_device_allocator.cc:226
external/xla/xla/stream_executor/cuda/cuda_device_allocator.cc:403

E0728 07:23:30.994659   95775 cuda_executor.cc:1176] [0] Failed to allocate device memory of 58.04GiB (62315610112 bytes): RESOURCE_EXHAUSTED: : CUDA_ERROR_OUT_OF_MEMORY: out of memory
=== Source Location Trace: === 
external/xla/xla/stream_executor/cuda/cuda_status.cc:45
external/xla/xla/stream_executor/cuda/cuda_device_allocator.cc:226
external/xla/xla/stream_executor/cuda/cuda_device_allocator.cc:403

E0728 07:23:30.994723   95775 cuda_executor.cc:1176] [0] Failed to allocate device memory of 52.23GiB (56084045824 bytes): RESOURCE_EXHAUSTED: : CUDA_ERROR_OUT_OF_MEMORY: out of memory
=== Source Location Trace: === 
external/xla/xla/stream_executor/cuda/cuda_status.cc:45
external/xla/xla/stream_executor/cuda/cuda_device_allocator.cc:226
external/xla/xla/stream_executor/cuda/cuda_device_allocator.cc:403

E0728 07:23:30.994782   95775 cuda_executor.cc:1176] [0] Failed to allocate device memory of 47.01GiB (50475638784 bytes): RESOURCE_EXHAUSTED: : CUDA_ERROR_OUT_OF_MEMORY: out of memory
=== Source Location Trace: === 
external/xla/xla/stream_executor/cuda/cuda_status.cc:45
external/xla/xla/stream_executor/cuda/cuda_device_allocator.cc:226
external/xla/xla/stream_executor/cuda/cuda_device_allocator.cc:403

E0728 07:23:30.994838   95775 cuda_executor.cc:1176] [0] Failed to allocate device memory of 42.31GiB (45428072448 bytes): RESOURCE_EXHAUSTED: : CUDA_ERROR_OUT_OF_MEMORY: out of memory
=== Source Location Trace: === 
external/xla/xla/stream_executor/cuda/cuda_status.cc:45
external/xla/xla/stream_executor/cuda/cuda_device_allocator.cc:226
external/xla/xla/stream_executor/cuda/cuda_device_allocator.cc:403

E0728 07:23:30.994897   95775 cuda_executor.cc:1176] [0] Failed to allocate device memory of 38.08GiB (40885264384 bytes): RESOURCE_EXHAUSTED: : CUDA_ERROR_OUT_OF_MEMORY: out of memory
=== Source Location Trace: === 
external/xla/xla/stream_executor/cuda/cuda_status.cc:45
external/xla/xla/stream_executor/cuda/cuda_device_allocator.cc:226
external/xla/xla/stream_executor/cuda/cuda_device_allocator.cc:403

E0728 07:23:30.994950   95775 cuda_executor.cc:1176] [0] Failed to allocate device memory of 34.27GiB (36796735488 bytes): RESOURCE_EXHAUSTED: : CUDA_ERROR_OUT_OF_MEMORY: out of memory
=== Source Location Trace: === 
external/xla/xla/stream_executor/cuda/cuda_status.cc:45
external/xla/xla/stream_executor/cuda/cuda_device_allocator.cc:226
external/xla/xla/stream_executor/cuda/cuda_device_allocator.cc:403

E0728 07:23:30.995000   95775 cuda_executor.cc:1176] [0] Failed to allocate device memory of 30.84GiB (33117061120 bytes): RESOURCE_EXHAUSTED: : CUDA_ERROR_OUT_OF_MEMORY: out of memory
=== Source Location Trace: === 
external/xla/xla/stream_executor/cuda/cuda_status.cc:45
external/xla/xla/stream_executor/cuda/cuda_device_allocator.cc:226
external/xla/xla/stream_executor/cuda/cuda_device_allocator.cc:403

E0728 07:23:30.995047   95775 cuda_executor.cc:1176] [0] Failed to allocate device memory of 27.76GiB (29805355008 bytes): RESOURCE_EXHAUSTED: : CUDA_ERROR_OUT_OF_MEMORY: out of memory
=== Source Location Trace: === 
external/xla/xla/stream_executor/cuda/cuda_status.cc:45
external/xla/xla/stream_executor/cuda/cuda_device_allocator.cc:226
external/xla/xla/stream_executor/cuda/cuda_device_allocator.cc:403

E0728 07:23:30.995100   95775 cuda_executor.cc:1176] [0] Failed to allocate device memory of 24.98GiB (26824818688 bytes): RESOURCE_EXHAUSTED: : CUDA_ERROR_OUT_OF_MEMORY: out of memory
=== Source Location Trace: === 
external/xla/xla/stream_executor/cuda/cuda_status.cc:45
external/xla/xla/stream_executor/cuda/cuda_device_allocator.cc:226
external/xla/xla/stream_executor/cuda/cuda_device_allocator.cc:403

E0728 07:23:30.995148   95775 cuda_executor.cc:1176] [0] Failed to allocate device memory of 22.48GiB (24142336000 bytes): RESOURCE_EXHAUSTED: : CUDA_ERROR_OUT_OF_MEMORY: out of memory
=== Source Location Trace: === 
external/xla/xla/stream_executor/cuda/cuda_status.cc:45
external/xla/xla/stream_executor/cuda/cuda_device_allocator.cc:226
external/xla/xla/stream_executor/cuda/cuda_device_allocator.cc:403

E0728 07:23:30.995192   95775 cuda_executor.cc:1176] [0] Failed to allocate device memory of 20.24GiB (21728102400 bytes): RESOURCE_EXHAUSTED: : CUDA_ERROR_OUT_OF_MEMORY: out of memory
=== Source Location Trace: === 
external/xla/xla/stream_executor/cuda/cuda_status.cc:45
external/xla/xla/stream_executor/cuda/cuda_device_allocator.cc:226
external/xla/xla/stream_executor/cuda/cuda_device_allocator.cc:403

E0728 07:23:30.995236   95775 cuda_executor.cc:1176] [0] Failed to allocate device memory of 18.21GiB (19555291136 bytes): RESOURCE_EXHAUSTED: : CUDA_ERROR_OUT_OF_MEMORY: out of memory
=== Source Location Trace: === 
external/xla/xla/stream_executor/cuda/cuda_status.cc:45
external/xla/xla/stream_executor/cuda/cuda_device_allocator.cc:226
external/xla/xla/stream_executor/cuda/cuda_device_allocator.cc:403

E0728 07:23:30.995278   95775 cuda_executor.cc:1176] [0] Failed to allocate device memory of 16.39GiB (17599762432 bytes): RESOURCE_EXHAUSTED: : CUDA_ERROR_OUT_OF_MEMORY: out of memory
=== Source Location Trace: === 
external/xla/xla/stream_executor/cuda/cuda_status.cc:45
external/xla/xla/stream_executor/cuda/cuda_device_allocator.cc:226
external/xla/xla/stream_executor/cuda/cuda_device_allocator.cc:403

E0728 07:23:30.995319   95775 cuda_executor.cc:1176] [0] Failed to allocate device memory of 14.75GiB (15839785984 bytes): RESOURCE_EXHAUSTED: : CUDA_ERROR_OUT_OF_MEMORY: out of memory
=== Source Location Trace: === 
external/xla/xla/stream_executor/cuda/cuda_status.cc:45
external/xla/xla/stream_executor/cuda/cuda_device_allocator.cc:226
external/xla/xla/stream_executor/cuda/cuda_device_allocator.cc:403

E0728 07:23:30.995358   95775 cuda_executor.cc:1176] [0] Failed to allocate device memory of 13.28GiB (14255807488 bytes): RESOURCE_EXHAUSTED: : CUDA_ERROR_OUT_OF_MEMORY: out of memory
=== Source Location Trace: === 
external/xla/xla/stream_executor/cuda/cuda_status.cc:45
external/xla/xla/stream_executor/cuda/cuda_device_allocator.cc:226
external/xla/xla/stream_executor/cuda/cuda_device_allocator.cc:403

E0728 07:23:30.995397   95775 cuda_executor.cc:1176] [0] Failed to allocate device memory of 11.95GiB (12830226432 bytes): RESOURCE_EXHAUSTED: : CUDA_ERROR_OUT_OF_MEMORY: out of memory
=== Source Location Trace: === 
external/xla/xla/stream_executor/cuda/cuda_status.cc:45
external/xla/xla/stream_executor/cuda/cuda_device_allocator.cc:226
external/xla/xla/stream_executor/cuda/cuda_device_allocator.cc:403

E0728 07:23:30.995435   95775 cuda_executor.cc:1176] [0] Failed to allocate device memory of 10.75GiB (11547203584 bytes): RESOURCE_EXHAUSTED: : CUDA_ERROR_OUT_OF_MEMORY: out of memory
=== Source Location Trace: === 
external/xla/xla/stream_executor/cuda/cuda_status.cc:45
external/xla/xla/stream_executor/cuda/cuda_device_allocator.cc:226
external/xla/xla/stream_executor/cuda/cuda_device_allocator.cc:403

E0728 07:23:30.995473   95775 cuda_executor.cc:1176] [0] Failed to allocate device memory of 9.68GiB (10392482816 bytes): RESOURCE_EXHAUSTED: : CUDA_ERROR_OUT_OF_MEMORY: out of memory
=== Source Location Trace: === 
external/xla/xla/stream_executor/cuda/cuda_status.cc:45
external/xla/xla/stream_executor/cuda/cuda_device_allocator.cc:226
external/xla/xla/stream_executor/cuda/cuda_device_allocator.cc:403

E0728 07:23:30.995511   95775 cuda_executor.cc:1176] [0] Failed to allocate device memory of 8.71GiB (9353234432 bytes): RESOURCE_EXHAUSTED: : CUDA_ERROR_OUT_OF_MEMORY: out of memory
=== Source Location Trace: === 
external/xla/xla/stream_executor/cuda/cuda_status.cc:45
external/xla/xla/stream_executor/cuda/cuda_device_allocator.cc:226
external/xla/xla/stream_executor/cuda/cuda_device_allocator.cc:403

E0728 07:23:30.995547   95775 cuda_executor.cc:1176] [0] Failed to allocate device memory of 7.84GiB (8417910784 bytes): RESOURCE_EXHAUSTED: : CUDA_ERROR_OUT_OF_MEMORY: out of memory
=== Source Location Trace: === 
external/xla/xla/stream_executor/cuda/cuda_status.cc:45
external/xla/xla/stream_executor/cuda/cuda_device_allocator.cc:226
external/xla/xla/stream_executor/cuda/cuda_device_allocator.cc:403

E0728 07:23:30.995586   95775 cuda_executor.cc:1176] [0] Failed to allocate device memory of 7.06GiB (7576119296 bytes): RESOURCE_EXHAUSTED: : CUDA_ERROR_OUT_OF_MEMORY: out of memory
=== Source Location Trace: === 
external/xla/xla/stream_executor/cuda/cuda_status.cc:45
external/xla/xla/stream_executor/cuda/cuda_device_allocator.cc:226
external/xla/xla/stream_executor/cuda/cuda_device_allocator.cc:403

E0728 07:23:30.995632   95775 cuda_executor.cc:1176] [0] Failed to allocate device memory of 6.35GiB (6818507264 bytes): RESOURCE_EXHAUSTED: : CUDA_ERROR_OUT_OF_MEMORY: out of memory
=== Source Location Trace: === 
external/xla/xla/stream_executor/cuda/cuda_status.cc:45
external/xla/xla/stream_executor/cuda/cuda_device_allocator.cc:226
external/xla/xla/stream_executor/cuda/cuda_device_allocator.cc:403

E0728 07:23:30.995691   95775 cuda_executor.cc:1176] [0] Failed to allocate device memory of 5.71GiB (6136656384 bytes): RESOURCE_EXHAUSTED: : CUDA_ERROR_OUT_OF_MEMORY: out of memory
=== Source Location Trace: === 
external/xla/xla/stream_executor/cuda/cuda_status.cc:45
external/xla/xla/stream_executor/cuda/cuda_device_allocator.cc:226
external/xla/xla/stream_executor/cuda/cuda_device_allocator.cc:403

E0728 07:23:30.995754   95775 cuda_executor.cc:1176] [0] Failed to allocate device memory of 5.14GiB (5522990592 bytes): RESOURCE_EXHAUSTED: : CUDA_ERROR_OUT_OF_MEMORY: out of memory
=== Source Location Trace: === 
external/xla/xla/stream_executor/cuda/cuda_status.cc:45
external/xla/xla/stream_executor/cuda/cuda_device_allocator.cc:226
external/xla/xla/stream_executor/cuda/cuda_device_allocator.cc:403

E0728 07:23:30.995815   95775 cuda_executor.cc:1176] [0] Failed to allocate device memory of 4.63GiB (4970691584 bytes): RESOURCE_EXHAUSTED: : CUDA_ERROR_OUT_OF_MEMORY: out of memory
=== Source Location Trace: === 
external/xla/xla/stream_executor/cuda/cuda_status.cc:45
external/xla/xla/stream_executor/cuda/cuda_device_allocator.cc:226
external/xla/xla/stream_executor/cuda/cuda_device_allocator.cc:403

E0728 07:23:30.995882   95775 cuda_executor.cc:1176] [0] Failed to allocate device memory of 4.17GiB (4473622528 bytes): RESOURCE_EXHAUSTED: : CUDA_ERROR_OUT_OF_MEMORY: out of memory
=== Source Location Trace: === 
external/xla/xla/stream_executor/cuda/cuda_status.cc:45
external/xla/xla/stream_executor/cuda/cuda_device_allocator.cc:226
external/xla/xla/stream_executor/cuda/cuda_device_allocator.cc:403

E0728 07:23:30.995936   95775 cuda_executor.cc:1176] [0] Failed to allocate device memory of 3.75GiB (4026260224 bytes): RESOURCE_EXHAUSTED: : CUDA_ERROR_OUT_OF_MEMORY: out of memory
=== Source Location Trace: === 
external/xla/xla/stream_executor/cuda/cuda_status.cc:45
external/xla/xla/stream_executor/cuda/cuda_device_allocator.cc:226
external/xla/xla/stream_executor/cuda/cuda_device_allocator.cc:403

E0728 07:23:30.995975   95775 cuda_executor.cc:1176] [0] Failed to allocate device memory of 3.37GiB (3623634176 bytes): RESOURCE_EXHAUSTED: : CUDA_ERROR_OUT_OF_MEMORY: out of memory
=== Source Location Trace: === 
external/xla/xla/stream_executor/cuda/cuda_status.cc:45
external/xla/xla/stream_executor/cuda/cuda_device_allocator.cc:226
external/xla/xla/stream_executor/cuda/cuda_device_allocator.cc:403

E0728 07:23:30.996012   95775 cuda_executor.cc:1176] [0] Failed to allocate device memory of 3.04GiB (3261270784 bytes): RESOURCE_EXHAUSTED: : CUDA_ERROR_OUT_OF_MEMORY: out of memory
=== Source Location Trace: === 
external/xla/xla/stream_executor/cuda/cuda_status.cc:45
external/xla/xla/stream_executor/cuda/cuda_device_allocator.cc:226
external/xla/xla/stream_executor/cuda/cuda_device_allocator.cc:403

E0728 07:23:30.996066   95775 cuda_executor.cc:1176] [0] Failed to allocate device memory of 2.73GiB (2935143680 bytes): RESOURCE_EXHAUSTED: : CUDA_ERROR_OUT_OF_MEMORY: out of memory
=== Source Location Trace: === 
external/xla/xla/stream_executor/cuda/cuda_status.cc:45
external/xla/xla/stream_executor/cuda/cuda_device_allocator.cc:226
external/xla/xla/stream_executor/cuda/cuda_device_allocator.cc:403

E0728 07:23:30.996144   95775 cuda_executor.cc:1176] [0] Failed to allocate device memory of 2.46GiB (2641629184 bytes): RESOURCE_EXHAUSTED: : CUDA_ERROR_OUT_OF_MEMORY: out of memory
=== Source Location Trace: === 
external/xla/xla/stream_executor/cuda/cuda_status.cc:45
external/xla/xla/stream_executor/cuda/cuda_device_allocator.cc:226
external/xla/xla/stream_executor/cuda/cuda_device_allocator.cc:403

E0728 07:23:30.996203   95775 cuda_executor.cc:1176] [0] Failed to allocate device memory of 2.21GiB (2377466112 bytes): RESOURCE_EXHAUSTED: : CUDA_ERROR_OUT_OF_MEMORY: out of memory
=== Source Location Trace: === 
external/xla/xla/stream_executor/cuda/cuda_status.cc:45
external/xla/xla/stream_executor/cuda/cuda_device_allocator.cc:226
external/xla/xla/stream_executor/cuda/cuda_device_allocator.cc:403

E0728 07:23:30.996253   95775 cuda_executor.cc:1176] [0] Failed to allocate device memory of 1.99GiB (2139719424 bytes): RESOURCE_EXHAUSTED: : CUDA_ERROR_OUT_OF_MEMORY: out of memory
=== Source Location Trace: === 
external/xla/xla/stream_executor/cuda/cuda_status.cc:45
external/xla/xla/stream_executor/cuda/cuda_device_allocator.cc:226
external/xla/xla/stream_executor/cuda/cuda_device_allocator.cc:403

E0728 07:23:30.996290   95775 cuda_executor.cc:1176] [0] Failed to allocate device memory of 1.79GiB (1925747456 bytes): RESOURCE_EXHAUSTED: : CUDA_ERROR_OUT_OF_MEMORY: out of memory
=== Source Location Trace: === 
external/xla/xla/stream_executor/cuda/cuda_status.cc:45
external/xla/xla/stream_executor/cuda/cuda_device_allocator.cc:226
external/xla/xla/stream_executor/cuda/cuda_device_allocator.cc:403

E0728 07:23:30.996332   95775 cuda_executor.cc:1176] [0] Failed to allocate device memory of 1.61GiB (1733172736 bytes): RESOURCE_EXHAUSTED: : CUDA_ERROR_OUT_OF_MEMORY: out of memory
=== Source Location Trace: === 
external/xla/xla/stream_executor/cuda/cuda_status.cc:45
external/xla/xla/stream_executor/cuda/cuda_device_allocator.cc:226
external/xla/xla/stream_executor/cuda/cuda_device_allocator.cc:403

E0728 07:23:30.996382   95775 cuda_executor.cc:1176] [0] Failed to allocate device memory of 1.45GiB (1559855360 bytes): RESOURCE_EXHAUSTED: : CUDA_ERROR_OUT_OF_MEMORY: out of memory
=== Source Location Trace: === 
external/xla/xla/stream_executor/cuda/cuda_status.cc:45
external/xla/xla/stream_executor/cuda/cuda_device_allocator.cc:226
external/xla/xla/stream_executor/cuda/cuda_device_allocator.cc:403

E0728 07:23:30.996452   95775 cuda_executor.cc:1176] [0] Failed to allocate device memory of 1.31GiB (1403869952 bytes): RESOURCE_EXHAUSTED: : CUDA_ERROR_OUT_OF_MEMORY: out of memory
=== Source Location Trace: === 
external/xla/xla/stream_executor/cuda/cuda_status.cc:45
external/xla/xla/stream_executor/cuda/cuda_device_allocator.cc:226
external/xla/xla/stream_executor/cuda/cuda_device_allocator.cc:403

E0728 07:23:30.996522   95775 cuda_executor.cc:1176] [0] Failed to allocate device memory of 1.18GiB (1263482880 bytes): RESOURCE_EXHAUSTED: : CUDA_ERROR_OUT_OF_MEMORY: out of memory
=== Source Location Trace: === 
external/xla/xla/stream_executor/cuda/cuda_status.cc:45
external/xla/xla/stream_executor/cuda/cuda_device_allocator.cc:226
external/xla/xla/stream_executor/cuda/cuda_device_allocator.cc:403

E0728 07:23:30.996594   95775 cuda_executor.cc:1176] [0] Failed to allocate device memory of 1.06GiB (1137134592 bytes): RESOURCE_EXHAUSTED: : CUDA_ERROR_OUT_OF_MEMORY: out of memory
=== Source Location Trace: === 
external/xla/xla/stream_executor/cuda/cuda_status.cc:45
external/xla/xla/stream_executor/cuda/cuda_device_allocator.cc:226
external/xla/xla/stream_executor/cuda/cuda_device_allocator.cc:403

E0728 07:23:30.996665   95775 cuda_executor.cc:1176] [0] Failed to allocate device memory of 976.01MiB (1023421184 bytes): RESOURCE_EXHAUSTED: : CUDA_ERROR_OUT_OF_MEMORY: out of memory
=== Source Location Trace: === 
external/xla/xla/stream_executor/cuda/cuda_status.cc:45
external/xla/xla/stream_executor/cuda/cuda_device_allocator.cc:226
external/xla/xla/stream_executor/cuda/cuda_device_allocator.cc:403

E0728 07:23:30.996735   95775 cuda_executor.cc:1176] [0] Failed to allocate device memory of 878.41MiB (921079040 bytes): RESOURCE_EXHAUSTED: : CUDA_ERROR_OUT_OF_MEMORY: out of memory
=== Source Location Trace: === 
external/xla/xla/stream_executor/cuda/cuda_status.cc:45
external/xla/xla/stream_executor/cuda/cuda_device_allocator.cc:226
external/xla/xla/stream_executor/cuda/cuda_device_allocator.cc:403

E0728 07:23:30.996810   95775 cuda_executor.cc:1176] [0] Failed to allocate device memory of 790.57MiB (828971264 bytes): RESOURCE_EXHAUSTED: : CUDA_ERROR_OUT_OF_MEMORY: out of memory
=== Source Location Trace: === 
external/xla/xla/stream_executor/cuda/cuda_status.cc:45
external/xla/xla/stream_executor/cuda/cuda_device_allocator.cc:226
external/xla/xla/stream_executor/cuda/cuda_device_allocator.cc:403

E0728 07:23:30.996881   95775 cuda_executor.cc:1176] [0] Failed to allocate device memory of 711.51MiB (746074112 bytes): RESOURCE_EXHAUSTED: : CUDA_ERROR_OUT_OF_MEMORY: out of memory
=== Source Location Trace: === 
external/xla/xla/stream_executor/cuda/cuda_status.cc:45
external/xla/xla/stream_executor/cuda/cuda_device_allocator.cc:226
external/xla/xla/stream_executor/cuda/cuda_device_allocator.cc:403

E0728 07:23:30.996959   95775 cuda_executor.cc:1176] [0] Failed to allocate device memory of 640.36MiB (671466752 bytes): RESOURCE_EXHAUSTED: : CUDA_ERROR_OUT_OF_MEMORY: out of memory
=== Source Location Trace: === 
external/xla/xla/stream_executor/cuda/cuda_status.cc:45
external/xla/xla/stream_executor/cuda/cuda_device_allocator.cc:226
external/xla/xla/stream_executor/cuda/cuda_device_allocator.cc:403

E0728 07:23:30.997035   95775 cuda_executor.cc:1176] [0] Failed to allocate device memory of 576.32MiB (604320256 bytes): RESOURCE_EXHAUSTED: : CUDA_ERROR_OUT_OF_MEMORY: out of memory
=== Source Location Trace: === 
external/xla/xla/stream_executor/cuda/cuda_status.cc:45
external/xla/xla/stream_executor/cuda/cuda_device_allocator.cc:226
external/xla/xla/stream_executor/cuda/cuda_device_allocator.cc:403

E0728 07:23:30.997110   95775 cuda_executor.cc:1176] [0] Failed to allocate device memory of 518.69MiB (543888384 bytes): RESOURCE_EXHAUSTED: : CUDA_ERROR_OUT_OF_MEMORY: out of memory
=== Source Location Trace: === 
external/xla/xla/stream_executor/cuda/cuda_status.cc:45
external/xla/xla/stream_executor/cuda/cuda_device_allocator.cc:226
external/xla/xla/stream_executor/cuda/cuda_device_allocator.cc:403

E0728 07:23:40.997535   95775 cuda_executor.cc:1176] [0] Failed to allocate device memory of 64.48GiB (69239570432 bytes): RESOURCE_EXHAUSTED: : CUDA_ERROR_OUT_OF_MEMORY: out of memory
=== Source Location Trace: === 
external/xla/xla/stream_executor/cuda/cuda_status.cc:45
external/xla/xla/stream_executor/cuda/cuda_device_allocator.cc:226
external/xla/xla/stream_executor/cuda/cuda_device_allocator.cc:403

E0728 07:23:40.997667   95775 cuda_executor.cc:1176] [0] Failed to allocate device memory of 58.04GiB (62315610112 bytes): RESOURCE_EXHAUSTED: : CUDA_ERROR_OUT_OF_MEMORY: out of memory
=== Source Location Trace: === 
external/xla/xla/stream_executor/cuda/cuda_status.cc:45
external/xla/xla/stream_executor/cuda/cuda_device_allocator.cc:226
external/xla/xla/stream_executor/cuda/cuda_device_allocator.cc:403

E0728 07:23:40.997736   95775 cuda_executor.cc:1176] [0] Failed to allocate device memory of 52.23GiB (56084045824 bytes): RESOURCE_EXHAUSTED: : CUDA_ERROR_OUT_OF_MEMORY: out of memory
=== Source Location Trace: === 
external/xla/xla/stream_executor/cuda/cuda_status.cc:45
external/xla/xla/stream_executor/cuda/cuda_device_allocator.cc:226
external/xla/xla/stream_executor/cuda/cuda_device_allocator.cc:403

E0728 07:23:40.997799   95775 cuda_executor.cc:1176] [0] Failed to allocate device memory of 47.01GiB (50475638784 bytes): RESOURCE_EXHAUSTED: : CUDA_ERROR_OUT_OF_MEMORY: out of memory
=== Source Location Trace: === 
external/xla/xla/stream_executor/cuda/cuda_status.cc:45
external/xla/xla/stream_executor/cuda/cuda_device_allocator.cc:226
external/xla/xla/stream_executor/cuda/cuda_device_allocator.cc:403

E0728 07:23:40.997859   95775 cuda_executor.cc:1176] [0] Failed to allocate device memory of 42.31GiB (45428072448 bytes): RESOURCE_EXHAUSTED: : CUDA_ERROR_OUT_OF_MEMORY: out of memory
=== Source Location Trace: === 
external/xla/xla/stream_executor/cuda/cuda_status.cc:45
external/xla/xla/stream_executor/cuda/cuda_device_allocator.cc:226
external/xla/xla/stream_executor/cuda/cuda_device_allocator.cc:403

E0728 07:23:40.997934   95775 cuda_executor.cc:1176] [0] Failed to allocate device memory of 38.08GiB (40885264384 bytes): RESOURCE_EXHAUSTED: : CUDA_ERROR_OUT_OF_MEMORY: out of memory
=== Source Location Trace: === 
external/xla/xla/stream_executor/cuda/cuda_status.cc:45
external/xla/xla/stream_executor/cuda/cuda_device_allocator.cc:226
external/xla/xla/stream_executor/cuda/cuda_device_allocator.cc:403

E0728 07:23:40.997991   95775 cuda_executor.cc:1176] [0] Failed to allocate device memory of 34.27GiB (36796735488 bytes): RESOURCE_EXHAUSTED: : CUDA_ERROR_OUT_OF_MEMORY: out of memory
=== Source Location Trace: === 
external/xla/xla/stream_executor/cuda/cuda_status.cc:45
external/xla/xla/stream_executor/cuda/cuda_device_allocator.cc:226
external/xla/xla/stream_executor/cuda/cuda_device_allocator.cc:403

E0728 07:23:40.998061   95775 cuda_executor.cc:1176] [0] Failed to allocate device memory of 30.84GiB (33117061120 bytes): RESOURCE_EXHAUSTED: : CUDA_ERROR_OUT_OF_MEMORY: out of memory
=== Source Location Trace: === 
external/xla/xla/stream_executor/cuda/cuda_status.cc:45
external/xla/xla/stream_executor/cuda/cuda_device_allocator.cc:226
external/xla/xla/stream_executor/cuda/cuda_device_allocator.cc:403

E0728 07:23:40.998128   95775 cuda_executor.cc:1176] [0] Failed to allocate device memory of 27.76GiB (29805355008 bytes): RESOURCE_EXHAUSTED: : CUDA_ERROR_OUT_OF_MEMORY: out of memory
=== Source Location Trace: === 
external/xla/xla/stream_executor/cuda/cuda_status.cc:45
external/xla/xla/stream_executor/cuda/cuda_device_allocator.cc:226
external/xla/xla/stream_executor/cuda/cuda_device_allocator.cc:403

E0728 07:23:40.998179   95775 cuda_executor.cc:1176] [0] Failed to allocate device memory of 24.98GiB (26824818688 bytes): RESOURCE_EXHAUSTED: : CUDA_ERROR_OUT_OF_MEMORY: out of memory
=== Source Location Trace: === 
external/xla/xla/stream_executor/cuda/cuda_status.cc:45
external/xla/xla/stream_executor/cuda/cuda_device_allocator.cc:226
external/xla/xla/stream_executor/cuda/cuda_device_allocator.cc:403

E0728 07:23:40.998227   95775 cuda_executor.cc:1176] [0] Failed to allocate device memory of 22.48GiB (24142336000 bytes): RESOURCE_EXHAUSTED: : CUDA_ERROR_OUT_OF_MEMORY: out of memory
=== Source Location Trace: === 
external/xla/xla/stream_executor/cuda/cuda_status.cc:45
external/xla/xla/stream_executor/cuda/cuda_device_allocator.cc:226
external/xla/xla/stream_executor/cuda/cuda_device_allocator.cc:403

E0728 07:23:40.998273   95775 cuda_executor.cc:1176] [0] Failed to allocate device memory of 20.24GiB (21728102400 bytes): RESOURCE_EXHAUSTED: : CUDA_ERROR_OUT_OF_MEMORY: out of memory
=== Source Location Trace: === 
external/xla/xla/stream_executor/cuda/cuda_status.cc:45
external/xla/xla/stream_executor/cuda/cuda_device_allocator.cc:226
external/xla/xla/stream_executor/cuda/cuda_device_allocator.cc:403

E0728 07:23:40.998319   95775 cuda_executor.cc:1176] [0] Failed to allocate device memory of 18.21GiB (19555291136 bytes): RESOURCE_EXHAUSTED: : CUDA_ERROR_OUT_OF_MEMORY: out of memory
=== Source Location Trace: === 
external/xla/xla/stream_executor/cuda/cuda_status.cc:45
external/xla/xla/stream_executor/cuda/cuda_device_allocator.cc:226
external/xla/xla/stream_executor/cuda/cuda_device_allocator.cc:403

E0728 07:23:40.998363   95775 cuda_executor.cc:1176] [0] Failed to allocate device memory of 16.39GiB (17599762432 bytes): RESOURCE_EXHAUSTED: : CUDA_ERROR_OUT_OF_MEMORY: out of memory
=== Source Location Trace: === 
external/xla/xla/stream_executor/cuda/cuda_status.cc:45
external/xla/xla/stream_executor/cuda/cuda_device_allocator.cc:226
external/xla/xla/stream_executor/cuda/cuda_device_allocator.cc:403

E0728 07:23:40.998415   95775 cuda_executor.cc:1176] [0] Failed to allocate device memory of 14.75GiB (15839785984 bytes): RESOURCE_EXHAUSTED: : CUDA_ERROR_OUT_OF_MEMORY: out of memory
=== Source Location Trace: === 
external/xla/xla/stream_executor/cuda/cuda_status.cc:45
external/xla/xla/stream_executor/cuda/cuda_device_allocator.cc:226
external/xla/xla/stream_executor/cuda/cuda_device_allocator.cc:403

E0728 07:23:40.998460   95775 cuda_executor.cc:1176] [0] Failed to allocate device memory of 13.28GiB (14255807488 bytes): RESOURCE_EXHAUSTED: : CUDA_ERROR_OUT_OF_MEMORY: out of memory
=== Source Location Trace: === 
external/xla/xla/stream_executor/cuda/cuda_status.cc:45
external/xla/xla/stream_executor/cuda/cuda_device_allocator.cc:226
external/xla/xla/stream_executor/cuda/cuda_device_allocator.cc:403

E0728 07:23:40.998501   95775 cuda_executor.cc:1176] [0] Failed to allocate device memory of 11.95GiB (12830226432 bytes): RESOURCE_EXHAUSTED: : CUDA_ERROR_OUT_OF_MEMORY: out of memory
=== Source Location Trace: === 
external/xla/xla/stream_executor/cuda/cuda_status.cc:45
external/xla/xla/stream_executor/cuda/cuda_device_allocator.cc:226
external/xla/xla/stream_executor/cuda/cuda_device_allocator.cc:403

E0728 07:23:40.998541   95775 cuda_executor.cc:1176] [0] Failed to allocate device memory of 10.75GiB (11547203584 bytes): RESOURCE_EXHAUSTED: : CUDA_ERROR_OUT_OF_MEMORY: out of memory
=== Source Location Trace: === 
external/xla/xla/stream_executor/cuda/cuda_status.cc:45
external/xla/xla/stream_executor/cuda/cuda_device_allocator.cc:226
external/xla/xla/stream_executor/cuda/cuda_device_allocator.cc:403

E0728 07:23:40.998581   95775 cuda_executor.cc:1176] [0] Failed to allocate device memory of 9.68GiB (10392482816 bytes): RESOURCE_EXHAUSTED: : CUDA_ERROR_OUT_OF_MEMORY: out of memory
=== Source Location Trace: === 
external/xla/xla/stream_executor/cuda/cuda_status.cc:45
external/xla/xla/stream_executor/cuda/cuda_device_allocator.cc:226
external/xla/xla/stream_executor/cuda/cuda_device_allocator.cc:403

E0728 07:23:40.998621   95775 cuda_executor.cc:1176] [0] Failed to allocate device memory of 8.71GiB (9353234432 bytes): RESOURCE_EXHAUSTED: : CUDA_ERROR_OUT_OF_MEMORY: out of memory
=== Source Location Trace: === 
external/xla/xla/stream_executor/cuda/cuda_status.cc:45
external/xla/xla/stream_executor/cuda/cuda_device_allocator.cc:226
external/xla/xla/stream_executor/cuda/cuda_device_allocator.cc:403

E0728 07:23:40.998664   95775 cuda_executor.cc:1176] [0] Failed to allocate device memory of 7.84GiB (8417910784 bytes): RESOURCE_EXHAUSTED: : CUDA_ERROR_OUT_OF_MEMORY: out of memory
=== Source Location Trace: === 
external/xla/xla/stream_executor/cuda/cuda_status.cc:45
external/xla/xla/stream_executor/cuda/cuda_device_allocator.cc:226
external/xla/xla/stream_executor/cuda/cuda_device_allocator.cc:403

E0728 07:23:40.998765   95775 cuda_executor.cc:1176] [0] Failed to allocate device memory of 7.06GiB (7576119296 bytes): RESOURCE_EXHAUSTED: : CUDA_ERROR_OUT_OF_MEMORY: out of memory
=== Source Location Trace: === 
external/xla/xla/stream_executor/cuda/cuda_status.cc:45
external/xla/xla/stream_executor/cuda/cuda_device_allocator.cc:226
external/xla/xla/stream_executor/cuda/cuda_device_allocator.cc:403

E0728 07:23:40.998851   95775 cuda_executor.cc:1176] [0] Failed to allocate device memory of 6.35GiB (6818507264 bytes): RESOURCE_EXHAUSTED: : CUDA_ERROR_OUT_OF_MEMORY: out of memory
=== Source Location Trace: === 
external/xla/xla/stream_executor/cuda/cuda_status.cc:45
external/xla/xla/stream_executor/cuda/cuda_device_allocator.cc:226
external/xla/xla/stream_executor/cuda/cuda_device_allocator.cc:403

E0728 07:23:40.998892   95775 cuda_executor.cc:1176] [0] Failed to allocate device memory of 5.71GiB (6136656384 bytes): RESOURCE_EXHAUSTED: : CUDA_ERROR_OUT_OF_MEMORY: out of memory
=== Source Location Trace: === 
external/xla/xla/stream_executor/cuda/cuda_status.cc:45
external/xla/xla/stream_executor/cuda/cuda_device_allocator.cc:226
external/xla/xla/stream_executor/cuda/cuda_device_allocator.cc:403

E0728 07:23:40.998940   95775 cuda_executor.cc:1176] [0] Failed to allocate device memory of 5.14GiB (5522990592 bytes): RESOURCE_EXHAUSTED: : CUDA_ERROR_OUT_OF_MEMORY: out of memory
=== Source Location Trace: === 
external/xla/xla/stream_executor/cuda/cuda_status.cc:45
external/xla/xla/stream_executor/cuda/cuda_device_allocator.cc:226
external/xla/xla/stream_executor/cuda/cuda_device_allocator.cc:403

E0728 07:23:40.998980   95775 cuda_executor.cc:1176] [0] Failed to allocate device memory of 4.63GiB (4970691584 bytes): RESOURCE_EXHAUSTED: : CUDA_ERROR_OUT_OF_MEMORY: out of memory
=== Source Location Trace: === 
external/xla/xla/stream_executor/cuda/cuda_status.cc:45
external/xla/xla/stream_executor/cuda/cuda_device_allocator.cc:226
external/xla/xla/stream_executor/cuda/cuda_device_allocator.cc:403

E0728 07:23:40.999021   95775 cuda_executor.cc:1176] [0] Failed to allocate device memory of 4.17GiB (4473622528 bytes): RESOURCE_EXHAUSTED: : CUDA_ERROR_OUT_OF_MEMORY: out of memory
=== Source Location Trace: === 
external/xla/xla/stream_executor/cuda/cuda_status.cc:45
external/xla/xla/stream_executor/cuda/cuda_device_allocator.cc:226
external/xla/xla/stream_executor/cuda/cuda_device_allocator.cc:403

E0728 07:23:40.999063   95775 cuda_executor.cc:1176] [0] Failed to allocate device memory of 3.75GiB (4026260224 bytes): RESOURCE_EXHAUSTED: : CUDA_ERROR_OUT_OF_MEMORY: out of memory
=== Source Location Trace: === 
external/xla/xla/stream_executor/cuda/cuda_status.cc:45
external/xla/xla/stream_executor/cuda/cuda_device_allocator.cc:226
external/xla/xla/stream_executor/cuda/cuda_device_allocator.cc:403

E0728 07:23:40.999109   95775 cuda_executor.cc:1176] [0] Failed to allocate device memory of 3.37GiB (3623634176 bytes): RESOURCE_EXHAUSTED: : CUDA_ERROR_OUT_OF_MEMORY: out of memory
=== Source Location Trace: === 
external/xla/xla/stream_executor/cuda/cuda_status.cc:45
external/xla/xla/stream_executor/cuda/cuda_device_allocator.cc:226
external/xla/xla/stream_executor/cuda/cuda_device_allocator.cc:403

E0728 07:23:40.999149   95775 cuda_executor.cc:1176] [0] Failed to allocate device memory of 3.04GiB (3261270784 bytes): RESOURCE_EXHAUSTED: : CUDA_ERROR_OUT_OF_MEMORY: out of memory
=== Source Location Trace: === 
external/xla/xla/stream_executor/cuda/cuda_status.cc:45
external/xla/xla/stream_executor/cuda/cuda_device_allocator.cc:226
external/xla/xla/stream_executor/cuda/cuda_device_allocator.cc:403

E0728 07:23:40.999188   95775 cuda_executor.cc:1176] [0] Failed to allocate device memory of 2.73GiB (2935143680 bytes): RESOURCE_EXHAUSTED: : CUDA_ERROR_OUT_OF_MEMORY: out of memory
=== Source Location Trace: === 
external/xla/xla/stream_executor/cuda/cuda_status.cc:45
external/xla/xla/stream_executor/cuda/cuda_device_allocator.cc:226
external/xla/xla/stream_executor/cuda/cuda_device_allocator.cc:403

E0728 07:23:40.999225   95775 cuda_executor.cc:1176] [0] Failed to allocate device memory of 2.46GiB (2641629184 bytes): RESOURCE_EXHAUSTED: : CUDA_ERROR_OUT_OF_MEMORY: out of memory
=== Source Location Trace: === 
external/xla/xla/stream_executor/cuda/cuda_status.cc:45
external/xla/xla/stream_executor/cuda/cuda_device_allocator.cc:226
external/xla/xla/stream_executor/cuda/cuda_device_allocator.cc:403

E0728 07:23:40.999261   95775 cuda_executor.cc:1176] [0] Failed to allocate device memory of 2.21GiB (2377466112 bytes): RESOURCE_EXHAUSTED: : CUDA_ERROR_OUT_OF_MEMORY: out of memory
=== Source Location Trace: === 
external/xla/xla/stream_executor/cuda/cuda_status.cc:45
external/xla/xla/stream_executor/cuda/cuda_device_allocator.cc:226
external/xla/xla/stream_executor/cuda/cuda_device_allocator.cc:403

E0728 07:23:40.999298   95775 cuda_executor.cc:1176] [0] Failed to allocate device memory of 1.99GiB (2139719424 bytes): RESOURCE_EXHAUSTED: : CUDA_ERROR_OUT_OF_MEMORY: out of memory
=== Source Location Trace: === 
external/xla/xla/stream_executor/cuda/cuda_status.cc:45
external/xla/xla/stream_executor/cuda/cuda_device_allocator.cc:226
external/xla/xla/stream_executor/cuda/cuda_device_allocator.cc:403

E0728 07:23:40.999335   95775 cuda_executor.cc:1176] [0] Failed to allocate device memory of 1.79GiB (1925747456 bytes): RESOURCE_EXHAUSTED: : CUDA_ERROR_OUT_OF_MEMORY: out of memory
=== Source Location Trace: === 
external/xla/xla/stream_executor/cuda/cuda_status.cc:45
external/xla/xla/stream_executor/cuda/cuda_device_allocator.cc:226
external/xla/xla/stream_executor/cuda/cuda_device_allocator.cc:403

E0728 07:23:40.999371   95775 cuda_executor.cc:1176] [0] Failed to allocate device memory of 1.61GiB (1733172736 bytes): RESOURCE_EXHAUSTED: : CUDA_ERROR_OUT_OF_MEMORY: out of memory
=== Source Location Trace: === 
external/xla/xla/stream_executor/cuda/cuda_status.cc:45
external/xla/xla/stream_executor/cuda/cuda_device_allocator.cc:226
external/xla/xla/stream_executor/cuda/cuda_device_allocator.cc:403

E0728 07:23:40.999409   95775 cuda_executor.cc:1176] [0] Failed to allocate device memory of 1.45GiB (1559855360 bytes): RESOURCE_EXHAUSTED: : CUDA_ERROR_OUT_OF_MEMORY: out of memory
=== Source Location Trace: === 
external/xla/xla/stream_executor/cuda/cuda_status.cc:45
external/xla/xla/stream_executor/cuda/cuda_device_allocator.cc:226
external/xla/xla/stream_executor/cuda/cuda_device_allocator.cc:403

E0728 07:23:40.999445   95775 cuda_executor.cc:1176] [0] Failed to allocate device memory of 1.31GiB (1403869952 bytes): RESOURCE_EXHAUSTED: : CUDA_ERROR_OUT_OF_MEMORY: out of memory
=== Source Location Trace: === 
external/xla/xla/stream_executor/cuda/cuda_status.cc:45
external/xla/xla/stream_executor/cuda/cuda_device_allocator.cc:226
external/xla/xla/stream_executor/cuda/cuda_device_allocator.cc:403

E0728 07:23:40.999480   95775 cuda_executor.cc:1176] [0] Failed to allocate device memory of 1.18GiB (1263482880 bytes): RESOURCE_EXHAUSTED: : CUDA_ERROR_OUT_OF_MEMORY: out of memory
=== Source Location Trace: === 
external/xla/xla/stream_executor/cuda/cuda_status.cc:45
external/xla/xla/stream_executor/cuda/cuda_device_allocator.cc:226
external/xla/xla/stream_executor/cuda/cuda_device_allocator.cc:403

E0728 07:23:40.999516   95775 cuda_executor.cc:1176] [0] Failed to allocate device memory of 1.06GiB (1137134592 bytes): RESOURCE_EXHAUSTED: : CUDA_ERROR_OUT_OF_MEMORY: out of memory
=== Source Location Trace: === 
external/xla/xla/stream_executor/cuda/cuda_status.cc:45
external/xla/xla/stream_executor/cuda/cuda_device_allocator.cc:226
external/xla/xla/stream_executor/cuda/cuda_device_allocator.cc:403

E0728 07:23:40.999552   95775 cuda_executor.cc:1176] [0] Failed to allocate device memory of 976.01MiB (1023421184 bytes): RESOURCE_EXHAUSTED: : CUDA_ERROR_OUT_OF_MEMORY: out of memory
=== Source Location Trace: === 
external/xla/xla/stream_executor/cuda/cuda_status.cc:45
external/xla/xla/stream_executor/cuda/cuda_device_allocator.cc:226
external/xla/xla/stream_executor/cuda/cuda_device_allocator.cc:403

E0728 07:23:40.999587   95775 cuda_executor.cc:1176] [0] Failed to allocate device memory of 878.41MiB (921079040 bytes): RESOURCE_EXHAUSTED: : CUDA_ERROR_OUT_OF_MEMORY: out of memory
=== Source Location Trace: === 
external/xla/xla/stream_executor/cuda/cuda_status.cc:45
external/xla/xla/stream_executor/cuda/cuda_device_allocator.cc:226
external/xla/xla/stream_executor/cuda/cuda_device_allocator.cc:403

E0728 07:23:40.999622   95775 cuda_executor.cc:1176] [0] Failed to allocate device memory of 790.57MiB (828971264 bytes): RESOURCE_EXHAUSTED: : CUDA_ERROR_OUT_OF_MEMORY: out of memory
=== Source Location Trace: === 
external/xla/xla/stream_executor/cuda/cuda_status.cc:45
external/xla/xla/stream_executor/cuda/cuda_device_allocator.cc:226
external/xla/xla/stream_executor/cuda/cuda_device_allocator.cc:403

E0728 07:23:40.999658   95775 cuda_executor.cc:1176] [0] Failed to allocate device memory of 711.51MiB (746074112 bytes): RESOURCE_EXHAUSTED: : CUDA_ERROR_OUT_OF_MEMORY: out of memory
=== Source Location Trace: === 
external/xla/xla/stream_executor/cuda/cuda_status.cc:45
external/xla/xla/stream_executor/cuda/cuda_device_allocator.cc:226
external/xla/xla/stream_executor/cuda/cuda_device_allocator.cc:403

E0728 07:23:40.999693   95775 cuda_executor.cc:1176] [0] Failed to allocate device memory of 640.36MiB (671466752 bytes): RESOURCE_EXHAUSTED: : CUDA_ERROR_OUT_OF_MEMORY: out of memory
=== Source Location Trace: === 
external/xla/xla/stream_executor/cuda/cuda_status.cc:45
external/xla/xla/stream_executor/cuda/cuda_device_allocator.cc:226
external/xla/xla/stream_executor/cuda/cuda_device_allocator.cc:403

E0728 07:23:40.999728   95775 cuda_executor.cc:1176] [0] Failed to allocate device memory of 576.32MiB (604320256 bytes): RESOURCE_EXHAUSTED: : CUDA_ERROR_OUT_OF_MEMORY: out of memory
=== Source Location Trace: === 
external/xla/xla/stream_executor/cuda/cuda_status.cc:45
external/xla/xla/stream_executor/cuda/cuda_device_allocator.cc:226
external/xla/xla/stream_executor/cuda/cuda_device_allocator.cc:403

E0728 07:23:40.999765   95775 cuda_executor.cc:1176] [0] Failed to allocate device memory of 518.69MiB (543888384 bytes): RESOURCE_EXHAUSTED: : CUDA_ERROR_OUT_OF_MEMORY: out of memory
=== Source Location Trace: === 
external/xla/xla/stream_executor/cuda/cuda_status.cc:45
external/xla/xla/stream_executor/cuda/cuda_device_allocator.cc:226
external/xla/xla/stream_executor/cuda/cuda_device_allocator.cc:403

E0728 07:23:40.999859   95775 cuda_executor.cc:1176] [0] Failed to allocate device memory of 64.48GiB (69239570432 bytes): RESOURCE_EXHAUSTED: : CUDA_ERROR_OUT_OF_MEMORY: out of memory
=== Source Location Trace: === 
external/xla/xla/stream_executor/cuda/cuda_status.cc:45
external/xla/xla/stream_executor/cuda/cuda_device_allocator.cc:226
external/xla/xla/stream_executor/cuda/cuda_device_allocator.cc:403

E0728 07:23:40.999930   95775 cuda_executor.cc:1176] [0] Failed to allocate device memory of 58.04GiB (62315610112 bytes): RESOURCE_EXHAUSTED: : CUDA_ERROR_OUT_OF_MEMORY: out of memory
=== Source Location Trace: === 
external/xla/xla/stream_executor/cuda/cuda_status.cc:45
external/xla/xla/stream_executor/cuda/cuda_device_allocator.cc:226
external/xla/xla/stream_executor/cuda/cuda_device_allocator.cc:403

E0728 07:23:40.999996   95775 cuda_executor.cc:1176] [0] Failed to allocate device memory of 52.23GiB (56084045824 bytes): RESOURCE_EXHAUSTED: : CUDA_ERROR_OUT_OF_MEMORY: out of memory
=== Source Location Trace: === 
external/xla/xla/stream_executor/cuda/cuda_status.cc:45
external/xla/xla/stream_executor/cuda/cuda_device_allocator.cc:226
external/xla/xla/stream_executor/cuda/cuda_device_allocator.cc:403

E0728 07:23:41.000061   95775 cuda_executor.cc:1176] [0] Failed to allocate device memory of 47.01GiB (50475638784 bytes): RESOURCE_EXHAUSTED: : CUDA_ERROR_OUT_OF_MEMORY: out of memory
=== Source Location Trace: === 
external/xla/xla/stream_executor/cuda/cuda_status.cc:45
external/xla/xla/stream_executor/cuda/cuda_device_allocator.cc:226
external/xla/xla/stream_executor/cuda/cuda_device_allocator.cc:403

E0728 07:23:41.000128   95775 cuda_executor.cc:1176] [0] Failed to allocate device memory of 42.31GiB (45428072448 bytes): RESOURCE_EXHAUSTED: : CUDA_ERROR_OUT_OF_MEMORY: out of memory
=== Source Location Trace: === 
external/xla/xla/stream_executor/cuda/cuda_status.cc:45
external/xla/xla/stream_executor/cuda/cuda_device_allocator.cc:226
external/xla/xla/stream_executor/cuda/cuda_device_allocator.cc:403

E0728 07:23:41.000186   95775 cuda_executor.cc:1176] [0] Failed to allocate device memory of 38.08GiB (40885264384 bytes): RESOURCE_EXHAUSTED: : CUDA_ERROR_OUT_OF_MEMORY: out of memory
=== Source Location Trace: === 
external/xla/xla/stream_executor/cuda/cuda_status.cc:45
external/xla/xla/stream_executor/cuda/cuda_device_allocator.cc:226
external/xla/xla/stream_executor/cuda/cuda_device_allocator.cc:403

E0728 07:23:41.000242   95775 cuda_executor.cc:1176] [0] Failed to allocate device memory of 34.27GiB (36796735488 bytes): RESOURCE_EXHAUSTED: : CUDA_ERROR_OUT_OF_MEMORY: out of memory
=== Source Location Trace: === 
external/xla/xla/stream_executor/cuda/cuda_status.cc:45
external/xla/xla/stream_executor/cuda/cuda_device_allocator.cc:226
external/xla/xla/stream_executor/cuda/cuda_device_allocator.cc:403

E0728 07:23:41.000293   95775 cuda_executor.cc:1176] [0] Failed to allocate device memory of 30.84GiB (33117061120 bytes): RESOURCE_EXHAUSTED: : CUDA_ERROR_OUT_OF_MEMORY: out of memory
=== Source Location Trace: === 
external/xla/xla/stream_executor/cuda/cuda_status.cc:45
external/xla/xla/stream_executor/cuda/cuda_device_allocator.cc:226
external/xla/xla/stream_executor/cuda/cuda_device_allocator.cc:403

E0728 07:23:41.000342   95775 cuda_executor.cc:1176] [0] Failed to allocate device memory of 27.76GiB (29805355008 bytes): RESOURCE_EXHAUSTED: : CUDA_ERROR_OUT_OF_MEMORY: out of memory
=== Source Location Trace: === 
external/xla/xla/stream_executor/cuda/cuda_status.cc:45
external/xla/xla/stream_executor/cuda/cuda_device_allocator.cc:226
external/xla/xla/stream_executor/cuda/cuda_device_allocator.cc:403

E0728 07:23:41.000390   95775 cuda_executor.cc:1176] [0] Failed to allocate device memory of 24.98GiB (26824818688 bytes): RESOURCE_EXHAUSTED: : CUDA_ERROR_OUT_OF_MEMORY: out of memory
=== Source Location Trace: === 
external/xla/xla/stream_executor/cuda/cuda_status.cc:45
external/xla/xla/stream_executor/cuda/cuda_device_allocator.cc:226
external/xla/xla/stream_executor/cuda/cuda_device_allocator.cc:403

E0728 07:23:41.000436   95775 cuda_executor.cc:1176] [0] Failed to allocate device memory of 22.48GiB (24142336000 bytes): RESOURCE_EXHAUSTED: : CUDA_ERROR_OUT_OF_MEMORY: out of memory
=== Source Location Trace: === 
external/xla/xla/stream_executor/cuda/cuda_status.cc:45
external/xla/xla/stream_executor/cuda/cuda_device_allocator.cc:226
external/xla/xla/stream_executor/cuda/cuda_device_allocator.cc:403

E0728 07:23:41.000480   95775 cuda_executor.cc:1176] [0] Failed to allocate device memory of 20.24GiB (21728102400 bytes): RESOURCE_EXHAUSTED: : CUDA_ERROR_OUT_OF_MEMORY: out of memory
=== Source Location Trace: === 
external/xla/xla/stream_executor/cuda/cuda_status.cc:45
external/xla/xla/stream_executor/cuda/cuda_device_allocator.cc:226
external/xla/xla/stream_executor/cuda/cuda_device_allocator.cc:403

E0728 07:23:41.000524   95775 cuda_executor.cc:1176] [0] Failed to allocate device memory of 18.21GiB (19555291136 bytes): RESOURCE_EXHAUSTED: : CUDA_ERROR_OUT_OF_MEMORY: out of memory
=== Source Location Trace: === 
external/xla/xla/stream_executor/cuda/cuda_status.cc:45
external/xla/xla/stream_executor/cuda/cuda_device_allocator.cc:226
external/xla/xla/stream_executor/cuda/cuda_device_allocator.cc:403

E0728 07:23:41.000567   95775 cuda_executor.cc:1176] [0] Failed to allocate device memory of 16.39GiB (17599762432 bytes): RESOURCE_EXHAUSTED: : CUDA_ERROR_OUT_OF_MEMORY: out of memory
=== Source Location Trace: === 
external/xla/xla/stream_executor/cuda/cuda_status.cc:45
external/xla/xla/stream_executor/cuda/cuda_device_allocator.cc:226
external/xla/xla/stream_executor/cuda/cuda_device_allocator.cc:403

E0728 07:23:41.000607   95775 cuda_executor.cc:1176] [0] Failed to allocate device memory of 14.75GiB (15839785984 bytes): RESOURCE_EXHAUSTED: : CUDA_ERROR_OUT_OF_MEMORY: out of memory
=== Source Location Trace: === 
external/xla/xla/stream_executor/cuda/cuda_status.cc:45
external/xla/xla/stream_executor/cuda/cuda_device_allocator.cc:226
external/xla/xla/stream_executor/cuda/cuda_device_allocator.cc:403

E0728 07:23:41.000647   95775 cuda_executor.cc:1176] [0] Failed to allocate device memory of 13.28GiB (14255807488 bytes): RESOURCE_EXHAUSTED: : CUDA_ERROR_OUT_OF_MEMORY: out of memory
=== Source Location Trace: === 
external/xla/xla/stream_executor/cuda/cuda_status.cc:45
external/xla/xla/stream_executor/cuda/cuda_device_allocator.cc:226
external/xla/xla/stream_executor/cuda/cuda_device_allocator.cc:403

E0728 07:23:41.000687   95775 cuda_executor.cc:1176] [0] Failed to allocate device memory of 11.95GiB (12830226432 bytes): RESOURCE_EXHAUSTED: : CUDA_ERROR_OUT_OF_MEMORY: out of memory
=== Source Location Trace: === 
external/xla/xla/stream_executor/cuda/cuda_status.cc:45
external/xla/xla/stream_executor/cuda/cuda_device_allocator.cc:226
external/xla/xla/stream_executor/cuda/cuda_device_allocator.cc:403

E0728 07:23:41.000725   95775 cuda_executor.cc:1176] [0] Failed to allocate device memory of 10.75GiB (11547203584 bytes): RESOURCE_EXHAUSTED: : CUDA_ERROR_OUT_OF_MEMORY: out of memory
=== Source Location Trace: === 
external/xla/xla/stream_executor/cuda/cuda_status.cc:45
external/xla/xla/stream_executor/cuda/cuda_device_allocator.cc:226
external/xla/xla/stream_executor/cuda/cuda_device_allocator.cc:403

E0728 07:23:41.000764   95775 cuda_executor.cc:1176] [0] Failed to allocate device memory of 9.68GiB (10392482816 bytes): RESOURCE_EXHAUSTED: : CUDA_ERROR_OUT_OF_MEMORY: out of memory
=== Source Location Trace: === 
external/xla/xla/stream_executor/cuda/cuda_status.cc:45
external/xla/xla/stream_executor/cuda/cuda_device_allocator.cc:226
external/xla/xla/stream_executor/cuda/cuda_device_allocator.cc:403

E0728 07:23:41.000803   95775 cuda_executor.cc:1176] [0] Failed to allocate device memory of 8.71GiB (9353234432 bytes): RESOURCE_EXHAUSTED: : CUDA_ERROR_OUT_OF_MEMORY: out of memory
=== Source Location Trace: === 
external/xla/xla/stream_executor/cuda/cuda_status.cc:45
external/xla/xla/stream_executor/cuda/cuda_device_allocator.cc:226
external/xla/xla/stream_executor/cuda/cuda_device_allocator.cc:403

E0728 07:23:41.000840   95775 cuda_executor.cc:1176] [0] Failed to allocate device memory of 7.84GiB (8417910784 bytes): RESOURCE_EXHAUSTED: : CUDA_ERROR_OUT_OF_MEMORY: out of memory
=== Source Location Trace: === 
external/xla/xla/stream_executor/cuda/cuda_status.cc:45
external/xla/xla/stream_executor/cuda/cuda_device_allocator.cc:226
external/xla/xla/stream_executor/cuda/cuda_device_allocator.cc:403

E0728 07:23:41.000880   95775 cuda_executor.cc:1176] [0] Failed to allocate device memory of 7.06GiB (7576119296 bytes): RESOURCE_EXHAUSTED: : CUDA_ERROR_OUT_OF_MEMORY: out of memory
=== Source Location Trace: === 
external/xla/xla/stream_executor/cuda/cuda_status.cc:45
external/xla/xla/stream_executor/cuda/cuda_device_allocator.cc:226
external/xla/xla/stream_executor/cuda/cuda_device_allocator.cc:403

E0728 07:23:41.000923   95775 cuda_executor.cc:1176] [0] Failed to allocate device memory of 6.35GiB (6818507264 bytes): RESOURCE_EXHAUSTED: : CUDA_ERROR_OUT_OF_MEMORY: out of memory
=== Source Location Trace: === 
external/xla/xla/stream_executor/cuda/cuda_status.cc:45
external/xla/xla/stream_executor/cuda/cuda_device_allocator.cc:226
external/xla/xla/stream_executor/cuda/cuda_device_allocator.cc:403

E0728 07:23:41.000964   95775 cuda_executor.cc:1176] [0] Failed to allocate device memory of 5.71GiB (6136656384 bytes): RESOURCE_EXHAUSTED: : CUDA_ERROR_OUT_OF_MEMORY: out of memory
=== Source Location Trace: === 
external/xla/xla/stream_executor/cuda/cuda_status.cc:45
external/xla/xla/stream_executor/cuda/cuda_device_allocator.cc:226
external/xla/xla/stream_executor/cuda/cuda_device_allocator.cc:403

E0728 07:23:41.001002   95775 cuda_executor.cc:1176] [0] Failed to allocate device memory of 5.14GiB (5522990592 bytes): RESOURCE_EXHAUSTED: : CUDA_ERROR_OUT_OF_MEMORY: out of memory
=== Source Location Trace: === 
external/xla/xla/stream_executor/cuda/cuda_status.cc:45
external/xla/xla/stream_executor/cuda/cuda_device_allocator.cc:226
external/xla/xla/stream_executor/cuda/cuda_device_allocator.cc:403

E0728 07:23:41.001040   95775 cuda_executor.cc:1176] [0] Failed to allocate device memory of 4.63GiB (4970691584 bytes): RESOURCE_EXHAUSTED: : CUDA_ERROR_OUT_OF_MEMORY: out of memory
=== Source Location Trace: === 
external/xla/xla/stream_executor/cuda/cuda_status.cc:45
external/xla/xla/stream_executor/cuda/cuda_device_allocator.cc:226
external/xla/xla/stream_executor/cuda/cuda_device_allocator.cc:403

E0728 07:23:41.001084   95775 cuda_executor.cc:1176] [0] Failed to allocate device memory of 4.17GiB (4473622528 bytes): RESOURCE_EXHAUSTED: : CUDA_ERROR_OUT_OF_MEMORY: out of memory
=== Source Location Trace: === 
external/xla/xla/stream_executor/cuda/cuda_status.cc:45
external/xla/xla/stream_executor/cuda/cuda_device_allocator.cc:226
external/xla/xla/stream_executor/cuda/cuda_device_allocator.cc:403

E0728 07:23:41.001123   95775 cuda_executor.cc:1176] [0] Failed to allocate device memory of 3.75GiB (4026260224 bytes): RESOURCE_EXHAUSTED: : CUDA_ERROR_OUT_OF_MEMORY: out of memory
=== Source Location Trace: === 
external/xla/xla/stream_executor/cuda/cuda_status.cc:45
external/xla/xla/stream_executor/cuda/cuda_device_allocator.cc:226
external/xla/xla/stream_executor/cuda/cuda_device_allocator.cc:403

E0728 07:23:41.001160   95775 cuda_executor.cc:1176] [0] Failed to allocate device memory of 3.37GiB (3623634176 bytes): RESOURCE_EXHAUSTED: : CUDA_ERROR_OUT_OF_MEMORY: out of memory
=== Source Location Trace: === 
external/xla/xla/stream_executor/cuda/cuda_status.cc:45
external/xla/xla/stream_executor/cuda/cuda_device_allocator.cc:226
external/xla/xla/stream_executor/cuda/cuda_device_allocator.cc:403

E0728 07:23:41.001200   95775 cuda_executor.cc:1176] [0] Failed to allocate device memory of 3.04GiB (3261270784 bytes): RESOURCE_EXHAUSTED: : CUDA_ERROR_OUT_OF_MEMORY: out of memory
=== Source Location Trace: === 
external/xla/xla/stream_executor/cuda/cuda_status.cc:45
external/xla/xla/stream_executor/cuda/cuda_device_allocator.cc:226
external/xla/xla/stream_executor/cuda/cuda_device_allocator.cc:403

E0728 07:23:41.001236   95775 cuda_executor.cc:1176] [0] Failed to allocate device memory of 2.73GiB (2935143680 bytes): RESOURCE_EXHAUSTED: : CUDA_ERROR_OUT_OF_MEMORY: out of memory
=== Source Location Trace: === 
external/xla/xla/stream_executor/cuda/cuda_status.cc:45
external/xla/xla/stream_executor/cuda/cuda_device_allocator.cc:226
external/xla/xla/stream_executor/cuda/cuda_device_allocator.cc:403

E0728 07:23:41.001273   95775 cuda_executor.cc:1176] [0] Failed to allocate device memory of 2.46GiB (2641629184 bytes): RESOURCE_EXHAUSTED: : CUDA_ERROR_OUT_OF_MEMORY: out of memory
=== Source Location Trace: === 
external/xla/xla/stream_executor/cuda/cuda_status.cc:45
external/xla/xla/stream_executor/cuda/cuda_device_allocator.cc:226
external/xla/xla/stream_executor/cuda/cuda_device_allocator.cc:403

E0728 07:23:41.001309   95775 cuda_executor.cc:1176] [0] Failed to allocate device memory of 2.21GiB (2377466112 bytes): RESOURCE_EXHAUSTED: : CUDA_ERROR_OUT_OF_MEMORY: out of memory
=== Source Location Trace: === 
external/xla/xla/stream_executor/cuda/cuda_status.cc:45
external/xla/xla/stream_executor/cuda/cuda_device_allocator.cc:226
external/xla/xla/stream_executor/cuda/cuda_device_allocator.cc:403

E0728 07:23:41.001345   95775 cuda_executor.cc:1176] [0] Failed to allocate device memory of 1.99GiB (2139719424 bytes): RESOURCE_EXHAUSTED: : CUDA_ERROR_OUT_OF_MEMORY: out of memory
=== Source Location Trace: === 
external/xla/xla/stream_executor/cuda/cuda_status.cc:45
external/xla/xla/stream_executor/cuda/cuda_device_allocator.cc:226
external/xla/xla/stream_executor/cuda/cuda_device_allocator.cc:403

E0728 07:23:41.001381   95775 cuda_executor.cc:1176] [0] Failed to allocate device memory of 1.79GiB (1925747456 bytes): RESOURCE_EXHAUSTED: : CUDA_ERROR_OUT_OF_MEMORY: out of memory
=== Source Location Trace: === 
external/xla/xla/stream_executor/cuda/cuda_status.cc:45
external/xla/xla/stream_executor/cuda/cuda_device_allocator.cc:226
external/xla/xla/stream_executor/cuda/cuda_device_allocator.cc:403

E0728 07:23:41.001417   95775 cuda_executor.cc:1176] [0] Failed to allocate device memory of 1.61GiB (1733172736 bytes): RESOURCE_EXHAUSTED: : CUDA_ERROR_OUT_OF_MEMORY: out of memory
=== Source Location Trace: === 
external/xla/xla/stream_executor/cuda/cuda_status.cc:45
external/xla/xla/stream_executor/cuda/cuda_device_allocator.cc:226
external/xla/xla/stream_executor/cuda/cuda_device_allocator.cc:403

E0728 07:23:41.001452   95775 cuda_executor.cc:1176] [0] Failed to allocate device memory of 1.45GiB (1559855360 bytes): RESOURCE_EXHAUSTED: : CUDA_ERROR_OUT_OF_MEMORY: out of memory
=== Source Location Trace: === 
external/xla/xla/stream_executor/cuda/cuda_status.cc:45
external/xla/xla/stream_executor/cuda/cuda_device_allocator.cc:226
external/xla/xla/stream_executor/cuda/cuda_device_allocator.cc:403

E0728 07:23:41.001488   95775 cuda_executor.cc:1176] [0] Failed to allocate device memory of 1.31GiB (1403869952 bytes): RESOURCE_EXHAUSTED: : CUDA_ERROR_OUT_OF_MEMORY: out of memory
=== Source Location Trace: === 
external/xla/xla/stream_executor/cuda/cuda_status.cc:45
external/xla/xla/stream_executor/cuda/cuda_device_allocator.cc:226
external/xla/xla/stream_executor/cuda/cuda_device_allocator.cc:403

E0728 07:23:41.001524   95775 cuda_executor.cc:1176] [0] Failed to allocate device memory of 1.18GiB (1263482880 bytes): RESOURCE_EXHAUSTED: : CUDA_ERROR_OUT_OF_MEMORY: out of memory
=== Source Location Trace: === 
external/xla/xla/stream_executor/cuda/cuda_status.cc:45
external/xla/xla/stream_executor/cuda/cuda_device_allocator.cc:226
external/xla/xla/stream_executor/cuda/cuda_device_allocator.cc:403

E0728 07:23:41.001560   95775 cuda_executor.cc:1176] [0] Failed to allocate device memory of 1.06GiB (1137134592 bytes): RESOURCE_EXHAUSTED: : CUDA_ERROR_OUT_OF_MEMORY: out of memory
=== Source Location Trace: === 
external/xla/xla/stream_executor/cuda/cuda_status.cc:45
external/xla/xla/stream_executor/cuda/cuda_device_allocator.cc:226
external/xla/xla/stream_executor/cuda/cuda_device_allocator.cc:403

E0728 07:23:41.001596   95775 cuda_executor.cc:1176] [0] Failed to allocate device memory of 976.01MiB (1023421184 bytes): RESOURCE_EXHAUSTED: : CUDA_ERROR_OUT_OF_MEMORY: out of memory
=== Source Location Trace: === 
external/xla/xla/stream_executor/cuda/cuda_status.cc:45
external/xla/xla/stream_executor/cuda/cuda_device_allocator.cc:226
external/xla/xla/stream_executor/cuda/cuda_device_allocator.cc:403

E0728 07:23:41.001631   95775 cuda_executor.cc:1176] [0] Failed to allocate device memory of 878.41MiB (921079040 bytes): RESOURCE_EXHAUSTED: : CUDA_ERROR_OUT_OF_MEMORY: out of memory
=== Source Location Trace: === 
external/xla/xla/stream_executor/cuda/cuda_status.cc:45
external/xla/xla/stream_executor/cuda/cuda_device_allocator.cc:226
external/xla/xla/stream_executor/cuda/cuda_device_allocator.cc:403

E0728 07:23:41.001666   95775 cuda_executor.cc:1176] [0] Failed to allocate device memory of 790.57MiB (828971264 bytes): RESOURCE_EXHAUSTED: : CUDA_ERROR_OUT_OF_MEMORY: out of memory
=== Source Location Trace: === 
external/xla/xla/stream_executor/cuda/cuda_status.cc:45
external/xla/xla/stream_executor/cuda/cuda_device_allocator.cc:226
external/xla/xla/stream_executor/cuda/cuda_device_allocator.cc:403

E0728 07:23:41.001701   95775 cuda_executor.cc:1176] [0] Failed to allocate device memory of 711.51MiB (746074112 bytes): RESOURCE_EXHAUSTED: : CUDA_ERROR_OUT_OF_MEMORY: out of memory
=== Source Location Trace: === 
external/xla/xla/stream_executor/cuda/cuda_status.cc:45
external/xla/xla/stream_executor/cuda/cuda_device_allocator.cc:226
external/xla/xla/stream_executor/cuda/cuda_device_allocator.cc:403

E0728 07:23:41.001737   95775 cuda_executor.cc:1176] [0] Failed to allocate device memory of 640.36MiB (671466752 bytes): RESOURCE_EXHAUSTED: : CUDA_ERROR_OUT_OF_MEMORY: out of memory
=== Source Location Trace: === 
external/xla/xla/stream_executor/cuda/cuda_status.cc:45
external/xla/xla/stream_executor/cuda/cuda_device_allocator.cc:226
external/xla/xla/stream_executor/cuda/cuda_device_allocator.cc:403

E0728 07:23:41.001772   95775 cuda_executor.cc:1176] [0] Failed to allocate device memory of 576.32MiB (604320256 bytes): RESOURCE_EXHAUSTED: : CUDA_ERROR_OUT_OF_MEMORY: out of memory
=== Source Location Trace: === 
external/xla/xla/stream_executor/cuda/cuda_status.cc:45
external/xla/xla/stream_executor/cuda/cuda_device_allocator.cc:226
external/xla/xla/stream_executor/cuda/cuda_device_allocator.cc:403

E0728 07:23:41.001807   95775 cuda_executor.cc:1176] [0] Failed to allocate device memory of 518.69MiB (543888384 bytes): RESOURCE_EXHAUSTED: : CUDA_ERROR_OUT_OF_MEMORY: out of memory
=== Source Location Trace: === 
external/xla/xla/stream_executor/cuda/cuda_status.cc:45
external/xla/xla/stream_executor/cuda/cuda_device_allocator.cc:226
external/xla/xla/stream_executor/cuda/cuda_device_allocator.cc:403

W0728 07:23:41.001809   95775 bfc_allocator.cc:590] Allocator (GPU_0_bfc) ran out of memory trying to allocate 484.00MiB (rounded to 507510784) from the lower end requested by op 
If this is caused by memory fragmentation, the environment variable 'TF_GPU_ALLOCATOR=cuda_malloc_async' may improve the situation.
Current allocation summary follows.
W0728 07:23:41.002007   95775 bfc_allocator.cc:601] ****************************************************************************************************
E0728 07:23:41.005105   95775 cuda_executor.cc:1176] [0] Failed to allocate device memory of 64.48GiB (69239570432 bytes): RESOURCE_EXHAUSTED: : CUDA_ERROR_OUT_OF_MEMORY: out of memory
=== Source Location Trace: === 
external/xla/xla/stream_executor/cuda/cuda_status.cc:45
external/xla/xla/stream_executor/cuda/cuda_device_allocator.cc:226
external/xla/xla/stream_executor/cuda/cuda_device_allocator.cc:403

E0728 07:23:41.005204   95775 cuda_executor.cc:1176] [0] Failed to allocate device memory of 58.04GiB (62315610112 bytes): RESOURCE_EXHAUSTED: : CUDA_ERROR_OUT_OF_MEMORY: out of memory
=== Source Location Trace: === 
external/xla/xla/stream_executor/cuda/cuda_status.cc:45
external/xla/xla/stream_executor/cuda/cuda_device_allocator.cc:226
external/xla/xla/stream_executor/cuda/cuda_device_allocator.cc:403

E0728 07:23:41.005269   95775 cuda_executor.cc:1176] [0] Failed to allocate device memory of 52.23GiB (56084045824 bytes): RESOURCE_EXHAUSTED: : CUDA_ERROR_OUT_OF_MEMORY: out of memory
=== Source Location Trace: === 
external/xla/xla/stream_executor/cuda/cuda_status.cc:45
external/xla/xla/stream_executor/cuda/cuda_device_allocator.cc:226
external/xla/xla/stream_executor/cuda/cuda_device_allocator.cc:403

E0728 07:23:41.005331   95775 cuda_executor.cc:1176] [0] Failed to allocate device memory of 47.01GiB (50475638784 bytes): RESOURCE_EXHAUSTED: : CUDA_ERROR_OUT_OF_MEMORY: out of memory
=== Source Location Trace: === 
external/xla/xla/stream_executor/cuda/cuda_status.cc:45
external/xla/xla/stream_executor/cuda/cuda_device_allocator.cc:226
external/xla/xla/stream_executor/cuda/cuda_device_allocator.cc:403

E0728 07:23:41.005390   95775 cuda_executor.cc:1176] [0] Failed to allocate device memory of 42.31GiB (45428072448 bytes): RESOURCE_EXHAUSTED: : CUDA_ERROR_OUT_OF_MEMORY: out of memory
=== Source Location Trace: === 
external/xla/xla/stream_executor/cuda/cuda_status.cc:45
external/xla/xla/stream_executor/cuda/cuda_device_allocator.cc:226
external/xla/xla/stream_executor/cuda/cuda_device_allocator.cc:403

E0728 07:23:41.005446   95775 cuda_executor.cc:1176] [0] Failed to allocate device memory of 38.08GiB (40885264384 bytes): RESOURCE_EXHAUSTED: : CUDA_ERROR_OUT_OF_MEMORY: out of memory
=== Source Location Trace: === 
external/xla/xla/stream_executor/cuda/cuda_status.cc:45
external/xla/xla/stream_executor/cuda/cuda_device_allocator.cc:226
external/xla/xla/stream_executor/cuda/cuda_device_allocator.cc:403

E0728 07:23:41.005499   95775 cuda_executor.cc:1176] [0] Failed to allocate device memory of 34.27GiB (36796735488 bytes): RESOURCE_EXHAUSTED: : CUDA_ERROR_OUT_OF_MEMORY: out of memory
=== Source Location Trace: === 
external/xla/xla/stream_executor/cuda/cuda_status.cc:45
external/xla/xla/stream_executor/cuda/cuda_device_allocator.cc:226
external/xla/xla/stream_executor/cuda/cuda_device_allocator.cc:403

E0728 07:23:41.005564   95775 cuda_executor.cc:1176] [0] Failed to allocate device memory of 30.84GiB (33117061120 bytes): RESOURCE_EXHAUSTED: : CUDA_ERROR_OUT_OF_MEMORY: out of memory
=== Source Location Trace: === 
external/xla/xla/stream_executor/cuda/cuda_status.cc:45
external/xla/xla/stream_executor/cuda/cuda_device_allocator.cc:226
external/xla/xla/stream_executor/cuda/cuda_device_allocator.cc:403

E0728 07:23:41.005613   95775 cuda_executor.cc:1176] [0] Failed to allocate device memory of 27.76GiB (29805355008 bytes): RESOURCE_EXHAUSTED: : CUDA_ERROR_OUT_OF_MEMORY: out of memory
=== Source Location Trace: === 
external/xla/xla/stream_executor/cuda/cuda_status.cc:45
external/xla/xla/stream_executor/cuda/cuda_device_allocator.cc:226
external/xla/xla/stream_executor/cuda/cuda_device_allocator.cc:403

E0728 07:23:41.005660   95775 cuda_executor.cc:1176] [0] Failed to allocate device memory of 24.98GiB (26824818688 bytes): RESOURCE_EXHAUSTED: : CUDA_ERROR_OUT_OF_MEMORY: out of memory
=== Source Location Trace: === 
external/xla/xla/stream_executor/cuda/cuda_status.cc:45
external/xla/xla/stream_executor/cuda/cuda_device_allocator.cc:226
external/xla/xla/stream_executor/cuda/cuda_device_allocator.cc:403

E0728 07:23:41.005706   95775 cuda_executor.cc:1176] [0] Failed to allocate device memory of 22.48GiB (24142336000 bytes): RESOURCE_EXHAUSTED: : CUDA_ERROR_OUT_OF_MEMORY: out of memory
=== Source Location Trace: === 
external/xla/xla/stream_executor/cuda/cuda_status.cc:45
external/xla/xla/stream_executor/cuda/cuda_device_allocator.cc:226
external/xla/xla/stream_executor/cuda/cuda_device_allocator.cc:403

E0728 07:23:41.005753   95775 cuda_executor.cc:1176] [0] Failed to allocate device memory of 20.24GiB (21728102400 bytes): RESOURCE_EXHAUSTED: : CUDA_ERROR_OUT_OF_MEMORY: out of memory
=== Source Location Trace: === 
external/xla/xla/stream_executor/cuda/cuda_status.cc:45
external/xla/xla/stream_executor/cuda/cuda_device_allocator.cc:226
external/xla/xla/stream_executor/cuda/cuda_device_allocator.cc:403

E0728 07:23:41.005797   95775 cuda_executor.cc:1176] [0] Failed to allocate device memory of 18.21GiB (19555291136 bytes): RESOURCE_EXHAUSTED: : CUDA_ERROR_OUT_OF_MEMORY: out of memory
=== Source Location Trace: === 
external/xla/xla/stream_executor/cuda/cuda_status.cc:45
external/xla/xla/stream_executor/cuda/cuda_device_allocator.cc:226
external/xla/xla/stream_executor/cuda/cuda_device_allocator.cc:403

E0728 07:23:41.005840   95775 cuda_executor.cc:1176] [0] Failed to allocate device memory of 16.39GiB (17599762432 bytes): RESOURCE_EXHAUSTED: : CUDA_ERROR_OUT_OF_MEMORY: out of memory
=== Source Location Trace: === 
external/xla/xla/stream_executor/cuda/cuda_status.cc:45
external/xla/xla/stream_executor/cuda/cuda_device_allocator.cc:226
external/xla/xla/stream_executor/cuda/cuda_device_allocator.cc:403

E0728 07:23:41.005889   95775 cuda_executor.cc:1176] [0] Failed to allocate device memory of 14.75GiB (15839785984 bytes): RESOURCE_EXHAUSTED: : CUDA_ERROR_OUT_OF_MEMORY: out of memory
=== Source Location Trace: === 
external/xla/xla/stream_executor/cuda/cuda_status.cc:45
external/xla/xla/stream_executor/cuda/cuda_device_allocator.cc:226
external/xla/xla/stream_executor/cuda/cuda_device_allocator.cc:403

E0728 07:23:41.005935   95775 cuda_executor.cc:1176] [0] Failed to allocate device memory of 13.28GiB (14255807488 bytes): RESOURCE_EXHAUSTED: : CUDA_ERROR_OUT_OF_MEMORY: out of memory
=== Source Location Trace: === 
external/xla/xla/stream_executor/cuda/cuda_status.cc:45
external/xla/xla/stream_executor/cuda/cuda_device_allocator.cc:226
external/xla/xla/stream_executor/cuda/cuda_device_allocator.cc:403

E0728 07:23:41.005976   95775 cuda_executor.cc:1176] [0] Failed to allocate device memory of 11.95GiB (12830226432 bytes): RESOURCE_EXHAUSTED: : CUDA_ERROR_OUT_OF_MEMORY: out of memory
=== Source Location Trace: === 
external/xla/xla/stream_executor/cuda/cuda_status.cc:45
external/xla/xla/stream_executor/cuda/cuda_device_allocator.cc:226
external/xla/xla/stream_executor/cuda/cuda_device_allocator.cc:403

E0728 07:23:41.006015   95775 cuda_executor.cc:1176] [0] Failed to allocate device memory of 10.75GiB (11547203584 bytes): RESOURCE_EXHAUSTED: : CUDA_ERROR_OUT_OF_MEMORY: out of memory
=== Source Location Trace: === 
external/xla/xla/stream_executor/cuda/cuda_status.cc:45
external/xla/xla/stream_executor/cuda/cuda_device_allocator.cc:226
external/xla/xla/stream_executor/cuda/cuda_device_allocator.cc:403

E0728 07:23:41.006053   95775 cuda_executor.cc:1176] [0] Failed to allocate device memory of 9.68GiB (10392482816 bytes): RESOURCE_EXHAUSTED: : CUDA_ERROR_OUT_OF_MEMORY: out of memory
=== Source Location Trace: === 
external/xla/xla/stream_executor/cuda/cuda_status.cc:45
external/xla/xla/stream_executor/cuda/cuda_device_allocator.cc:226
external/xla/xla/stream_executor/cuda/cuda_device_allocator.cc:403

E0728 07:23:41.006098   95775 cuda_executor.cc:1176] [0] Failed to allocate device memory of 8.71GiB (9353234432 bytes): RESOURCE_EXHAUSTED: : CUDA_ERROR_OUT_OF_MEMORY: out of memory
=== Source Location Trace: === 
external/xla/xla/stream_executor/cuda/cuda_status.cc:45
external/xla/xla/stream_executor/cuda/cuda_device_allocator.cc:226
external/xla/xla/stream_executor/cuda/cuda_device_allocator.cc:403

E0728 07:23:41.006141   95775 cuda_executor.cc:1176] [0] Failed to allocate device memory of 7.84GiB (8417910784 bytes): RESOURCE_EXHAUSTED: : CUDA_ERROR_OUT_OF_MEMORY: out of memory
=== Source Location Trace: === 
external/xla/xla/stream_executor/cuda/cuda_status.cc:45
external/xla/xla/stream_executor/cuda/cuda_device_allocator.cc:226
external/xla/xla/stream_executor/cuda/cuda_device_allocator.cc:403

E0728 07:23:41.006185   95775 cuda_executor.cc:1176] [0] Failed to allocate device memory of 7.06GiB (7576119296 bytes): RESOURCE_EXHAUSTED: : CUDA_ERROR_OUT_OF_MEMORY: out of memory
=== Source Location Trace: === 
external/xla/xla/stream_executor/cuda/cuda_status.cc:45
external/xla/xla/stream_executor/cuda/cuda_device_allocator.cc:226
external/xla/xla/stream_executor/cuda/cuda_device_allocator.cc:403

E0728 07:23:41.006224   95775 cuda_executor.cc:1176] [0] Failed to allocate device memory of 6.35GiB (6818507264 bytes): RESOURCE_EXHAUSTED: : CUDA_ERROR_OUT_OF_MEMORY: out of memory
=== Source Location Trace: === 
external/xla/xla/stream_executor/cuda/cuda_status.cc:45
external/xla/xla/stream_executor/cuda/cuda_device_allocator.cc:226
external/xla/xla/stream_executor/cuda/cuda_device_allocator.cc:403

E0728 07:23:41.006263   95775 cuda_executor.cc:1176] [0] Failed to allocate device memory of 5.71GiB (6136656384 bytes): RESOURCE_EXHAUSTED: : CUDA_ERROR_OUT_OF_MEMORY: out of memory
=== Source Location Trace: === 
external/xla/xla/stream_executor/cuda/cuda_status.cc:45
external/xla/xla/stream_executor/cuda/cuda_device_allocator.cc:226
external/xla/xla/stream_executor/cuda/cuda_device_allocator.cc:403

E0728 07:23:41.006302   95775 cuda_executor.cc:1176] [0] Failed to allocate device memory of 5.14GiB (5522990592 bytes): RESOURCE_EXHAUSTED: : CUDA_ERROR_OUT_OF_MEMORY: out of memory
=== Source Location Trace: === 
external/xla/xla/stream_executor/cuda/cuda_status.cc:45
external/xla/xla/stream_executor/cuda/cuda_device_allocator.cc:226
external/xla/xla/stream_executor/cuda/cuda_device_allocator.cc:403

E0728 07:23:41.006340   95775 cuda_executor.cc:1176] [0] Failed to allocate device memory of 4.63GiB (4970691584 bytes): RESOURCE_EXHAUSTED: : CUDA_ERROR_OUT_OF_MEMORY: out of memory
=== Source Location Trace: === 
external/xla/xla/stream_executor/cuda/cuda_status.cc:45
external/xla/xla/stream_executor/cuda/cuda_device_allocator.cc:226
external/xla/xla/stream_executor/cuda/cuda_device_allocator.cc:403

E0728 07:23:41.006378   95775 cuda_executor.cc:1176] [0] Failed to allocate device memory of 4.17GiB (4473622528 bytes): RESOURCE_EXHAUSTED: : CUDA_ERROR_OUT_OF_MEMORY: out of memory
=== Source Location Trace: === 
external/xla/xla/stream_executor/cuda/cuda_status.cc:45
external/xla/xla/stream_executor/cuda/cuda_device_allocator.cc:226
external/xla/xla/stream_executor/cuda/cuda_device_allocator.cc:403

E0728 07:23:41.006418   95775 cuda_executor.cc:1176] [0] Failed to allocate device memory of 3.75GiB (4026260224 bytes): RESOURCE_EXHAUSTED: : CUDA_ERROR_OUT_OF_MEMORY: out of memory
=== Source Location Trace: === 
external/xla/xla/stream_executor/cuda/cuda_status.cc:45
external/xla/xla/stream_executor/cuda/cuda_device_allocator.cc:226
external/xla/xla/stream_executor/cuda/cuda_device_allocator.cc:403

E0728 07:23:41.006456   95775 cuda_executor.cc:1176] [0] Failed to allocate device memory of 3.37GiB (3623634176 bytes): RESOURCE_EXHAUSTED: : CUDA_ERROR_OUT_OF_MEMORY: out of memory
=== Source Location Trace: === 
external/xla/xla/stream_executor/cuda/cuda_status.cc:45
external/xla/xla/stream_executor/cuda/cuda_device_allocator.cc:226
external/xla/xla/stream_executor/cuda/cuda_device_allocator.cc:403

E0728 07:23:41.006493   95775 cuda_executor.cc:1176] [0] Failed to allocate device memory of 3.04GiB (3261270784 bytes): RESOURCE_EXHAUSTED: : CUDA_ERROR_OUT_OF_MEMORY: out of memory
=== Source Location Trace: === 
external/xla/xla/stream_executor/cuda/cuda_status.cc:45
external/xla/xla/stream_executor/cuda/cuda_device_allocator.cc:226
external/xla/xla/stream_executor/cuda/cuda_device_allocator.cc:403

E0728 07:23:41.006530   95775 cuda_executor.cc:1176] [0] Failed to allocate device memory of 2.73GiB (2935143680 bytes): RESOURCE_EXHAUSTED: : CUDA_ERROR_OUT_OF_MEMORY: out of memory
=== Source Location Trace: === 
external/xla/xla/stream_executor/cuda/cuda_status.cc:45
external/xla/xla/stream_executor/cuda/cuda_device_allocator.cc:226
external/xla/xla/stream_executor/cuda/cuda_device_allocator.cc:403

E0728 07:23:41.006568   95775 cuda_executor.cc:1176] [0] Failed to allocate device memory of 2.46GiB (2641629184 bytes): RESOURCE_EXHAUSTED: : CUDA_ERROR_OUT_OF_MEMORY: out of memory
=== Source Location Trace: === 
external/xla/xla/stream_executor/cuda/cuda_status.cc:45
external/xla/xla/stream_executor/cuda/cuda_device_allocator.cc:226
external/xla/xla/stream_executor/cuda/cuda_device_allocator.cc:403

E0728 07:23:41.006605   95775 cuda_executor.cc:1176] [0] Failed to allocate device memory of 2.21GiB (2377466112 bytes): RESOURCE_EXHAUSTED: : CUDA_ERROR_OUT_OF_MEMORY: out of memory
=== Source Location Trace: === 
external/xla/xla/stream_executor/cuda/cuda_status.cc:45
external/xla/xla/stream_executor/cuda/cuda_device_allocator.cc:226
external/xla/xla/stream_executor/cuda/cuda_device_allocator.cc:403

E0728 07:23:41.006641   95775 cuda_executor.cc:1176] [0] Failed to allocate device memory of 1.99GiB (2139719424 bytes): RESOURCE_EXHAUSTED: : CUDA_ERROR_OUT_OF_MEMORY: out of memory
=== Source Location Trace: === 
external/xla/xla/stream_executor/cuda/cuda_status.cc:45
external/xla/xla/stream_executor/cuda/cuda_device_allocator.cc:226
external/xla/xla/stream_executor/cuda/cuda_device_allocator.cc:403

E0728 07:23:41.006678   95775 cuda_executor.cc:1176] [0] Failed to allocate device memory of 1.79GiB (1925747456 bytes): RESOURCE_EXHAUSTED: : CUDA_ERROR_OUT_OF_MEMORY: out of memory
=== Source Location Trace: === 
external/xla/xla/stream_executor/cuda/cuda_status.cc:45
external/xla/xla/stream_executor/cuda/cuda_device_allocator.cc:226
external/xla/xla/stream_executor/cuda/cuda_device_allocator.cc:403

E0728 07:23:41.006714   95775 cuda_executor.cc:1176] [0] Failed to allocate device memory of 1.61GiB (1733172736 bytes): RESOURCE_EXHAUSTED: : CUDA_ERROR_OUT_OF_MEMORY: out of memory
=== Source Location Trace: === 
external/xla/xla/stream_executor/cuda/cuda_status.cc:45
external/xla/xla/stream_executor/cuda/cuda_device_allocator.cc:226
external/xla/xla/stream_executor/cuda/cuda_device_allocator.cc:403

E0728 07:23:41.006750   95775 cuda_executor.cc:1176] [0] Failed to allocate device memory of 1.45GiB (1559855360 bytes): RESOURCE_EXHAUSTED: : CUDA_ERROR_OUT_OF_MEMORY: out of memory
=== Source Location Trace: === 
external/xla/xla/stream_executor/cuda/cuda_status.cc:45
external/xla/xla/stream_executor/cuda/cuda_device_allocator.cc:226
external/xla/xla/stream_executor/cuda/cuda_device_allocator.cc:403

E0728 07:23:41.006785   95775 cuda_executor.cc:1176] [0] Failed to allocate device memory of 1.31GiB (1403869952 bytes): RESOURCE_EXHAUSTED: : CUDA_ERROR_OUT_OF_MEMORY: out of memory
=== Source Location Trace: === 
external/xla/xla/stream_executor/cuda/cuda_status.cc:45
external/xla/xla/stream_executor/cuda/cuda_device_allocator.cc:226
external/xla/xla/stream_executor/cuda/cuda_device_allocator.cc:403

E0728 07:23:41.006821   95775 cuda_executor.cc:1176] [0] Failed to allocate device memory of 1.18GiB (1263482880 bytes): RESOURCE_EXHAUSTED: : CUDA_ERROR_OUT_OF_MEMORY: out of memory
=== Source Location Trace: === 
external/xla/xla/stream_executor/cuda/cuda_status.cc:45
external/xla/xla/stream_executor/cuda/cuda_device_allocator.cc:226
external/xla/xla/stream_executor/cuda/cuda_device_allocator.cc:403

E0728 07:23:41.006856   95775 cuda_executor.cc:1176] [0] Failed to allocate device memory of 1.06GiB (1137134592 bytes): RESOURCE_EXHAUSTED: : CUDA_ERROR_OUT_OF_MEMORY: out of memory
=== Source Location Trace: === 
external/xla/xla/stream_executor/cuda/cuda_status.cc:45
external/xla/xla/stream_executor/cuda/cuda_device_allocator.cc:226
external/xla/xla/stream_executor/cuda/cuda_device_allocator.cc:403

E0728 07:23:41.006896   95775 cuda_executor.cc:1176] [0] Failed to allocate device memory of 976.01MiB (1023421184 bytes): RESOURCE_EXHAUSTED: : CUDA_ERROR_OUT_OF_MEMORY: out of memory
=== Source Location Trace: === 
external/xla/xla/stream_executor/cuda/cuda_status.cc:45
external/xla/xla/stream_executor/cuda/cuda_device_allocator.cc:226
external/xla/xla/stream_executor/cuda/cuda_device_allocator.cc:403

E0728 07:23:41.006935   95775 cuda_executor.cc:1176] [0] Failed to allocate device memory of 878.41MiB (921079040 bytes): RESOURCE_EXHAUSTED: : CUDA_ERROR_OUT_OF_MEMORY: out of memory
=== Source Location Trace: === 
external/xla/xla/stream_executor/cuda/cuda_status.cc:45
external/xla/xla/stream_executor/cuda/cuda_device_allocator.cc:226
external/xla/xla/stream_executor/cuda/cuda_device_allocator.cc:403

E0728 07:23:41.006971   95775 cuda_executor.cc:1176] [0] Failed to allocate device memory of 790.57MiB (828971264 bytes): RESOURCE_EXHAUSTED: : CUDA_ERROR_OUT_OF_MEMORY: out of memory
=== Source Location Trace: === 
external/xla/xla/stream_executor/cuda/cuda_status.cc:45
external/xla/xla/stream_executor/cuda/cuda_device_allocator.cc:226
external/xla/xla/stream_executor/cuda/cuda_device_allocator.cc:403

E0728 07:23:41.007006   95775 cuda_executor.cc:1176] [0] Failed to allocate device memory of 711.51MiB (746074112 bytes): RESOURCE_EXHAUSTED: : CUDA_ERROR_OUT_OF_MEMORY: out of memory
=== Source Location Trace: === 
external/xla/xla/stream_executor/cuda/cuda_status.cc:45
external/xla/xla/stream_executor/cuda/cuda_device_allocator.cc:226
external/xla/xla/stream_executor/cuda/cuda_device_allocator.cc:403

E0728 07:23:41.007041   95775 cuda_executor.cc:1176] [0] Failed to allocate device memory of 640.36MiB (671466752 bytes): RESOURCE_EXHAUSTED: : CUDA_ERROR_OUT_OF_MEMORY: out of memory
=== Source Location Trace: === 
external/xla/xla/stream_executor/cuda/cuda_status.cc:45
external/xla/xla/stream_executor/cuda/cuda_device_allocator.cc:226
external/xla/xla/stream_executor/cuda/cuda_device_allocator.cc:403

E0728 07:23:41.007081   95775 cuda_executor.cc:1176] [0] Failed to allocate device memory of 576.32MiB (604320256 bytes): RESOURCE_EXHAUSTED: : CUDA_ERROR_OUT_OF_MEMORY: out of memory
=== Source Location Trace: === 
external/xla/xla/stream_executor/cuda/cuda_status.cc:45
external/xla/xla/stream_executor/cuda/cuda_device_allocator.cc:226
external/xla/xla/stream_executor/cuda/cuda_device_allocator.cc:403

E0728 07:23:41.007118   95775 cuda_executor.cc:1176] [0] Failed to allocate device memory of 518.69MiB (543888384 bytes): RESOURCE_EXHAUSTED: : CUDA_ERROR_OUT_OF_MEMORY: out of memory
=== Source Location Trace: === 
external/xla/xla/stream_executor/cuda/cuda_status.cc:45
external/xla/xla/stream_executor/cuda/cuda_device_allocator.cc:226
external/xla/xla/stream_executor/cuda/cuda_device_allocator.cc:403

E0728 07:23:41.007154   95775 cuda_executor.cc:1176] [0] Failed to allocate device memory of 466.82MiB (489499648 bytes): RESOURCE_EXHAUSTED: : CUDA_ERROR_OUT_OF_MEMORY: out of memory
=== Source Location Trace: === 
external/xla/xla/stream_executor/cuda/cuda_status.cc:45
external/xla/xla/stream_executor/cuda/cuda_device_allocator.cc:226
external/xla/xla/stream_executor/cuda/cuda_device_allocator.cc:403

E0728 07:23:41.007189   95775 cuda_executor.cc:1176] [0] Failed to allocate device memory of 420.14MiB (440549888 bytes): RESOURCE_EXHAUSTED: : CUDA_ERROR_OUT_OF_MEMORY: out of memory
=== Source Location Trace: === 
external/xla/xla/stream_executor/cuda/cuda_status.cc:45
external/xla/xla/stream_executor/cuda/cuda_device_allocator.cc:226
external/xla/xla/stream_executor/cuda/cuda_device_allocator.cc:403

E0728 07:23:41.007224   95775 cuda_executor.cc:1176] [0] Failed to allocate device memory of 378.13MiB (396495104 bytes): RESOURCE_EXHAUSTED: : CUDA_ERROR_OUT_OF_MEMORY: out of memory
=== Source Location Trace: === 
external/xla/xla/stream_executor/cuda/cuda_status.cc:45
external/xla/xla/stream_executor/cuda/cuda_device_allocator.cc:226
external/xla/xla/stream_executor/cuda/cuda_device_allocator.cc:403

E0728 07:23:41.007259   95775 cuda_executor.cc:1176] [0] Failed to allocate device memory of 340.31MiB (356845824 bytes): RESOURCE_EXHAUSTED: : CUDA_ERROR_OUT_OF_MEMORY: out of memory
=== Source Location Trace: === 
external/xla/xla/stream_executor/cuda/cuda_status.cc:45
external/xla/xla/stream_executor/cuda/cuda_device_allocator.cc:226
external/xla/xla/stream_executor/cuda/cuda_device_allocator.cc:403

E0728 07:23:41.007298   95775 cuda_executor.cc:1176] [0] Failed to allocate device memory of 306.28MiB (321161472 bytes): RESOURCE_EXHAUSTED: : CUDA_ERROR_OUT_OF_MEMORY: out of memory
=== Source Location Trace: === 
external/xla/xla/stream_executor/cuda/cuda_status.cc:45
external/xla/xla/stream_executor/cuda/cuda_device_allocator.cc:226
external/xla/xla/stream_executor/cuda/cuda_device_allocator.cc:403

E0728 07:23:41.007333   95775 cuda_executor.cc:1176] [0] Failed to allocate device memory of 275.66MiB (289045504 bytes): RESOURCE_EXHAUSTED: : CUDA_ERROR_OUT_OF_MEMORY: out of memory
=== Source Location Trace: === 
external/xla/xla/stream_executor/cuda/cuda_status.cc:45
external/xla/xla/stream_executor/cuda/cuda_device_allocator.cc:226
external/xla/xla/stream_executor/cuda/cuda_device_allocator.cc:403

E0728 07:23:41.007368   95775 cuda_executor.cc:1176] [0] Failed to allocate device memory of 248.09MiB (260141056 bytes): RESOURCE_EXHAUSTED: : CUDA_ERROR_OUT_OF_MEMORY: out of memory
=== Source Location Trace: === 
external/xla/xla/stream_executor/cuda/cuda_status.cc:45
external/xla/xla/stream_executor/cuda/cuda_device_allocator.cc:226
external/xla/xla/stream_executor/cuda/cuda_device_allocator.cc:403

E0728 07:23:41.007403   95775 cuda_executor.cc:1176] [0] Failed to allocate device memory of 223.28MiB (234127104 bytes): RESOURCE_EXHAUSTED: : CUDA_ERROR_OUT_OF_MEMORY: out of memory
=== Source Location Trace: === 
external/xla/xla/stream_executor/cuda/cuda_status.cc:45
external/xla/xla/stream_executor/cuda/cuda_device_allocator.cc:226
external/xla/xla/stream_executor/cuda/cuda_device_allocator.cc:403

E0728 07:23:41.007438   95775 cuda_executor.cc:1176] [0] Failed to allocate device memory of 200.95MiB (210714624 bytes): RESOURCE_EXHAUSTED: : CUDA_ERROR_OUT_OF_MEMORY: out of memory
=== Source Location Trace: === 
external/xla/xla/stream_executor/cuda/cuda_status.cc:45
external/xla/xla/stream_executor/cuda/cuda_device_allocator.cc:226
external/xla/xla/stream_executor/cuda/cuda_device_allocator.cc:403

E0728 07:23:41.007473   95775 cuda_executor.cc:1176] [0] Failed to allocate device memory of 180.86MiB (189643264 bytes): RESOURCE_EXHAUSTED: : CUDA_ERROR_OUT_OF_MEMORY: out of memory
=== Source Location Trace: === 
external/xla/xla/stream_executor/cuda/cuda_status.cc:45
external/xla/xla/stream_executor/cuda/cuda_device_allocator.cc:226
external/xla/xla/stream_executor/cuda/cuda_device_allocator.cc:403

E0728 07:23:41.007507   95775 cuda_executor.cc:1176] [0] Failed to allocate device memory of 162.77MiB (170679040 bytes): RESOURCE_EXHAUSTED: : CUDA_ERROR_OUT_OF_MEMORY: out of memory
=== Source Location Trace: === 
external/xla/xla/stream_executor/cuda/cuda_status.cc:45
external/xla/xla/stream_executor/cuda/cuda_device_allocator.cc:226
external/xla/xla/stream_executor/cuda/cuda_device_allocator.cc:403

E0728 07:23:41.007542   95775 cuda_executor.cc:1176] [0] Failed to allocate device memory of 146.50MiB (153611264 bytes): RESOURCE_EXHAUSTED: : CUDA_ERROR_OUT_OF_MEMORY: out of memory
=== Source Location Trace: === 
external/xla/xla/stream_executor/cuda/cuda_status.cc:45
external/xla/xla/stream_executor/cuda/cuda_device_allocator.cc:226
external/xla/xla/stream_executor/cuda/cuda_device_allocator.cc:403

E0728 07:23:41.007577   95775 cuda_executor.cc:1176] [0] Failed to allocate device memory of 131.85MiB (138250240 bytes): RESOURCE_EXHAUSTED: : CUDA_ERROR_OUT_OF_MEMORY: out of memory
=== Source Location Trace: === 
external/xla/xla/stream_executor/cuda/cuda_status.cc:45
external/xla/xla/stream_executor/cuda/cuda_device_allocator.cc:226
external/xla/xla/stream_executor/cuda/cuda_device_allocator.cc:403

E0728 07:23:41.007612   95775 cuda_executor.cc:1176] [0] Failed to allocate device memory of 118.66MiB (124425216 bytes): RESOURCE_EXHAUSTED: : CUDA_ERROR_OUT_OF_MEMORY: out of memory
=== Source Location Trace: === 
external/xla/xla/stream_executor/cuda/cuda_status.cc:45
external/xla/xla/stream_executor/cuda/cuda_device_allocator.cc:226
external/xla/xla/stream_executor/cuda/cuda_device_allocator.cc:403

E0728 07:23:41.007649   95775 cuda_executor.cc:1176] [0] Failed to allocate device memory of 106.79MiB (111982848 bytes): RESOURCE_EXHAUSTED: : CUDA_ERROR_OUT_OF_MEMORY: out of memory
=== Source Location Trace: === 
external/xla/xla/stream_executor/cuda/cuda_status.cc:45
external/xla/xla/stream_executor/cuda/cuda_device_allocator.cc:226
external/xla/xla/stream_executor/cuda/cuda_device_allocator.cc:403

E0728 07:23:41.007684   95775 cuda_executor.cc:1176] [0] Failed to allocate device memory of 96.12MiB (100784640 bytes): RESOURCE_EXHAUSTED: : CUDA_ERROR_OUT_OF_MEMORY: out of memory
=== Source Location Trace: === 
external/xla/xla/stream_executor/cuda/cuda_status.cc:45
external/xla/xla/stream_executor/cuda/cuda_device_allocator.cc:226
external/xla/xla/stream_executor/cuda/cuda_device_allocator.cc:403

E0728 07:23:41.007719   95775 cuda_executor.cc:1176] [0] Failed to allocate device memory of 86.50MiB (90706176 bytes): RESOURCE_EXHAUSTED: : CUDA_ERROR_OUT_OF_MEMORY: out of memory
=== Source Location Trace: === 
external/xla/xla/stream_executor/cuda/cuda_status.cc:45
external/xla/xla/stream_executor/cuda/cuda_device_allocator.cc:226
external/xla/xla/stream_executor/cuda/cuda_device_allocator.cc:403

E0728 07:23:41.007753   95775 cuda_executor.cc:1176] [0] Failed to allocate device memory of 77.85MiB (81635584 bytes): RESOURCE_EXHAUSTED: : CUDA_ERROR_OUT_OF_MEMORY: out of memory
=== Source Location Trace: === 
external/xla/xla/stream_executor/cuda/cuda_status.cc:45
external/xla/xla/stream_executor/cuda/cuda_device_allocator.cc:226
external/xla/xla/stream_executor/cuda/cuda_device_allocator.cc:403

E0728 07:23:41.007788   95775 cuda_executor.cc:1176] [0] Failed to allocate device memory of 70.07MiB (73472256 bytes): RESOURCE_EXHAUSTED: : CUDA_ERROR_OUT_OF_MEMORY: out of memory
=== Source Location Trace: === 
external/xla/xla/stream_executor/cuda/cuda_status.cc:45
external/xla/xla/stream_executor/cuda/cuda_device_allocator.cc:226
external/xla/xla/stream_executor/cuda/cuda_device_allocator.cc:403

E0728 07:23:41.007823   95775 cuda_executor.cc:1176] [0] Failed to allocate device memory of 63.06MiB (66125056 bytes): RESOURCE_EXHAUSTED: : CUDA_ERROR_OUT_OF_MEMORY: out of memory
=== Source Location Trace: === 
external/xla/xla/stream_executor/cuda/cuda_status.cc:45
external/xla/xla/stream_executor/cuda/cuda_device_allocator.cc:226
external/xla/xla/stream_executor/cuda/cuda_device_allocator.cc:403

E0728 07:23:41.007857   95775 cuda_executor.cc:1176] [0] Failed to allocate device memory of 56.75MiB (59512576 bytes): RESOURCE_EXHAUSTED: : CUDA_ERROR_OUT_OF_MEMORY: out of memory
=== Source Location Trace: === 
external/xla/xla/stream_executor/cuda/cuda_status.cc:45
external/xla/xla/stream_executor/cuda/cuda_device_allocator.cc:226
external/xla/xla/stream_executor/cuda/cuda_device_allocator.cc:403

E0728 07:23:41.007896   95775 cuda_executor.cc:1176] [0] Failed to allocate device memory of 51.08MiB (53561344 bytes): RESOURCE_EXHAUSTED: : CUDA_ERROR_OUT_OF_MEMORY: out of memory
=== Source Location Trace: === 
external/xla/xla/stream_executor/cuda/cuda_status.cc:45
external/xla/xla/stream_executor/cuda/cuda_device_allocator.cc:226
external/xla/xla/stream_executor/cuda/cuda_device_allocator.cc:403

E0728 07:23:41.007932   95775 cuda_executor.cc:1176] [0] Failed to allocate device memory of 45.97MiB (48205312 bytes): RESOURCE_EXHAUSTED: : CUDA_ERROR_OUT_OF_MEMORY: out of memory
=== Source Location Trace: === 
external/xla/xla/stream_executor/cuda/cuda_status.cc:45
external/xla/xla/stream_executor/cuda/cuda_device_allocator.cc:226
external/xla/xla/stream_executor/cuda/cuda_device_allocator.cc:403

E0728 07:23:41.008816   95775 cuda_executor.cc:1176] [0] Failed to allocate device memory of 64.44GiB (69195530240 bytes): RESOURCE_EXHAUSTED: : CUDA_ERROR_OUT_OF_MEMORY: out of memory
=== Source Location Trace: === 
external/xla/xla/stream_executor/cuda/cuda_status.cc:45
external/xla/xla/stream_executor/cuda/cuda_device_allocator.cc:226
external/xla/xla/stream_executor/cuda/cuda_device_allocator.cc:403

E0728 07:23:41.008922   95775 cuda_executor.cc:1176] [0] Failed to allocate device memory of 58.00GiB (62275977216 bytes): RESOURCE_EXHAUSTED: : CUDA_ERROR_OUT_OF_MEMORY: out of memory
=== Source Location Trace: === 
external/xla/xla/stream_executor/cuda/cuda_status.cc:45
external/xla/xla/stream_executor/cuda/cuda_device_allocator.cc:226
external/xla/xla/stream_executor/cuda/cuda_device_allocator.cc:403

E0728 07:23:41.008990   95775 cuda_executor.cc:1176] [0] Failed to allocate device memory of 52.20GiB (56048377856 bytes): RESOURCE_EXHAUSTED: : CUDA_ERROR_OUT_OF_MEMORY: out of memory
=== Source Location Trace: === 
external/xla/xla/stream_executor/cuda/cuda_status.cc:45
external/xla/xla/stream_executor/cuda/cuda_device_allocator.cc:226
external/xla/xla/stream_executor/cuda/cuda_device_allocator.cc:403

E0728 07:23:41.009051   95775 cuda_executor.cc:1176] [0] Failed to allocate device memory of 46.98GiB (50443538432 bytes): RESOURCE_EXHAUSTED: : CUDA_ERROR_OUT_OF_MEMORY: out of memory
=== Source Location Trace: === 
external/xla/xla/stream_executor/cuda/cuda_status.cc:45
external/xla/xla/stream_executor/cuda/cuda_device_allocator.cc:226
external/xla/xla/stream_executor/cuda/cuda_device_allocator.cc:403

E0728 07:23:41.009120   95775 cuda_executor.cc:1176] [0] Failed to allocate device memory of 42.28GiB (45399183360 bytes): RESOURCE_EXHAUSTED: : CUDA_ERROR_OUT_OF_MEMORY: out of memory
=== Source Location Trace: === 
external/xla/xla/stream_executor/cuda/cuda_status.cc:45
external/xla/xla/stream_executor/cuda/cuda_device_allocator.cc:226
external/xla/xla/stream_executor/cuda/cuda_device_allocator.cc:403

E0728 07:23:41.009178   95775 cuda_executor.cc:1176] [0] Failed to allocate device memory of 38.05GiB (40859262976 bytes): RESOURCE_EXHAUSTED: : CUDA_ERROR_OUT_OF_MEMORY: out of memory
=== Source Location Trace: === 
external/xla/xla/stream_executor/cuda/cuda_status.cc:45
external/xla/xla/stream_executor/cuda/cuda_device_allocator.cc:226
external/xla/xla/stream_executor/cuda/cuda_device_allocator.cc:403

E0728 07:23:41.009231   95775 cuda_executor.cc:1176] [0] Failed to allocate device memory of 34.25GiB (36773335040 bytes): RESOURCE_EXHAUSTED: : CUDA_ERROR_OUT_OF_MEMORY: out of memory
=== Source Location Trace: === 
external/xla/xla/stream_executor/cuda/cuda_status.cc:45
external/xla/xla/stream_executor/cuda/cuda_device_allocator.cc:226
external/xla/xla/stream_executor/cuda/cuda_device_allocator.cc:403

E0728 07:23:41.009296   95775 cuda_executor.cc:1176] [0] Failed to allocate device memory of 30.82GiB (33096001536 bytes): RESOURCE_EXHAUSTED: : CUDA_ERROR_OUT_OF_MEMORY: out of memory
=== Source Location Trace: === 
external/xla/xla/stream_executor/cuda/cuda_status.cc:45
external/xla/xla/stream_executor/cuda/cuda_device_allocator.cc:226
external/xla/xla/stream_executor/cuda/cuda_device_allocator.cc:403

E0728 07:23:41.009343   95775 cuda_executor.cc:1176] [0] Failed to allocate device memory of 27.74GiB (29786400768 bytes): RESOURCE_EXHAUSTED: : CUDA_ERROR_OUT_OF_MEMORY: out of memory
=== Source Location Trace: === 
external/xla/xla/stream_executor/cuda/cuda_status.cc:45
external/xla/xla/stream_executor/cuda/cuda_device_allocator.cc:226
external/xla/xla/stream_executor/cuda/cuda_device_allocator.cc:403

E0728 07:23:41.009390   95775 cuda_executor.cc:1176] [0] Failed to allocate device memory of 24.97GiB (26807760896 bytes): RESOURCE_EXHAUSTED: : CUDA_ERROR_OUT_OF_MEMORY: out of memory
=== Source Location Trace: === 
external/xla/xla/stream_executor/cuda/cuda_status.cc:45
external/xla/xla/stream_executor/cuda/cuda_device_allocator.cc:226
external/xla/xla/stream_executor/cuda/cuda_device_allocator.cc:403

E0728 07:23:41.009435   95775 cuda_executor.cc:1176] [0] Failed to allocate device memory of 22.47GiB (24126984192 bytes): RESOURCE_EXHAUSTED: : CUDA_ERROR_OUT_OF_MEMORY: out of memory
=== Source Location Trace: === 
external/xla/xla/stream_executor/cuda/cuda_status.cc:45
external/xla/xla/stream_executor/cuda/cuda_device_allocator.cc:226
external/xla/xla/stream_executor/cuda/cuda_device_allocator.cc:403

E0728 07:23:41.009482   95775 cuda_executor.cc:1176] [0] Failed to allocate device memory of 20.22GiB (21714284544 bytes): RESOURCE_EXHAUSTED: : CUDA_ERROR_OUT_OF_MEMORY: out of memory
=== Source Location Trace: === 
external/xla/xla/stream_executor/cuda/cuda_status.cc:45
external/xla/xla/stream_executor/cuda/cuda_device_allocator.cc:226
external/xla/xla/stream_executor/cuda/cuda_device_allocator.cc:403

E0728 07:23:41.009525   95775 cuda_executor.cc:1176] [0] Failed to allocate device memory of 18.20GiB (19542855680 bytes): RESOURCE_EXHAUSTED: : CUDA_ERROR_OUT_OF_MEMORY: out of memory
=== Source Location Trace: === 
external/xla/xla/stream_executor/cuda/cuda_status.cc:45
external/xla/xla/stream_executor/cuda/cuda_device_allocator.cc:226
external/xla/xla/stream_executor/cuda/cuda_device_allocator.cc:403

E0728 07:23:41.009568   95775 cuda_executor.cc:1176] [0] Failed to allocate device memory of 16.38GiB (17588570112 bytes): RESOURCE_EXHAUSTED: : CUDA_ERROR_OUT_OF_MEMORY: out of memory
=== Source Location Trace: === 
external/xla/xla/stream_executor/cuda/cuda_status.cc:45
external/xla/xla/stream_executor/cuda/cuda_device_allocator.cc:226
external/xla/xla/stream_executor/cuda/cuda_device_allocator.cc:403

E0728 07:23:41.009614   95775 cuda_executor.cc:1176] [0] Failed to allocate device memory of 14.74GiB (15829712896 bytes): RESOURCE_EXHAUSTED: : CUDA_ERROR_OUT_OF_MEMORY: out of memory
=== Source Location Trace: === 
external/xla/xla/stream_executor/cuda/cuda_status.cc:45
external/xla/xla/stream_executor/cuda/cuda_device_allocator.cc:226
external/xla/xla/stream_executor/cuda/cuda_device_allocator.cc:403

E0728 07:23:41.009654   95775 cuda_executor.cc:1176] [0] Failed to allocate device memory of 13.27GiB (14246740992 bytes): RESOURCE_EXHAUSTED: : CUDA_ERROR_OUT_OF_MEMORY: out of memory
=== Source Location Trace: === 
external/xla/xla/stream_executor/cuda/cuda_status.cc:45
external/xla/xla/stream_executor/cuda/cuda_device_allocator.cc:226
external/xla/xla/stream_executor/cuda/cuda_device_allocator.cc:403

E0728 07:23:41.009693   95775 cuda_executor.cc:1176] [0] Failed to allocate device memory of 11.94GiB (12822066176 bytes): RESOURCE_EXHAUSTED: : CUDA_ERROR_OUT_OF_MEMORY: out of memory
=== Source Location Trace: === 
external/xla/xla/stream_executor/cuda/cuda_status.cc:45
external/xla/xla/stream_executor/cuda/cuda_device_allocator.cc:226
external/xla/xla/stream_executor/cuda/cuda_device_allocator.cc:403

E0728 07:23:41.009731   95775 cuda_executor.cc:1176] [0] Failed to allocate device memory of 10.75GiB (11539859456 bytes): RESOURCE_EXHAUSTED: : CUDA_ERROR_OUT_OF_MEMORY: out of memory
=== Source Location Trace: === 
external/xla/xla/stream_executor/cuda/cuda_status.cc:45
external/xla/xla/stream_executor/cuda/cuda_device_allocator.cc:226
external/xla/xla/stream_executor/cuda/cuda_device_allocator.cc:403

E0728 07:23:41.009769   95775 cuda_executor.cc:1176] [0] Failed to allocate device memory of 9.67GiB (10385872896 bytes): RESOURCE_EXHAUSTED: : CUDA_ERROR_OUT_OF_MEMORY: out of memory
=== Source Location Trace: === 
external/xla/xla/stream_executor/cuda/cuda_status.cc:45
external/xla/xla/stream_executor/cuda/cuda_device_allocator.cc:226
external/xla/xla/stream_executor/cuda/cuda_device_allocator.cc:403

E0728 07:23:41.009807   95775 cuda_executor.cc:1176] [0] Failed to allocate device memory of 8.71GiB (9347284992 bytes): RESOURCE_EXHAUSTED: : CUDA_ERROR_OUT_OF_MEMORY: out of memory
=== Source Location Trace: === 
external/xla/xla/stream_executor/cuda/cuda_status.cc:45
external/xla/xla/stream_executor/cuda/cuda_device_allocator.cc:226
external/xla/xla/stream_executor/cuda/cuda_device_allocator.cc:403

E0728 07:23:41.009847   95775 cuda_executor.cc:1176] [0] Failed to allocate device memory of 7.83GiB (8412556288 bytes): RESOURCE_EXHAUSTED: : CUDA_ERROR_OUT_OF_MEMORY: out of memory
=== Source Location Trace: === 
external/xla/xla/stream_executor/cuda/cuda_status.cc:45
external/xla/xla/stream_executor/cuda/cuda_device_allocator.cc:226
external/xla/xla/stream_executor/cuda/cuda_device_allocator.cc:403

E0728 07:23:41.009890   95775 cuda_executor.cc:1176] [0] Failed to allocate device memory of 7.05GiB (7571300352 bytes): RESOURCE_EXHAUSTED: : CUDA_ERROR_OUT_OF_MEMORY: out of memory
=== Source Location Trace: === 
external/xla/xla/stream_executor/cuda/cuda_status.cc:45
external/xla/xla/stream_executor/cuda/cuda_device_allocator.cc:226
external/xla/xla/stream_executor/cuda/cuda_device_allocator.cc:403

E0728 07:23:41.009933   95775 cuda_executor.cc:1176] [0] Failed to allocate device memory of 6.35GiB (6814170112 bytes): RESOURCE_EXHAUSTED: : CUDA_ERROR_OUT_OF_MEMORY: out of memory
=== Source Location Trace: === 
external/xla/xla/stream_executor/cuda/cuda_status.cc:45
external/xla/xla/stream_executor/cuda/cuda_device_allocator.cc:226
external/xla/xla/stream_executor/cuda/cuda_device_allocator.cc:403

E0728 07:23:41.009973   95775 cuda_executor.cc:1176] [0] Failed to allocate device memory of 5.71GiB (6132752896 bytes): RESOURCE_EXHAUSTED: : CUDA_ERROR_OUT_OF_MEMORY: out of memory
=== Source Location Trace: === 
external/xla/xla/stream_executor/cuda/cuda_status.cc:45
external/xla/xla/stream_executor/cuda/cuda_device_allocator.cc:226
external/xla/xla/stream_executor/cuda/cuda_device_allocator.cc:403

E0728 07:23:41.010012   95775 cuda_executor.cc:1176] [0] Failed to allocate device memory of 5.14GiB (5519477248 bytes): RESOURCE_EXHAUSTED: : CUDA_ERROR_OUT_OF_MEMORY: out of memory
=== Source Location Trace: === 
external/xla/xla/stream_executor/cuda/cuda_status.cc:45
external/xla/xla/stream_executor/cuda/cuda_device_allocator.cc:226
external/xla/xla/stream_executor/cuda/cuda_device_allocator.cc:403

E0728 07:23:41.010050   95775 cuda_executor.cc:1176] [0] Failed to allocate device memory of 4.63GiB (4967529472 bytes): RESOURCE_EXHAUSTED: : CUDA_ERROR_OUT_OF_MEMORY: out of memory
=== Source Location Trace: === 
external/xla/xla/stream_executor/cuda/cuda_status.cc:45
external/xla/xla/stream_executor/cuda/cuda_device_allocator.cc:226
external/xla/xla/stream_executor/cuda/cuda_device_allocator.cc:403

E0728 07:23:41.010093   95775 cuda_executor.cc:1176] [0] Failed to allocate device memory of 4.16GiB (4470776320 bytes): RESOURCE_EXHAUSTED: : CUDA_ERROR_OUT_OF_MEMORY: out of memory
=== Source Location Trace: === 
external/xla/xla/stream_executor/cuda/cuda_status.cc:45
external/xla/xla/stream_executor/cuda/cuda_device_allocator.cc:226
external/xla/xla/stream_executor/cuda/cuda_device_allocator.cc:403

E0728 07:23:41.010134   95775 cuda_executor.cc:1176] [0] Failed to allocate device memory of 3.75GiB (4023698688 bytes): RESOURCE_EXHAUSTED: : CUDA_ERROR_OUT_OF_MEMORY: out of memory
=== Source Location Trace: === 
external/xla/xla/stream_executor/cuda/cuda_status.cc:45
external/xla/xla/stream_executor/cuda/cuda_device_allocator.cc:226
external/xla/xla/stream_executor/cuda/cuda_device_allocator.cc:403

E0728 07:23:41.010171   95775 cuda_executor.cc:1176] [0] Failed to allocate device memory of 3.37GiB (3621328640 bytes): RESOURCE_EXHAUSTED: : CUDA_ERROR_OUT_OF_MEMORY: out of memory
=== Source Location Trace: === 
external/xla/xla/stream_executor/cuda/cuda_status.cc:45
external/xla/xla/stream_executor/cuda/cuda_device_allocator.cc:226
external/xla/xla/stream_executor/cuda/cuda_device_allocator.cc:403

E0728 07:23:41.010207   95775 cuda_executor.cc:1176] [0] Failed to allocate device memory of 3.04GiB (3259195648 bytes): RESOURCE_EXHAUSTED: : CUDA_ERROR_OUT_OF_MEMORY: out of memory
=== Source Location Trace: === 
external/xla/xla/stream_executor/cuda/cuda_status.cc:45
external/xla/xla/stream_executor/cuda/cuda_device_allocator.cc:226
external/xla/xla/stream_executor/cuda/cuda_device_allocator.cc:403

E0728 07:23:41.010244   95775 cuda_executor.cc:1176] [0] Failed to allocate device memory of 2.73GiB (2933275904 bytes): RESOURCE_EXHAUSTED: : CUDA_ERROR_OUT_OF_MEMORY: out of memory
=== Source Location Trace: === 
external/xla/xla/stream_executor/cuda/cuda_status.cc:45
external/xla/xla/stream_executor/cuda/cuda_device_allocator.cc:226
external/xla/xla/stream_executor/cuda/cuda_device_allocator.cc:403

E0728 07:23:41.010282   95775 cuda_executor.cc:1176] [0] Failed to allocate device memory of 2.46GiB (2639948288 bytes): RESOURCE_EXHAUSTED: : CUDA_ERROR_OUT_OF_MEMORY: out of memory
=== Source Location Trace: === 
external/xla/xla/stream_executor/cuda/cuda_status.cc:45
external/xla/xla/stream_executor/cuda/cuda_device_allocator.cc:226
external/xla/xla/stream_executor/cuda/cuda_device_allocator.cc:403

E0728 07:23:41.010318   95775 cuda_executor.cc:1176] [0] Failed to allocate device memory of 2.21GiB (2375953408 bytes): RESOURCE_EXHAUSTED: : CUDA_ERROR_OUT_OF_MEMORY: out of memory
=== Source Location Trace: === 
external/xla/xla/stream_executor/cuda/cuda_status.cc:45
external/xla/xla/stream_executor/cuda/cuda_device_allocator.cc:226
external/xla/xla/stream_executor/cuda/cuda_device_allocator.cc:403

E0728 07:23:41.010353   95775 cuda_executor.cc:1176] [0] Failed to allocate device memory of 1.99GiB (2138358016 bytes): RESOURCE_EXHAUSTED: : CUDA_ERROR_OUT_OF_MEMORY: out of memory
=== Source Location Trace: === 
external/xla/xla/stream_executor/cuda/cuda_status.cc:45
external/xla/xla/stream_executor/cuda/cuda_device_allocator.cc:226
external/xla/xla/stream_executor/cuda/cuda_device_allocator.cc:403

E0728 07:23:41.010390   95775 cuda_executor.cc:1176] [0] Failed to allocate device memory of 1.79GiB (1924522240 bytes): RESOURCE_EXHAUSTED: : CUDA_ERROR_OUT_OF_MEMORY: out of memory
=== Source Location Trace: === 
external/xla/xla/stream_executor/cuda/cuda_status.cc:45
external/xla/xla/stream_executor/cuda/cuda_device_allocator.cc:226
external/xla/xla/stream_executor/cuda/cuda_device_allocator.cc:403

E0728 07:23:41.010426   95775 cuda_executor.cc:1176] [0] Failed to allocate device memory of 1.61GiB (1732070144 bytes): RESOURCE_EXHAUSTED: : CUDA_ERROR_OUT_OF_MEMORY: out of memory
=== Source Location Trace: === 
external/xla/xla/stream_executor/cuda/cuda_status.cc:45
external/xla/xla/stream_executor/cuda/cuda_device_allocator.cc:226
external/xla/xla/stream_executor/cuda/cuda_device_allocator.cc:403

E0728 07:23:41.010461   95775 cuda_executor.cc:1176] [0] Failed to allocate device memory of 1.45GiB (1558863104 bytes): RESOURCE_EXHAUSTED: : CUDA_ERROR_OUT_OF_MEMORY: out of memory
=== Source Location Trace: === 
external/xla/xla/stream_executor/cuda/cuda_status.cc:45
external/xla/xla/stream_executor/cuda/cuda_device_allocator.cc:226
external/xla/xla/stream_executor/cuda/cuda_device_allocator.cc:403

E0728 07:23:41.010496   95775 cuda_executor.cc:1176] [0] Failed to allocate device memory of 1.31GiB (1402976768 bytes): RESOURCE_EXHAUSTED: : CUDA_ERROR_OUT_OF_MEMORY: out of memory
=== Source Location Trace: === 
external/xla/xla/stream_executor/cuda/cuda_status.cc:45
external/xla/xla/stream_executor/cuda/cuda_device_allocator.cc:226
external/xla/xla/stream_executor/cuda/cuda_device_allocator.cc:403

E0728 07:23:41.010531   95775 cuda_executor.cc:1176] [0] Failed to allocate device memory of 1.18GiB (1262679040 bytes): RESOURCE_EXHAUSTED: : CUDA_ERROR_OUT_OF_MEMORY: out of memory
=== Source Location Trace: === 
external/xla/xla/stream_executor/cuda/cuda_status.cc:45
external/xla/xla/stream_executor/cuda/cuda_device_allocator.cc:226
external/xla/xla/stream_executor/cuda/cuda_device_allocator.cc:403

E0728 07:23:41.010567   95775 cuda_executor.cc:1176] [0] Failed to allocate device memory of 1.06GiB (1136411136 bytes): RESOURCE_EXHAUSTED: : CUDA_ERROR_OUT_OF_MEMORY: out of memory
=== Source Location Trace: === 
external/xla/xla/stream_executor/cuda/cuda_status.cc:45
external/xla/xla/stream_executor/cuda/cuda_device_allocator.cc:226
external/xla/xla/stream_executor/cuda/cuda_device_allocator.cc:403

E0728 07:23:41.010603   95775 cuda_executor.cc:1176] [0] Failed to allocate device memory of 975.39MiB (1022770176 bytes): RESOURCE_EXHAUSTED: : CUDA_ERROR_OUT_OF_MEMORY: out of memory
=== Source Location Trace: === 
external/xla/xla/stream_executor/cuda/cuda_status.cc:45
external/xla/xla/stream_executor/cuda/cuda_device_allocator.cc:226
external/xla/xla/stream_executor/cuda/cuda_device_allocator.cc:403

E0728 07:23:41.010638   95775 cuda_executor.cc:1176] [0] Failed to allocate device memory of 877.85MiB (920493312 bytes): RESOURCE_EXHAUSTED: : CUDA_ERROR_OUT_OF_MEMORY: out of memory
=== Source Location Trace: === 
external/xla/xla/stream_executor/cuda/cuda_status.cc:45
external/xla/xla/stream_executor/cuda/cuda_device_allocator.cc:226
external/xla/xla/stream_executor/cuda/cuda_device_allocator.cc:403

E0728 07:23:41.010675   95775 cuda_executor.cc:1176] [0] Failed to allocate device memory of 790.07MiB (828444160 bytes): RESOURCE_EXHAUSTED: : CUDA_ERROR_OUT_OF_MEMORY: out of memory
=== Source Location Trace: === 
external/xla/xla/stream_executor/cuda/cuda_status.cc:45
external/xla/xla/stream_executor/cuda/cuda_device_allocator.cc:226
external/xla/xla/stream_executor/cuda/cuda_device_allocator.cc:403

E0728 07:23:41.010709   95775 cuda_executor.cc:1176] [0] Failed to allocate device memory of 711.06MiB (745599744 bytes): RESOURCE_EXHAUSTED: : CUDA_ERROR_OUT_OF_MEMORY: out of memory
=== Source Location Trace: === 
external/xla/xla/stream_executor/cuda/cuda_status.cc:45
external/xla/xla/stream_executor/cuda/cuda_device_allocator.cc:226
external/xla/xla/stream_executor/cuda/cuda_device_allocator.cc:403

E0728 07:23:41.010744   95775 cuda_executor.cc:1176] [0] Failed to allocate device memory of 639.95MiB (671039744 bytes): RESOURCE_EXHAUSTED: : CUDA_ERROR_OUT_OF_MEMORY: out of memory
=== Source Location Trace: === 
external/xla/xla/stream_executor/cuda/cuda_status.cc:45
external/xla/xla/stream_executor/cuda/cuda_device_allocator.cc:226
external/xla/xla/stream_executor/cuda/cuda_device_allocator.cc:403

E0728 07:23:41.010779   95775 cuda_executor.cc:1176] [0] Failed to allocate device memory of 575.96MiB (603935744 bytes): RESOURCE_EXHAUSTED: : CUDA_ERROR_OUT_OF_MEMORY: out of memory
=== Source Location Trace: === 
external/xla/xla/stream_executor/cuda/cuda_status.cc:45
external/xla/xla/stream_executor/cuda/cuda_device_allocator.cc:226
external/xla/xla/stream_executor/cuda/cuda_device_allocator.cc:403

E0728 07:23:41.010814   95775 cuda_executor.cc:1176] [0] Failed to allocate device memory of 518.36MiB (543542272 bytes): RESOURCE_EXHAUSTED: : CUDA_ERROR_OUT_OF_MEMORY: out of memory
=== Source Location Trace: === 
external/xla/xla/stream_executor/cuda/cuda_status.cc:45
external/xla/xla/stream_executor/cuda/cuda_device_allocator.cc:226
external/xla/xla/stream_executor/cuda/cuda_device_allocator.cc:403

E0728 07:23:41.010850   95775 cuda_executor.cc:1176] [0] Failed to allocate device memory of 466.53MiB (489188096 bytes): RESOURCE_EXHAUSTED: : CUDA_ERROR_OUT_OF_MEMORY: out of memory
=== Source Location Trace: === 
external/xla/xla/stream_executor/cuda/cuda_status.cc:45
external/xla/xla/stream_executor/cuda/cuda_device_allocator.cc:226
external/xla/xla/stream_executor/cuda/cuda_device_allocator.cc:403

E0728 07:23:41.010884   95775 cuda_executor.cc:1176] [0] Failed to allocate device memory of 419.87MiB (440269312 bytes): RESOURCE_EXHAUSTED: : CUDA_ERROR_OUT_OF_MEMORY: out of memory
=== Source Location Trace: === 
external/xla/xla/stream_executor/cuda/cuda_status.cc:45
external/xla/xla/stream_executor/cuda/cuda_device_allocator.cc:226
external/xla/xla/stream_executor/cuda/cuda_device_allocator.cc:403

E0728 07:23:41.010923   95775 cuda_executor.cc:1176] [0] Failed to allocate device memory of 377.89MiB (396242432 bytes): RESOURCE_EXHAUSTED: : CUDA_ERROR_OUT_OF_MEMORY: out of memory
=== Source Location Trace: === 
external/xla/xla/stream_executor/cuda/cuda_status.cc:45
external/xla/xla/stream_executor/cuda/cuda_device_allocator.cc:226
external/xla/xla/stream_executor/cuda/cuda_device_allocator.cc:403

E0728 07:23:41.010959   95775 cuda_executor.cc:1176] [0] Failed to allocate device memory of 340.10MiB (356618240 bytes): RESOURCE_EXHAUSTED: : CUDA_ERROR_OUT_OF_MEMORY: out of memory
=== Source Location Trace: === 
external/xla/xla/stream_executor/cuda/cuda_status.cc:45
external/xla/xla/stream_executor/cuda/cuda_device_allocator.cc:226
external/xla/xla/stream_executor/cuda/cuda_device_allocator.cc:403

E0728 07:23:41.010993   95775 cuda_executor.cc:1176] [0] Failed to allocate device memory of 306.09MiB (320956416 bytes): RESOURCE_EXHAUSTED: : CUDA_ERROR_OUT_OF_MEMORY: out of memory
=== Source Location Trace: === 
external/xla/xla/stream_executor/cuda/cuda_status.cc:45
external/xla/xla/stream_executor/cuda/cuda_device_allocator.cc:226
external/xla/xla/stream_executor/cuda/cuda_device_allocator.cc:403

E0728 07:23:41.011029   95775 cuda_executor.cc:1176] [0] Failed to allocate device memory of 275.48MiB (288860928 bytes): RESOURCE_EXHAUSTED: : CUDA_ERROR_OUT_OF_MEMORY: out of memory
=== Source Location Trace: === 
external/xla/xla/stream_executor/cuda/cuda_status.cc:45
external/xla/xla/stream_executor/cuda/cuda_device_allocator.cc:226
external/xla/xla/stream_executor/cuda/cuda_device_allocator.cc:403

E0728 07:23:41.011064   95775 cuda_executor.cc:1176] [0] Failed to allocate device memory of 247.93MiB (259974912 bytes): RESOURCE_EXHAUSTED: : CUDA_ERROR_OUT_OF_MEMORY: out of memory
=== Source Location Trace: === 
external/xla/xla/stream_executor/cuda/cuda_status.cc:45
external/xla/xla/stream_executor/cuda/cuda_device_allocator.cc:226
external/xla/xla/stream_executor/cuda/cuda_device_allocator.cc:403

E0728 07:23:41.011111   95775 cuda_executor.cc:1176] [0] Failed to allocate device memory of 223.14MiB (233977600 bytes): RESOURCE_EXHAUSTED: : CUDA_ERROR_OUT_OF_MEMORY: out of memory
=== Source Location Trace: === 
external/xla/xla/stream_executor/cuda/cuda_status.cc:45
external/xla/xla/stream_executor/cuda/cuda_device_allocator.cc:226
external/xla/xla/stream_executor/cuda/cuda_device_allocator.cc:403

E0728 07:23:41.011148   95775 cuda_executor.cc:1176] [0] Failed to allocate device memory of 200.82MiB (210579968 bytes): RESOURCE_EXHAUSTED: : CUDA_ERROR_OUT_OF_MEMORY: out of memory
=== Source Location Trace: === 
external/xla/xla/stream_executor/cuda/cuda_status.cc:45
external/xla/xla/stream_executor/cuda/cuda_device_allocator.cc:226
external/xla/xla/stream_executor/cuda/cuda_device_allocator.cc:403

E0728 07:23:41.011182   95775 cuda_executor.cc:1176] [0] Failed to allocate device memory of 180.74MiB (189522176 bytes): RESOURCE_EXHAUSTED: : CUDA_ERROR_OUT_OF_MEMORY: out of memory
=== Source Location Trace: === 
external/xla/xla/stream_executor/cuda/cuda_status.cc:45
external/xla/xla/stream_executor/cuda/cuda_device_allocator.cc:226
external/xla/xla/stream_executor/cuda/cuda_device_allocator.cc:403

E0728 07:23:41.011217   95775 cuda_executor.cc:1176] [0] Failed to allocate device memory of 162.67MiB (170569984 bytes): RESOURCE_EXHAUSTED: : CUDA_ERROR_OUT_OF_MEMORY: out of memory
=== Source Location Trace: === 
external/xla/xla/stream_executor/cuda/cuda_status.cc:45
external/xla/xla/stream_executor/cuda/cuda_device_allocator.cc:226
external/xla/xla/stream_executor/cuda/cuda_device_allocator.cc:403

E0728 07:23:41.011251   95775 cuda_executor.cc:1176] [0] Failed to allocate device memory of 146.40MiB (153513216 bytes): RESOURCE_EXHAUSTED: : CUDA_ERROR_OUT_OF_MEMORY: out of memory
=== Source Location Trace: === 
external/xla/xla/stream_executor/cuda/cuda_status.cc:45
external/xla/xla/stream_executor/cuda/cuda_device_allocator.cc:226
external/xla/xla/stream_executor/cuda/cuda_device_allocator.cc:403

E0728 07:23:41.011285   95775 cuda_executor.cc:1176] [0] Failed to allocate device memory of 131.76MiB (138161920 bytes): RESOURCE_EXHAUSTED: : CUDA_ERROR_OUT_OF_MEMORY: out of memory
=== Source Location Trace: === 
external/xla/xla/stream_executor/cuda/cuda_status.cc:45
external/xla/xla/stream_executor/cuda/cuda_device_allocator.cc:226
external/xla/xla/stream_executor/cuda/cuda_device_allocator.cc:403

E0728 07:23:41.011320   95775 cuda_executor.cc:1176] [0] Failed to allocate device memory of 118.58MiB (124345856 bytes): RESOURCE_EXHAUSTED: : CUDA_ERROR_OUT_OF_MEMORY: out of memory
=== Source Location Trace: === 
external/xla/xla/stream_executor/cuda/cuda_status.cc:45
external/xla/xla/stream_executor/cuda/cuda_device_allocator.cc:226
external/xla/xla/stream_executor/cuda/cuda_device_allocator.cc:403

E0728 07:23:41.011355   95775 cuda_executor.cc:1176] [0] Failed to allocate device memory of 106.73MiB (111911424 bytes): RESOURCE_EXHAUSTED: : CUDA_ERROR_OUT_OF_MEMORY: out of memory
=== Source Location Trace: === 
external/xla/xla/stream_executor/cuda/cuda_status.cc:45
external/xla/xla/stream_executor/cuda/cuda_device_allocator.cc:226
external/xla/xla/stream_executor/cuda/cuda_device_allocator.cc:403

E0728 07:23:41.011391   95775 cuda_executor.cc:1176] [0] Failed to allocate device memory of 96.05MiB (100720384 bytes): RESOURCE_EXHAUSTED: : CUDA_ERROR_OUT_OF_MEMORY: out of memory
=== Source Location Trace: === 
external/xla/xla/stream_executor/cuda/cuda_status.cc:45
external/xla/xla/stream_executor/cuda/cuda_device_allocator.cc:226
external/xla/xla/stream_executor/cuda/cuda_device_allocator.cc:403

E0728 07:23:41.011426   95775 cuda_executor.cc:1176] [0] Failed to allocate device memory of 86.45MiB (90648576 bytes): RESOURCE_EXHAUSTED: : CUDA_ERROR_OUT_OF_MEMORY: out of memory
=== Source Location Trace: === 
external/xla/xla/stream_executor/cuda/cuda_status.cc:45
external/xla/xla/stream_executor/cuda/cuda_device_allocator.cc:226
external/xla/xla/stream_executor/cuda/cuda_device_allocator.cc:403

E0728 07:23:41.011460   95775 cuda_executor.cc:1176] [0] Failed to allocate device memory of 77.80MiB (81583872 bytes): RESOURCE_EXHAUSTED: : CUDA_ERROR_OUT_OF_MEMORY: out of memory
=== Source Location Trace: === 
external/xla/xla/stream_executor/cuda/cuda_status.cc:45
external/xla/xla/stream_executor/cuda/cuda_device_allocator.cc:226
external/xla/xla/stream_executor/cuda/cuda_device_allocator.cc:403

E0728 07:23:41.011494   95775 cuda_executor.cc:1176] [0] Failed to allocate device memory of 70.02MiB (73425664 bytes): RESOURCE_EXHAUSTED: : CUDA_ERROR_OUT_OF_MEMORY: out of memory
=== Source Location Trace: === 
external/xla/xla/stream_executor/cuda/cuda_status.cc:45
external/xla/xla/stream_executor/cuda/cuda_device_allocator.cc:226
external/xla/xla/stream_executor/cuda/cuda_device_allocator.cc:403

E0728 07:23:41.011528   95775 cuda_executor.cc:1176] [0] Failed to allocate device memory of 63.02MiB (66083328 bytes): RESOURCE_EXHAUSTED: : CUDA_ERROR_OUT_OF_MEMORY: out of memory
=== Source Location Trace: === 
external/xla/xla/stream_executor/cuda/cuda_status.cc:45
external/xla/xla/stream_executor/cuda/cuda_device_allocator.cc:226
external/xla/xla/stream_executor/cuda/cuda_device_allocator.cc:403

E0728 07:23:41.011563   95775 cuda_executor.cc:1176] [0] Failed to allocate device memory of 56.72MiB (59475200 bytes): RESOURCE_EXHAUSTED: : CUDA_ERROR_OUT_OF_MEMORY: out of memory
=== Source Location Trace: === 
external/xla/xla/stream_executor/cuda/cuda_status.cc:45
external/xla/xla/stream_executor/cuda/cuda_device_allocator.cc:226
external/xla/xla/stream_executor/cuda/cuda_device_allocator.cc:403

E0728 07:23:41.011598   95775 cuda_executor.cc:1176] [0] Failed to allocate device memory of 51.05MiB (53527808 bytes): RESOURCE_EXHAUSTED: : CUDA_ERROR_OUT_OF_MEMORY: out of memory
=== Source Location Trace: === 
external/xla/xla/stream_executor/cuda/cuda_status.cc:45
external/xla/xla/stream_executor/cuda/cuda_device_allocator.cc:226
external/xla/xla/stream_executor/cuda/cuda_device_allocator.cc:403

E0728 07:23:41.011632   95775 cuda_executor.cc:1176] [0] Failed to allocate device memory of 45.94MiB (48175104 bytes): RESOURCE_EXHAUSTED: : CUDA_ERROR_OUT_OF_MEMORY: out of memory
=== Source Location Trace: === 
external/xla/xla/stream_executor/cuda/cuda_status.cc:45
external/xla/xla/stream_executor/cuda/cuda_device_allocator.cc:226
external/xla/xla/stream_executor/cuda/cuda_device_allocator.cc:403

E0728 07:23:41.011666   95775 cuda_executor.cc:1176] [0] Failed to allocate device memory of 41.35MiB (43357696 bytes): RESOURCE_EXHAUSTED: : CUDA_ERROR_OUT_OF_MEMORY: out of memory
=== Source Location Trace: === 
external/xla/xla/stream_executor/cuda/cuda_status.cc:45
external/xla/xla/stream_executor/cuda/cuda_device_allocator.cc:226
external/xla/xla/stream_executor/cuda/cuda_device_allocator.cc:403

E0728 07:23:41.011700   95775 cuda_executor.cc:1176] [0] Failed to allocate device memory of 37.21MiB (39022080 bytes): RESOURCE_EXHAUSTED: : CUDA_ERROR_OUT_OF_MEMORY: out of memory
=== Source Location Trace: === 
external/xla/xla/stream_executor/cuda/cuda_status.cc:45
external/xla/xla/stream_executor/cuda/cuda_device_allocator.cc:226
external/xla/xla/stream_executor/cuda/cuda_device_allocator.cc:403

E0728 07:23:41.011736   95775 cuda_executor.cc:1176] [0] Failed to allocate device memory of 33.49MiB (35119872 bytes): RESOURCE_EXHAUSTED: : CUDA_ERROR_OUT_OF_MEMORY: out of memory
=== Source Location Trace: === 
external/xla/xla/stream_executor/cuda/cuda_status.cc:45
external/xla/xla/stream_executor/cuda/cuda_device_allocator.cc:226
external/xla/xla/stream_executor/cuda/cuda_device_allocator.cc:403

E0728 07:23:41.011771   95775 cuda_executor.cc:1176] [0] Failed to allocate device memory of 30.14MiB (31608064 bytes): RESOURCE_EXHAUSTED: : CUDA_ERROR_OUT_OF_MEMORY: out of memory
=== Source Location Trace: === 
external/xla/xla/stream_executor/cuda/cuda_status.cc:45
external/xla/xla/stream_executor/cuda/cuda_device_allocator.cc:226
external/xla/xla/stream_executor/cuda/cuda_device_allocator.cc:403

E0728 07:23:41.011805   95775 cuda_executor.cc:1176] [0] Failed to allocate device memory of 27.13MiB (28447488 bytes): RESOURCE_EXHAUSTED: : CUDA_ERROR_OUT_OF_MEMORY: out of memory
=== Source Location Trace: === 
external/xla/xla/stream_executor/cuda/cuda_status.cc:45
external/xla/xla/stream_executor/cuda/cuda_device_allocator.cc:226
external/xla/xla/stream_executor/cuda/cuda_device_allocator.cc:403

E0728 07:23:41.011840   95775 cuda_executor.cc:1176] [0] Failed to allocate device memory of 24.42MiB (25602816 bytes): RESOURCE_EXHAUSTED: : CUDA_ERROR_OUT_OF_MEMORY: out of memory
=== Source Location Trace: === 
external/xla/xla/stream_executor/cuda/cuda_status.cc:45
external/xla/xla/stream_executor/cuda/cuda_device_allocator.cc:226
external/xla/xla/stream_executor/cuda/cuda_device_allocator.cc:403

E0728 07:23:41.011874   95775 cuda_executor.cc:1176] [0] Failed to allocate device memory of 21.97MiB (23042560 bytes): RESOURCE_EXHAUSTED: : CUDA_ERROR_OUT_OF_MEMORY: out of memory
=== Source Location Trace: === 
external/xla/xla/stream_executor/cuda/cuda_status.cc:45
external/xla/xla/stream_executor/cuda/cuda_device_allocator.cc:226
external/xla/xla/stream_executor/cuda/cuda_device_allocator.cc:403

E0728 07:23:41.011913   95775 cuda_executor.cc:1176] [0] Failed to allocate device memory of 19.78MiB (20738304 bytes): RESOURCE_EXHAUSTED: : CUDA_ERROR_OUT_OF_MEMORY: out of memory
=== Source Location Trace: === 
external/xla/xla/stream_executor/cuda/cuda_status.cc:45
external/xla/xla/stream_executor/cuda/cuda_device_allocator.cc:226
external/xla/xla/stream_executor/cuda/cuda_device_allocator.cc:403

E0728 07:23:41.011948   95775 cuda_executor.cc:1176] [0] Failed to allocate device memory of 17.80MiB (18664704 bytes): RESOURCE_EXHAUSTED: : CUDA_ERROR_OUT_OF_MEMORY: out of memory
=== Source Location Trace: === 
external/xla/xla/stream_executor/cuda/cuda_status.cc:45
external/xla/xla/stream_executor/cuda/cuda_device_allocator.cc:226
external/xla/xla/stream_executor/cuda/cuda_device_allocator.cc:403

E0728 07:23:41.011983   95775 cuda_executor.cc:1176] [0] Failed to allocate device memory of 16.02MiB (16798464 bytes): RESOURCE_EXHAUSTED: : CUDA_ERROR_OUT_OF_MEMORY: out of memory
=== Source Location Trace: === 
external/xla/xla/stream_executor/cuda/cuda_status.cc:45
external/xla/xla/stream_executor/cuda/cuda_device_allocator.cc:226
external/xla/xla/stream_executor/cuda/cuda_device_allocator.cc:403

E0728 07:23:41.012017   95775 cuda_executor.cc:1176] [0] Failed to allocate device memory of 14.42MiB (15118848 bytes): RESOURCE_EXHAUSTED: : CUDA_ERROR_OUT_OF_MEMORY: out of memory
=== Source Location Trace: === 
external/xla/xla/stream_executor/cuda/cuda_status.cc:45
external/xla/xla/stream_executor/cuda/cuda_device_allocator.cc:226
external/xla/xla/stream_executor/cuda/cuda_device_allocator.cc:403

E0728 07:23:41.012051   95775 cuda_executor.cc:1176] [0] Failed to allocate device memory of 12.98MiB (13607168 bytes): RESOURCE_EXHAUSTED: : CUDA_ERROR_OUT_OF_MEMORY: out of memory
=== Source Location Trace: === 
external/xla/xla/stream_executor/cuda/cuda_status.cc:45
external/xla/xla/stream_executor/cuda/cuda_device_allocator.cc:226
external/xla/xla/stream_executor/cuda/cuda_device_allocator.cc:403

E0728 07:23:41.012092   95775 cuda_executor.cc:1176] [0] Failed to allocate device memory of 11.68MiB (12246528 bytes): RESOURCE_EXHAUSTED: : CUDA_ERROR_OUT_OF_MEMORY: out of memory
=== Source Location Trace: === 
external/xla/xla/stream_executor/cuda/cuda_status.cc:45
external/xla/xla/stream_executor/cuda/cuda_device_allocator.cc:226
external/xla/xla/stream_executor/cuda/cuda_device_allocator.cc:403

E0728 07:23:41.012129   95775 cuda_executor.cc:1176] [0] Failed to allocate device memory of 10.51MiB (11022080 bytes): RESOURCE_EXHAUSTED: : CUDA_ERROR_OUT_OF_MEMORY: out of memory
=== Source Location Trace: === 
external/xla/xla/stream_executor/cuda/cuda_status.cc:45
external/xla/xla/stream_executor/cuda/cuda_device_allocator.cc:226
external/xla/xla/stream_executor/cuda/cuda_device_allocator.cc:403

E0728 07:23:41.012163   95775 cuda_executor.cc:1176] [0] Failed to allocate device memory of 9.46MiB (9920000 bytes): RESOURCE_EXHAUSTED: : CUDA_ERROR_OUT_OF_MEMORY: out of memory
=== Source Location Trace: === 
external/xla/xla/stream_executor/cuda/cuda_status.cc:45
external/xla/xla/stream_executor/cuda/cuda_device_allocator.cc:226
external/xla/xla/stream_executor/cuda/cuda_device_allocator.cc:403

E0728 07:23:41.012197   95775 cuda_executor.cc:1176] [0] Failed to allocate device memory of 8.51MiB (8928000 bytes): RESOURCE_EXHAUSTED: : CUDA_ERROR_OUT_OF_MEMORY: out of memory
=== Source Location Trace: === 
external/xla/xla/stream_executor/cuda/cuda_status.cc:45
external/xla/xla/stream_executor/cuda/cuda_device_allocator.cc:226
external/xla/xla/stream_executor/cuda/cuda_device_allocator.cc:403

E0728 07:23:41.012231   95775 cuda_executor.cc:1176] [0] Failed to allocate device memory of 7.66MiB (8035328 bytes): RESOURCE_EXHAUSTED: : CUDA_ERROR_OUT_OF_MEMORY: out of memory
=== Source Location Trace: === 
external/xla/xla/stream_executor/cuda/cuda_status.cc:45
external/xla/xla/stream_executor/cuda/cuda_device_allocator.cc:226
external/xla/xla/stream_executor/cuda/cuda_device_allocator.cc:403

E0728 07:23:41.012266   95775 cuda_executor.cc:1176] [0] Failed to allocate device memory of 6.90MiB (7232000 bytes): RESOURCE_EXHAUSTED: : CUDA_ERROR_OUT_OF_MEMORY: out of memory
=== Source Location Trace: === 
external/xla/xla/stream_executor/cuda/cuda_status.cc:45
external/xla/xla/stream_executor/cuda/cuda_device_allocator.cc:226
external/xla/xla/stream_executor/cuda/cuda_device_allocator.cc:403

E0728 07:23:41.012300   95775 cuda_executor.cc:1176] [0] Failed to allocate device memory of 6.21MiB (6508800 bytes): RESOURCE_EXHAUSTED: : CUDA_ERROR_OUT_OF_MEMORY: out of memory
=== Source Location Trace: === 
external/xla/xla/stream_executor/cuda/cuda_status.cc:45
external/xla/xla/stream_executor/cuda/cuda_device_allocator.cc:226
external/xla/xla/stream_executor/cuda/cuda_device_allocator.cc:403

E0728 07:23:41.012334   95775 cuda_executor.cc:1176] [0] Failed to allocate device memory of 5.59MiB (5858048 bytes): RESOURCE_EXHAUSTED: : CUDA_ERROR_OUT_OF_MEMORY: out of memory
=== Source Location Trace: === 
external/xla/xla/stream_executor/cuda/cuda_status.cc:45
external/xla/xla/stream_executor/cuda/cuda_device_allocator.cc:226
external/xla/xla/stream_executor/cuda/cuda_device_allocator.cc:403

E0728 07:23:41.012368   95775 cuda_executor.cc:1176] [0] Failed to allocate device memory of 5.03MiB (5272320 bytes): RESOURCE_EXHAUSTED: : CUDA_ERROR_OUT_OF_MEMORY: out of memory
=== Source Location Trace: === 
external/xla/xla/stream_executor/cuda/cuda_status.cc:45
external/xla/xla/stream_executor/cuda/cuda_device_allocator.cc:226
external/xla/xla/stream_executor/cuda/cuda_device_allocator.cc:403

E0728 07:23:41.012403   95775 cuda_executor.cc:1176] [0] Failed to allocate device memory of 4.53MiB (4745216 bytes): RESOURCE_EXHAUSTED: : CUDA_ERROR_OUT_OF_MEMORY: out of memory
=== Source Location Trace: === 
external/xla/xla/stream_executor/cuda/cuda_status.cc:45
external/xla/xla/stream_executor/cuda/cuda_device_allocator.cc:226
external/xla/xla/stream_executor/cuda/cuda_device_allocator.cc:403

E0728 07:23:41.012439   95775 cuda_executor.cc:1176] [0] Failed to allocate device memory of 4.07MiB (4270848 bytes): RESOURCE_EXHAUSTED: : CUDA_ERROR_OUT_OF_MEMORY: out of memory
=== Source Location Trace: === 
external/xla/xla/stream_executor/cuda/cuda_status.cc:45
external/xla/xla/stream_executor/cuda/cuda_device_allocator.cc:226
external/xla/xla/stream_executor/cuda/cuda_device_allocator.cc:403

E0728 07:23:41.012473   95775 cuda_executor.cc:1176] [0] Failed to allocate device memory of 3.67MiB (3843840 bytes): RESOURCE_EXHAUSTED: : CUDA_ERROR_OUT_OF_MEMORY: out of memory
=== Source Location Trace: === 
external/xla/xla/stream_executor/cuda/cuda_status.cc:45
external/xla/xla/stream_executor/cuda/cuda_device_allocator.cc:226
external/xla/xla/stream_executor/cuda/cuda_device_allocator.cc:403

E0728 07:23:41.012507   95775 cuda_executor.cc:1176] [0] Failed to allocate device memory of 3.30MiB (3459584 bytes): RESOURCE_EXHAUSTED: : CUDA_ERROR_OUT_OF_MEMORY: out of memory
=== Source Location Trace: === 
external/xla/xla/stream_executor/cuda/cuda_status.cc:45
external/xla/xla/stream_executor/cuda/cuda_device_allocator.cc:226
external/xla/xla/stream_executor/cuda/cuda_device_allocator.cc:403

E0728 07:23:41.012541   95775 cuda_executor.cc:1176] [0] Failed to allocate device memory of 2.97MiB (3113728 bytes): RESOURCE_EXHAUSTED: : CUDA_ERROR_OUT_OF_MEMORY: out of memory
=== Source Location Trace: === 
external/xla/xla/stream_executor/cuda/cuda_status.cc:45
external/xla/xla/stream_executor/cuda/cuda_device_allocator.cc:226
external/xla/xla/stream_executor/cuda/cuda_device_allocator.cc:403

E0728 07:23:41.012575   95775 cuda_executor.cc:1176] [0] Failed to allocate device memory of 2.67MiB (2802432 bytes): RESOURCE_EXHAUSTED: : CUDA_ERROR_OUT_OF_MEMORY: out of memory
=== Source Location Trace: === 
external/xla/xla/stream_executor/cuda/cuda_status.cc:45
external/xla/xla/stream_executor/cuda/cuda_device_allocator.cc:226
external/xla/xla/stream_executor/cuda/cuda_device_allocator.cc:403

E0728 07:23:41.012610   95775 cuda_executor.cc:1176] [0] Failed to allocate device memory of 2.41MiB (2522368 bytes): RESOURCE_EXHAUSTED: : CUDA_ERROR_OUT_OF_MEMORY: out of memory
=== Source Location Trace: === 
external/xla/xla/stream_executor/cuda/cuda_status.cc:45
external/xla/xla/stream_executor/cuda/cuda_device_allocator.cc:226
external/xla/xla/stream_executor/cuda/cuda_device_allocator.cc:403

E0728 07:23:41.012644   95775 cuda_executor.cc:1176] [0] Failed to allocate device memory of 2.17MiB (2270208 bytes): RESOURCE_EXHAUSTED: : CUDA_ERROR_OUT_OF_MEMORY: out of memory
=== Source Location Trace: === 
external/xla/xla/stream_executor/cuda/cuda_status.cc:45
external/xla/xla/stream_executor/cuda/cuda_device_allocator.cc:226
external/xla/xla/stream_executor/cuda/cuda_device_allocator.cc:403

E0728 07:23:41.015371   95775 cuda_executor.cc:1176] [0] Failed to allocate device memory of 64.44GiB (69193433088 bytes): RESOURCE_EXHAUSTED: : CUDA_ERROR_OUT_OF_MEMORY: out of memory
=== Source Location Trace: === 
external/xla/xla/stream_executor/cuda/cuda_status.cc:45
external/xla/xla/stream_executor/cuda/cuda_device_allocator.cc:226
external/xla/xla/stream_executor/cuda/cuda_device_allocator.cc:403

E0728 07:23:41.015457   95775 cuda_executor.cc:1176] [0] Failed to allocate device memory of 58.00GiB (62274088960 bytes): RESOURCE_EXHAUSTED: : CUDA_ERROR_OUT_OF_MEMORY: out of memory
=== Source Location Trace: === 
external/xla/xla/stream_executor/cuda/cuda_status.cc:45
external/xla/xla/stream_executor/cuda/cuda_device_allocator.cc:226
external/xla/xla/stream_executor/cuda/cuda_device_allocator.cc:403

E0728 07:23:41.015524   95775 cuda_executor.cc:1176] [0] Failed to allocate device memory of 52.20GiB (56046678016 bytes): RESOURCE_EXHAUSTED: : CUDA_ERROR_OUT_OF_MEMORY: out of memory
=== Source Location Trace: === 
external/xla/xla/stream_executor/cuda/cuda_status.cc:45
external/xla/xla/stream_executor/cuda/cuda_device_allocator.cc:226
external/xla/xla/stream_executor/cuda/cuda_device_allocator.cc:403

E0728 07:23:41.015590   95775 cuda_executor.cc:1176] [0] Failed to allocate device memory of 46.98GiB (50442010624 bytes): RESOURCE_EXHAUSTED: : CUDA_ERROR_OUT_OF_MEMORY: out of memory
=== Source Location Trace: === 
external/xla/xla/stream_executor/cuda/cuda_status.cc:45
external/xla/xla/stream_executor/cuda/cuda_device_allocator.cc:226
external/xla/xla/stream_executor/cuda/cuda_device_allocator.cc:403

E0728 07:23:41.015648   95775 cuda_executor.cc:1176] [0] Failed to allocate device memory of 42.28GiB (45397807104 bytes): RESOURCE_EXHAUSTED: : CUDA_ERROR_OUT_OF_MEMORY: out of memory
=== Source Location Trace: === 
external/xla/xla/stream_executor/cuda/cuda_status.cc:45
external/xla/xla/stream_executor/cuda/cuda_device_allocator.cc:226
external/xla/xla/stream_executor/cuda/cuda_device_allocator.cc:403

E0728 07:23:41.015703   95775 cuda_executor.cc:1176] [0] Failed to allocate device memory of 38.05GiB (40858025984 bytes): RESOURCE_EXHAUSTED: : CUDA_ERROR_OUT_OF_MEMORY: out of memory
=== Source Location Trace: === 
external/xla/xla/stream_executor/cuda/cuda_status.cc:45
external/xla/xla/stream_executor/cuda/cuda_device_allocator.cc:226
external/xla/xla/stream_executor/cuda/cuda_device_allocator.cc:403

E0728 07:23:41.015759   95775 cuda_executor.cc:1176] [0] Failed to allocate device memory of 34.25GiB (36772220928 bytes): RESOURCE_EXHAUSTED: : CUDA_ERROR_OUT_OF_MEMORY: out of memory
=== Source Location Trace: === 
external/xla/xla/stream_executor/cuda/cuda_status.cc:45
external/xla/xla/stream_executor/cuda/cuda_device_allocator.cc:226
external/xla/xla/stream_executor/cuda/cuda_device_allocator.cc:403

E0728 07:23:41.015820   95775 cuda_executor.cc:1176] [0] Failed to allocate device memory of 30.82GiB (33094998016 bytes): RESOURCE_EXHAUSTED: : CUDA_ERROR_OUT_OF_MEMORY: out of memory
=== Source Location Trace: === 
external/xla/xla/stream_executor/cuda/cuda_status.cc:45
external/xla/xla/stream_executor/cuda/cuda_device_allocator.cc:226
external/xla/xla/stream_executor/cuda/cuda_device_allocator.cc:403

E0728 07:23:41.015868   95775 cuda_executor.cc:1176] [0] Failed to allocate device memory of 27.74GiB (29785497600 bytes): RESOURCE_EXHAUSTED: : CUDA_ERROR_OUT_OF_MEMORY: out of memory
=== Source Location Trace: === 
external/xla/xla/stream_executor/cuda/cuda_status.cc:45
external/xla/xla/stream_executor/cuda/cuda_device_allocator.cc:226
external/xla/xla/stream_executor/cuda/cuda_device_allocator.cc:403

E0728 07:23:41.015922   95775 cuda_executor.cc:1176] [0] Failed to allocate device memory of 24.97GiB (26806947840 bytes): RESOURCE_EXHAUSTED: : CUDA_ERROR_OUT_OF_MEMORY: out of memory
=== Source Location Trace: === 
external/xla/xla/stream_executor/cuda/cuda_status.cc:45
external/xla/xla/stream_executor/cuda/cuda_device_allocator.cc:226
external/xla/xla/stream_executor/cuda/cuda_device_allocator.cc:403

E0728 07:23:41.015969   95775 cuda_executor.cc:1176] [0] Failed to allocate device memory of 22.47GiB (24126253056 bytes): RESOURCE_EXHAUSTED: : CUDA_ERROR_OUT_OF_MEMORY: out of memory
=== Source Location Trace: === 
external/xla/xla/stream_executor/cuda/cuda_status.cc:45
external/xla/xla/stream_executor/cuda/cuda_device_allocator.cc:226
external/xla/xla/stream_executor/cuda/cuda_device_allocator.cc:403

E0728 07:23:41.016013   95775 cuda_executor.cc:1176] [0] Failed to allocate device memory of 20.22GiB (21713627136 bytes): RESOURCE_EXHAUSTED: : CUDA_ERROR_OUT_OF_MEMORY: out of memory
=== Source Location Trace: === 
external/xla/xla/stream_executor/cuda/cuda_status.cc:45
external/xla/xla/stream_executor/cuda/cuda_device_allocator.cc:226
external/xla/xla/stream_executor/cuda/cuda_device_allocator.cc:403

E0728 07:23:41.016057   95775 cuda_executor.cc:1176] [0] Failed to allocate device memory of 18.20GiB (19542263808 bytes): RESOURCE_EXHAUSTED: : CUDA_ERROR_OUT_OF_MEMORY: out of memory
=== Source Location Trace: === 
external/xla/xla/stream_executor/cuda/cuda_status.cc:45
external/xla/xla/stream_executor/cuda/cuda_device_allocator.cc:226
external/xla/xla/stream_executor/cuda/cuda_device_allocator.cc:403

E0728 07:23:41.016110   95775 cuda_executor.cc:1176] [0] Failed to allocate device memory of 16.38GiB (17588037632 bytes): RESOURCE_EXHAUSTED: : CUDA_ERROR_OUT_OF_MEMORY: out of memory
=== Source Location Trace: === 
external/xla/xla/stream_executor/cuda/cuda_status.cc:45
external/xla/xla/stream_executor/cuda/cuda_device_allocator.cc:226
external/xla/xla/stream_executor/cuda/cuda_device_allocator.cc:403

E0728 07:23:41.016159   95775 cuda_executor.cc:1176] [0] Failed to allocate device memory of 14.74GiB (15829233664 bytes): RESOURCE_EXHAUSTED: : CUDA_ERROR_OUT_OF_MEMORY: out of memory
=== Source Location Trace: === 
external/xla/xla/stream_executor/cuda/cuda_status.cc:45
external/xla/xla/stream_executor/cuda/cuda_device_allocator.cc:226
external/xla/xla/stream_executor/cuda/cuda_device_allocator.cc:403

E0728 07:23:41.016199   95775 cuda_executor.cc:1176] [0] Failed to allocate device memory of 13.27GiB (14246309888 bytes): RESOURCE_EXHAUSTED: : CUDA_ERROR_OUT_OF_MEMORY: out of memory
=== Source Location Trace: === 
external/xla/xla/stream_executor/cuda/cuda_status.cc:45
external/xla/xla/stream_executor/cuda/cuda_device_allocator.cc:226
external/xla/xla/stream_executor/cuda/cuda_device_allocator.cc:403

E0728 07:23:41.016238   95775 cuda_executor.cc:1176] [0] Failed to allocate device memory of 11.94GiB (12821678080 bytes): RESOURCE_EXHAUSTED: : CUDA_ERROR_OUT_OF_MEMORY: out of memory
=== Source Location Trace: === 
external/xla/xla/stream_executor/cuda/cuda_status.cc:45
external/xla/xla/stream_executor/cuda/cuda_device_allocator.cc:226
external/xla/xla/stream_executor/cuda/cuda_device_allocator.cc:403

E0728 07:23:41.016277   95775 cuda_executor.cc:1176] [0] Failed to allocate device memory of 10.75GiB (11539510272 bytes): RESOURCE_EXHAUSTED: : CUDA_ERROR_OUT_OF_MEMORY: out of memory
=== Source Location Trace: === 
external/xla/xla/stream_executor/cuda/cuda_status.cc:45
external/xla/xla/stream_executor/cuda/cuda_device_allocator.cc:226
external/xla/xla/stream_executor/cuda/cuda_device_allocator.cc:403

E0728 07:23:41.016315   95775 cuda_executor.cc:1176] [0] Failed to allocate device memory of 9.67GiB (10385558528 bytes): RESOURCE_EXHAUSTED: : CUDA_ERROR_OUT_OF_MEMORY: out of memory
=== Source Location Trace: === 
external/xla/xla/stream_executor/cuda/cuda_status.cc:45
external/xla/xla/stream_executor/cuda/cuda_device_allocator.cc:226
external/xla/xla/stream_executor/cuda/cuda_device_allocator.cc:403

E0728 07:23:41.016353   95775 cuda_executor.cc:1176] [0] Failed to allocate device memory of 8.70GiB (9347002368 bytes): RESOURCE_EXHAUSTED: : CUDA_ERROR_OUT_OF_MEMORY: out of memory
=== Source Location Trace: === 
external/xla/xla/stream_executor/cuda/cuda_status.cc:45
external/xla/xla/stream_executor/cuda/cuda_device_allocator.cc:226
external/xla/xla/stream_executor/cuda/cuda_device_allocator.cc:403

E0728 07:23:41.016392   95775 cuda_executor.cc:1176] [0] Failed to allocate device memory of 7.83GiB (8412301824 bytes): RESOURCE_EXHAUSTED: : CUDA_ERROR_OUT_OF_MEMORY: out of memory
=== Source Location Trace: === 
external/xla/xla/stream_executor/cuda/cuda_status.cc:45
external/xla/xla/stream_executor/cuda/cuda_device_allocator.cc:226
external/xla/xla/stream_executor/cuda/cuda_device_allocator.cc:403

E0728 07:23:41.016433   95775 cuda_executor.cc:1176] [0] Failed to allocate device memory of 7.05GiB (7571071488 bytes): RESOURCE_EXHAUSTED: : CUDA_ERROR_OUT_OF_MEMORY: out of memory
=== Source Location Trace: === 
external/xla/xla/stream_executor/cuda/cuda_status.cc:45
external/xla/xla/stream_executor/cuda/cuda_device_allocator.cc:226
external/xla/xla/stream_executor/cuda/cuda_device_allocator.cc:403

E0728 07:23:41.016472   95775 cuda_executor.cc:1176] [0] Failed to allocate device memory of 6.35GiB (6813964288 bytes): RESOURCE_EXHAUSTED: : CUDA_ERROR_OUT_OF_MEMORY: out of memory
=== Source Location Trace: === 
external/xla/xla/stream_executor/cuda/cuda_status.cc:45
external/xla/xla/stream_executor/cuda/cuda_device_allocator.cc:226
external/xla/xla/stream_executor/cuda/cuda_device_allocator.cc:403

E0728 07:23:41.016513   95775 cuda_executor.cc:1176] [0] Failed to allocate device memory of 5.71GiB (6132567552 bytes): RESOURCE_EXHAUSTED: : CUDA_ERROR_OUT_OF_MEMORY: out of memory
=== Source Location Trace: === 
external/xla/xla/stream_executor/cuda/cuda_status.cc:45
external/xla/xla/stream_executor/cuda/cuda_device_allocator.cc:226
external/xla/xla/stream_executor/cuda/cuda_device_allocator.cc:403

E0728 07:23:41.016551   95775 cuda_executor.cc:1176] [0] Failed to allocate device memory of 5.14GiB (5519310848 bytes): RESOURCE_EXHAUSTED: : CUDA_ERROR_OUT_OF_MEMORY: out of memory
=== Source Location Trace: === 
external/xla/xla/stream_executor/cuda/cuda_status.cc:45
external/xla/xla/stream_executor/cuda/cuda_device_allocator.cc:226
external/xla/xla/stream_executor/cuda/cuda_device_allocator.cc:403

E0728 07:23:41.016590   95775 cuda_executor.cc:1176] [0] Failed to allocate device memory of 4.63GiB (4967379456 bytes): RESOURCE_EXHAUSTED: : CUDA_ERROR_OUT_OF_MEMORY: out of memory
=== Source Location Trace: === 
external/xla/xla/stream_executor/cuda/cuda_status.cc:45
external/xla/xla/stream_executor/cuda/cuda_device_allocator.cc:226
external/xla/xla/stream_executor/cuda/cuda_device_allocator.cc:403

E0728 07:23:41.016627   95775 cuda_executor.cc:1176] [0] Failed to allocate device memory of 4.16GiB (4470641152 bytes): RESOURCE_EXHAUSTED: : CUDA_ERROR_OUT_OF_MEMORY: out of memory
=== Source Location Trace: === 
external/xla/xla/stream_executor/cuda/cuda_status.cc:45
external/xla/xla/stream_executor/cuda/cuda_device_allocator.cc:226
external/xla/xla/stream_executor/cuda/cuda_device_allocator.cc:403

E0728 07:23:41.016666   95775 cuda_executor.cc:1176] [0] Failed to allocate device memory of 3.75GiB (4023576832 bytes): RESOURCE_EXHAUSTED: : CUDA_ERROR_OUT_OF_MEMORY: out of memory
=== Source Location Trace: === 
external/xla/xla/stream_executor/cuda/cuda_status.cc:45
external/xla/xla/stream_executor/cuda/cuda_device_allocator.cc:226
external/xla/xla/stream_executor/cuda/cuda_device_allocator.cc:403

E0728 07:23:41.016702   95775 cuda_executor.cc:1176] [0] Failed to allocate device memory of 3.37GiB (3621219072 bytes): RESOURCE_EXHAUSTED: : CUDA_ERROR_OUT_OF_MEMORY: out of memory
=== Source Location Trace: === 
external/xla/xla/stream_executor/cuda/cuda_status.cc:45
external/xla/xla/stream_executor/cuda/cuda_device_allocator.cc:226
external/xla/xla/stream_executor/cuda/cuda_device_allocator.cc:403

E0728 07:23:41.016739   95775 cuda_executor.cc:1176] [0] Failed to allocate device memory of 3.04GiB (3259097088 bytes): RESOURCE_EXHAUSTED: : CUDA_ERROR_OUT_OF_MEMORY: out of memory
=== Source Location Trace: === 
external/xla/xla/stream_executor/cuda/cuda_status.cc:45
external/xla/xla/stream_executor/cuda/cuda_device_allocator.cc:226
external/xla/xla/stream_executor/cuda/cuda_device_allocator.cc:403

E0728 07:23:41.016776   95775 cuda_executor.cc:1176] [0] Failed to allocate device memory of 2.73GiB (2933187328 bytes): RESOURCE_EXHAUSTED: : CUDA_ERROR_OUT_OF_MEMORY: out of memory
=== Source Location Trace: === 
external/xla/xla/stream_executor/cuda/cuda_status.cc:45
external/xla/xla/stream_executor/cuda/cuda_device_allocator.cc:226
external/xla/xla/stream_executor/cuda/cuda_device_allocator.cc:403

E0728 07:23:41.016812   95775 cuda_executor.cc:1176] [0] Failed to allocate device memory of 2.46GiB (2639868416 bytes): RESOURCE_EXHAUSTED: : CUDA_ERROR_OUT_OF_MEMORY: out of memory
=== Source Location Trace: === 
external/xla/xla/stream_executor/cuda/cuda_status.cc:45
external/xla/xla/stream_executor/cuda/cuda_device_allocator.cc:226
external/xla/xla/stream_executor/cuda/cuda_device_allocator.cc:403

E0728 07:23:41.016848   95775 cuda_executor.cc:1176] [0] Failed to allocate device memory of 2.21GiB (2375881472 bytes): RESOURCE_EXHAUSTED: : CUDA_ERROR_OUT_OF_MEMORY: out of memory
=== Source Location Trace: === 
external/xla/xla/stream_executor/cuda/cuda_status.cc:45
external/xla/xla/stream_executor/cuda/cuda_device_allocator.cc:226
external/xla/xla/stream_executor/cuda/cuda_device_allocator.cc:403

E0728 07:23:41.016889   95775 cuda_executor.cc:1176] [0] Failed to allocate device memory of 1.99GiB (2138293248 bytes): RESOURCE_EXHAUSTED: : CUDA_ERROR_OUT_OF_MEMORY: out of memory
=== Source Location Trace: === 
external/xla/xla/stream_executor/cuda/cuda_status.cc:45
external/xla/xla/stream_executor/cuda/cuda_device_allocator.cc:226
external/xla/xla/stream_executor/cuda/cuda_device_allocator.cc:403

E0728 07:23:41.016933   95775 cuda_executor.cc:1176] [0] Failed to allocate device memory of 1.79GiB (1924463872 bytes): RESOURCE_EXHAUSTED: : CUDA_ERROR_OUT_OF_MEMORY: out of memory
=== Source Location Trace: === 
external/xla/xla/stream_executor/cuda/cuda_status.cc:45
external/xla/xla/stream_executor/cuda/cuda_device_allocator.cc:226
external/xla/xla/stream_executor/cuda/cuda_device_allocator.cc:403

E0728 07:23:41.016969   95775 cuda_executor.cc:1176] [0] Failed to allocate device memory of 1.61GiB (1732017408 bytes): RESOURCE_EXHAUSTED: : CUDA_ERROR_OUT_OF_MEMORY: out of memory
=== Source Location Trace: === 
external/xla/xla/stream_executor/cuda/cuda_status.cc:45
external/xla/xla/stream_executor/cuda/cuda_device_allocator.cc:226
external/xla/xla/stream_executor/cuda/cuda_device_allocator.cc:403

E0728 07:23:41.017005   95775 cuda_executor.cc:1176] [0] Failed to allocate device memory of 1.45GiB (1558815744 bytes): RESOURCE_EXHAUSTED: : CUDA_ERROR_OUT_OF_MEMORY: out of memory
=== Source Location Trace: === 
external/xla/xla/stream_executor/cuda/cuda_status.cc:45
external/xla/xla/stream_executor/cuda/cuda_device_allocator.cc:226
external/xla/xla/stream_executor/cuda/cuda_device_allocator.cc:403

E0728 07:23:41.017040   95775 cuda_executor.cc:1176] [0] Failed to allocate device memory of 1.31GiB (1402934272 bytes): RESOURCE_EXHAUSTED: : CUDA_ERROR_OUT_OF_MEMORY: out of memory
=== Source Location Trace: === 
external/xla/xla/stream_executor/cuda/cuda_status.cc:45
external/xla/xla/stream_executor/cuda/cuda_device_allocator.cc:226
external/xla/xla/stream_executor/cuda/cuda_device_allocator.cc:403

E0728 07:23:41.017084   95775 cuda_executor.cc:1176] [0] Failed to allocate device memory of 1.18GiB (1262640896 bytes): RESOURCE_EXHAUSTED: : CUDA_ERROR_OUT_OF_MEMORY: out of memory
=== Source Location Trace: === 
external/xla/xla/stream_executor/cuda/cuda_status.cc:45
external/xla/xla/stream_executor/cuda/cuda_device_allocator.cc:226
external/xla/xla/stream_executor/cuda/cuda_device_allocator.cc:403

E0728 07:23:41.017121   95775 cuda_executor.cc:1176] [0] Failed to allocate device memory of 1.06GiB (1136376832 bytes): RESOURCE_EXHAUSTED: : CUDA_ERROR_OUT_OF_MEMORY: out of memory
=== Source Location Trace: === 
external/xla/xla/stream_executor/cuda/cuda_status.cc:45
external/xla/xla/stream_executor/cuda/cuda_device_allocator.cc:226
external/xla/xla/stream_executor/cuda/cuda_device_allocator.cc:403

E0728 07:23:41.017157   95775 cuda_executor.cc:1176] [0] Failed to allocate device memory of 975.36MiB (1022739200 bytes): RESOURCE_EXHAUSTED: : CUDA_ERROR_OUT_OF_MEMORY: out of memory
=== Source Location Trace: === 
external/xla/xla/stream_executor/cuda/cuda_status.cc:45
external/xla/xla/stream_executor/cuda/cuda_device_allocator.cc:226
external/xla/xla/stream_executor/cuda/cuda_device_allocator.cc:403

E0728 07:23:41.017192   95775 cuda_executor.cc:1176] [0] Failed to allocate device memory of 877.82MiB (920465408 bytes): RESOURCE_EXHAUSTED: : CUDA_ERROR_OUT_OF_MEMORY: out of memory
=== Source Location Trace: === 
external/xla/xla/stream_executor/cuda/cuda_status.cc:45
external/xla/xla/stream_executor/cuda/cuda_device_allocator.cc:226
external/xla/xla/stream_executor/cuda/cuda_device_allocator.cc:403

E0728 07:23:41.017227   95775 cuda_executor.cc:1176] [0] Failed to allocate device memory of 790.04MiB (828418816 bytes): RESOURCE_EXHAUSTED: : CUDA_ERROR_OUT_OF_MEMORY: out of memory
=== Source Location Trace: === 
external/xla/xla/stream_executor/cuda/cuda_status.cc:45
external/xla/xla/stream_executor/cuda/cuda_device_allocator.cc:226
external/xla/xla/stream_executor/cuda/cuda_device_allocator.cc:403

E0728 07:23:41.017264   95775 cuda_executor.cc:1176] [0] Failed to allocate device memory of 711.04MiB (745576960 bytes): RESOURCE_EXHAUSTED: : CUDA_ERROR_OUT_OF_MEMORY: out of memory
=== Source Location Trace: === 
external/xla/xla/stream_executor/cuda/cuda_status.cc:45
external/xla/xla/stream_executor/cuda/cuda_device_allocator.cc:226
external/xla/xla/stream_executor/cuda/cuda_device_allocator.cc:403

E0728 07:23:41.017302   95775 cuda_executor.cc:1176] [0] Failed to allocate device memory of 639.93MiB (671019264 bytes): RESOURCE_EXHAUSTED: : CUDA_ERROR_OUT_OF_MEMORY: out of memory
=== Source Location Trace: === 
external/xla/xla/stream_executor/cuda/cuda_status.cc:45
external/xla/xla/stream_executor/cuda/cuda_device_allocator.cc:226
external/xla/xla/stream_executor/cuda/cuda_device_allocator.cc:403

E0728 07:23:41.017337   95775 cuda_executor.cc:1176] [0] Failed to allocate device memory of 575.94MiB (603917312 bytes): RESOURCE_EXHAUSTED: : CUDA_ERROR_OUT_OF_MEMORY: out of memory
=== Source Location Trace: === 
external/xla/xla/stream_executor/cuda/cuda_status.cc:45
external/xla/xla/stream_executor/cuda/cuda_device_allocator.cc:226
external/xla/xla/stream_executor/cuda/cuda_device_allocator.cc:403

E0728 07:23:41.017371   95775 cuda_executor.cc:1176] [0] Failed to allocate device memory of 518.35MiB (543525632 bytes): RESOURCE_EXHAUSTED: : CUDA_ERROR_OUT_OF_MEMORY: out of memory
=== Source Location Trace: === 
external/xla/xla/stream_executor/cuda/cuda_status.cc:45
external/xla/xla/stream_executor/cuda/cuda_device_allocator.cc:226
external/xla/xla/stream_executor/cuda/cuda_device_allocator.cc:403

E0728 07:23:41.017407   95775 cuda_executor.cc:1176] [0] Failed to allocate device memory of 466.51MiB (489173248 bytes): RESOURCE_EXHAUSTED: : CUDA_ERROR_OUT_OF_MEMORY: out of memory
=== Source Location Trace: === 
external/xla/xla/stream_executor/cuda/cuda_status.cc:45
external/xla/xla/stream_executor/cuda/cuda_device_allocator.cc:226
external/xla/xla/stream_executor/cuda/cuda_device_allocator.cc:403

E0728 07:23:41.017444   95775 cuda_executor.cc:1176] [0] Failed to allocate device memory of 419.86MiB (440256000 bytes): RESOURCE_EXHAUSTED: : CUDA_ERROR_OUT_OF_MEMORY: out of memory
=== Source Location Trace: === 
external/xla/xla/stream_executor/cuda/cuda_status.cc:45
external/xla/xla/stream_executor/cuda/cuda_device_allocator.cc:226
external/xla/xla/stream_executor/cuda/cuda_device_allocator.cc:403

E0728 07:23:41.017479   95775 cuda_executor.cc:1176] [0] Failed to allocate device memory of 377.87MiB (396230400 bytes): RESOURCE_EXHAUSTED: : CUDA_ERROR_OUT_OF_MEMORY: out of memory
=== Source Location Trace: === 
external/xla/xla/stream_executor/cuda/cuda_status.cc:45
external/xla/xla/stream_executor/cuda/cuda_device_allocator.cc:226
external/xla/xla/stream_executor/cuda/cuda_device_allocator.cc:403

E0728 07:23:41.017513   95775 cuda_executor.cc:1176] [0] Failed to allocate device memory of 340.09MiB (356607488 bytes): RESOURCE_EXHAUSTED: : CUDA_ERROR_OUT_OF_MEMORY: out of memory
=== Source Location Trace: === 
external/xla/xla/stream_executor/cuda/cuda_status.cc:45
external/xla/xla/stream_executor/cuda/cuda_device_allocator.cc:226
external/xla/xla/stream_executor/cuda/cuda_device_allocator.cc:403

E0728 07:23:41.017551   95775 cuda_executor.cc:1176] [0] Failed to allocate device memory of 306.08MiB (320946944 bytes): RESOURCE_EXHAUSTED: : CUDA_ERROR_OUT_OF_MEMORY: out of memory
=== Source Location Trace: === 
external/xla/xla/stream_executor/cuda/cuda_status.cc:45
external/xla/xla/stream_executor/cuda/cuda_device_allocator.cc:226
external/xla/xla/stream_executor/cuda/cuda_device_allocator.cc:403

E0728 07:23:41.017585   95775 cuda_executor.cc:1176] [0] Failed to allocate device memory of 275.47MiB (288852480 bytes): RESOURCE_EXHAUSTED: : CUDA_ERROR_OUT_OF_MEMORY: out of memory
=== Source Location Trace: === 
external/xla/xla/stream_executor/cuda/cuda_status.cc:45
external/xla/xla/stream_executor/cuda/cuda_device_allocator.cc:226
external/xla/xla/stream_executor/cuda/cuda_device_allocator.cc:403

E0728 07:23:41.017619   95775 cuda_executor.cc:1176] [0] Failed to allocate device memory of 247.92MiB (259967232 bytes): RESOURCE_EXHAUSTED: : CUDA_ERROR_OUT_OF_MEMORY: out of memory
=== Source Location Trace: === 
external/xla/xla/stream_executor/cuda/cuda_status.cc:45
external/xla/xla/stream_executor/cuda/cuda_device_allocator.cc:226
external/xla/xla/stream_executor/cuda/cuda_device_allocator.cc:403

E0728 07:23:41.017656   95775 cuda_executor.cc:1176] [0] Failed to allocate device memory of 223.13MiB (233970688 bytes): RESOURCE_EXHAUSTED: : CUDA_ERROR_OUT_OF_MEMORY: out of memory
=== Source Location Trace: === 
external/xla/xla/stream_executor/cuda/cuda_status.cc:45
external/xla/xla/stream_executor/cuda/cuda_device_allocator.cc:226
external/xla/xla/stream_executor/cuda/cuda_device_allocator.cc:403

E0728 07:23:41.017693   95775 cuda_executor.cc:1176] [0] Failed to allocate device memory of 200.82MiB (210573824 bytes): RESOURCE_EXHAUSTED: : CUDA_ERROR_OUT_OF_MEMORY: out of memory
=== Source Location Trace: === 
external/xla/xla/stream_executor/cuda/cuda_status.cc:45
external/xla/xla/stream_executor/cuda/cuda_device_allocator.cc:226
external/xla/xla/stream_executor/cuda/cuda_device_allocator.cc:403

E0728 07:23:41.017728   95775 cuda_executor.cc:1176] [0] Failed to allocate device memory of 180.74MiB (189516544 bytes): RESOURCE_EXHAUSTED: : CUDA_ERROR_OUT_OF_MEMORY: out of memory
=== Source Location Trace: === 
external/xla/xla/stream_executor/cuda/cuda_status.cc:45
external/xla/xla/stream_executor/cuda/cuda_device_allocator.cc:226
external/xla/xla/stream_executor/cuda/cuda_device_allocator.cc:403

E0728 07:23:41.017762   95775 cuda_executor.cc:1176] [0] Failed to allocate device memory of 162.66MiB (170565120 bytes): RESOURCE_EXHAUSTED: : CUDA_ERROR_OUT_OF_MEMORY: out of memory
=== Source Location Trace: === 
external/xla/xla/stream_executor/cuda/cuda_status.cc:45
external/xla/xla/stream_executor/cuda/cuda_device_allocator.cc:226
external/xla/xla/stream_executor/cuda/cuda_device_allocator.cc:403

E0728 07:23:41.017797   95775 cuda_executor.cc:1176] [0] Failed to allocate device memory of 146.40MiB (153508608 bytes): RESOURCE_EXHAUSTED: : CUDA_ERROR_OUT_OF_MEMORY: out of memory
=== Source Location Trace: === 
external/xla/xla/stream_executor/cuda/cuda_status.cc:45
external/xla/xla/stream_executor/cuda/cuda_device_allocator.cc:226
external/xla/xla/stream_executor/cuda/cuda_device_allocator.cc:403

E0728 07:23:41.017831   95775 cuda_executor.cc:1176] [0] Failed to allocate device memory of 131.76MiB (138157824 bytes): RESOURCE_EXHAUSTED: : CUDA_ERROR_OUT_OF_MEMORY: out of memory
=== Source Location Trace: === 
external/xla/xla/stream_executor/cuda/cuda_status.cc:45
external/xla/xla/stream_executor/cuda/cuda_device_allocator.cc:226
external/xla/xla/stream_executor/cuda/cuda_device_allocator.cc:403

E0728 07:23:41.017866   95775 cuda_executor.cc:1176] [0] Failed to allocate device memory of 118.58MiB (124342272 bytes): RESOURCE_EXHAUSTED: : CUDA_ERROR_OUT_OF_MEMORY: out of memory
=== Source Location Trace: === 
external/xla/xla/stream_executor/cuda/cuda_status.cc:45
external/xla/xla/stream_executor/cuda/cuda_device_allocator.cc:226
external/xla/xla/stream_executor/cuda/cuda_device_allocator.cc:403

E0728 07:23:41.017905   95775 cuda_executor.cc:1176] [0] Failed to allocate device memory of 106.72MiB (111908096 bytes): RESOURCE_EXHAUSTED: : CUDA_ERROR_OUT_OF_MEMORY: out of memory
=== Source Location Trace: === 
external/xla/xla/stream_executor/cuda/cuda_status.cc:45
external/xla/xla/stream_executor/cuda/cuda_device_allocator.cc:226
external/xla/xla/stream_executor/cuda/cuda_device_allocator.cc:403

E0728 07:23:41.017944   95775 cuda_executor.cc:1176] [0] Failed to allocate device memory of 96.05MiB (100717312 bytes): RESOURCE_EXHAUSTED: : CUDA_ERROR_OUT_OF_MEMORY: out of memory
=== Source Location Trace: === 
external/xla/xla/stream_executor/cuda/cuda_status.cc:45
external/xla/xla/stream_executor/cuda/cuda_device_allocator.cc:226
external/xla/xla/stream_executor/cuda/cuda_device_allocator.cc:403

E0728 07:23:41.017978   95775 cuda_executor.cc:1176] [0] Failed to allocate device memory of 86.45MiB (90645760 bytes): RESOURCE_EXHAUSTED: : CUDA_ERROR_OUT_OF_MEMORY: out of memory
=== Source Location Trace: === 
external/xla/xla/stream_executor/cuda/cuda_status.cc:45
external/xla/xla/stream_executor/cuda/cuda_device_allocator.cc:226
external/xla/xla/stream_executor/cuda/cuda_device_allocator.cc:403

E0728 07:23:41.018014   95775 cuda_executor.cc:1176] [0] Failed to allocate device memory of 77.80MiB (81581312 bytes): RESOURCE_EXHAUSTED: : CUDA_ERROR_OUT_OF_MEMORY: out of memory
=== Source Location Trace: === 
external/xla/xla/stream_executor/cuda/cuda_status.cc:45
external/xla/xla/stream_executor/cuda/cuda_device_allocator.cc:226
external/xla/xla/stream_executor/cuda/cuda_device_allocator.cc:403

E0728 07:23:41.018048   95775 cuda_executor.cc:1176] [0] Failed to allocate device memory of 70.02MiB (73423360 bytes): RESOURCE_EXHAUSTED: : CUDA_ERROR_OUT_OF_MEMORY: out of memory
=== Source Location Trace: === 
external/xla/xla/stream_executor/cuda/cuda_status.cc:45
external/xla/xla/stream_executor/cuda/cuda_device_allocator.cc:226
external/xla/xla/stream_executor/cuda/cuda_device_allocator.cc:403

E0728 07:23:41.018091   95775 cuda_executor.cc:1176] [0] Failed to allocate device memory of 63.02MiB (66081024 bytes): RESOURCE_EXHAUSTED: : CUDA_ERROR_OUT_OF_MEMORY: out of memory
=== Source Location Trace: === 
external/xla/xla/stream_executor/cuda/cuda_status.cc:45
external/xla/xla/stream_executor/cuda/cuda_device_allocator.cc:226
external/xla/xla/stream_executor/cuda/cuda_device_allocator.cc:403

E0728 07:23:41.018127   95775 cuda_executor.cc:1176] [0] Failed to allocate device memory of 56.72MiB (59473152 bytes): RESOURCE_EXHAUSTED: : CUDA_ERROR_OUT_OF_MEMORY: out of memory
=== Source Location Trace: === 
external/xla/xla/stream_executor/cuda/cuda_status.cc:45
external/xla/xla/stream_executor/cuda/cuda_device_allocator.cc:226
external/xla/xla/stream_executor/cuda/cuda_device_allocator.cc:403

E0728 07:23:41.018162   95775 cuda_executor.cc:1176] [0] Failed to allocate device memory of 51.05MiB (53526016 bytes): RESOURCE_EXHAUSTED: : CUDA_ERROR_OUT_OF_MEMORY: out of memory
=== Source Location Trace: === 
external/xla/xla/stream_executor/cuda/cuda_status.cc:45
external/xla/xla/stream_executor/cuda/cuda_device_allocator.cc:226
external/xla/xla/stream_executor/cuda/cuda_device_allocator.cc:403

E0728 07:23:41.018200   95775 cuda_executor.cc:1176] [0] Failed to allocate device memory of 45.94MiB (48173568 bytes): RESOURCE_EXHAUSTED: : CUDA_ERROR_OUT_OF_MEMORY: out of memory
=== Source Location Trace: === 
external/xla/xla/stream_executor/cuda/cuda_status.cc:45
external/xla/xla/stream_executor/cuda/cuda_device_allocator.cc:226
external/xla/xla/stream_executor/cuda/cuda_device_allocator.cc:403

E0728 07:23:41.018234   95775 cuda_executor.cc:1176] [0] Failed to allocate device memory of 41.35MiB (43356416 bytes): RESOURCE_EXHAUSTED: : CUDA_ERROR_OUT_OF_MEMORY: out of memory
=== Source Location Trace: === 
external/xla/xla/stream_executor/cuda/cuda_status.cc:45
external/xla/xla/stream_executor/cuda/cuda_device_allocator.cc:226
external/xla/xla/stream_executor/cuda/cuda_device_allocator.cc:403

E0728 07:23:41.018268   95775 cuda_executor.cc:1176] [0] Failed to allocate device memory of 37.21MiB (39020800 bytes): RESOURCE_EXHAUSTED: : CUDA_ERROR_OUT_OF_MEMORY: out of memory
=== Source Location Trace: === 
external/xla/xla/stream_executor/cuda/cuda_status.cc:45
external/xla/xla/stream_executor/cuda/cuda_device_allocator.cc:226
external/xla/xla/stream_executor/cuda/cuda_device_allocator.cc:403

E0728 07:23:41.018303   95775 cuda_executor.cc:1176] [0] Failed to allocate device memory of 33.49MiB (35118848 bytes): RESOURCE_EXHAUSTED: : CUDA_ERROR_OUT_OF_MEMORY: out of memory
=== Source Location Trace: === 
external/xla/xla/stream_executor/cuda/cuda_status.cc:45
external/xla/xla/stream_executor/cuda/cuda_device_allocator.cc:226
external/xla/xla/stream_executor/cuda/cuda_device_allocator.cc:403

E0728 07:23:41.018337   95775 cuda_executor.cc:1176] [0] Failed to allocate device memory of 30.14MiB (31607040 bytes): RESOURCE_EXHAUSTED: : CUDA_ERROR_OUT_OF_MEMORY: out of memory
=== Source Location Trace: === 
external/xla/xla/stream_executor/cuda/cuda_status.cc:45
external/xla/xla/stream_executor/cuda/cuda_device_allocator.cc:226
external/xla/xla/stream_executor/cuda/cuda_device_allocator.cc:403

E0728 07:23:41.018373   95775 cuda_executor.cc:1176] [0] Failed to allocate device memory of 27.13MiB (28446464 bytes): RESOURCE_EXHAUSTED: : CUDA_ERROR_OUT_OF_MEMORY: out of memory
=== Source Location Trace: === 
external/xla/xla/stream_executor/cuda/cuda_status.cc:45
external/xla/xla/stream_executor/cuda/cuda_device_allocator.cc:226
external/xla/xla/stream_executor/cuda/cuda_device_allocator.cc:403

E0728 07:23:41.018408   95775 cuda_executor.cc:1176] [0] Failed to allocate device memory of 24.42MiB (25602048 bytes): RESOURCE_EXHAUSTED: : CUDA_ERROR_OUT_OF_MEMORY: out of memory
=== Source Location Trace: === 
external/xla/xla/stream_executor/cuda/cuda_status.cc:45
external/xla/xla/stream_executor/cuda/cuda_device_allocator.cc:226
external/xla/xla/stream_executor/cuda/cuda_device_allocator.cc:403

E0728 07:23:41.018485   95775 cuda_executor.cc:1176] [0] Failed to allocate device memory of 64.44GiB (69193433088 bytes): RESOURCE_EXHAUSTED: : CUDA_ERROR_OUT_OF_MEMORY: out of memory
=== Source Location Trace: === 
external/xla/xla/stream_executor/cuda/cuda_status.cc:45
external/xla/xla/stream_executor/cuda/cuda_device_allocator.cc:226
external/xla/xla/stream_executor/cuda/cuda_device_allocator.cc:403

E0728 07:23:41.018640   95775 cuda_executor.cc:1176] [0] Failed to allocate device memory of 58.00GiB (62274088960 bytes): RESOURCE_EXHAUSTED: : CUDA_ERROR_OUT_OF_MEMORY: out of memory
=== Source Location Trace: === 
external/xla/xla/stream_executor/cuda/cuda_status.cc:45
external/xla/xla/stream_executor/cuda/cuda_device_allocator.cc:226
external/xla/xla/stream_executor/cuda/cuda_device_allocator.cc:403

E0728 07:23:41.018704   95775 cuda_executor.cc:1176] [0] Failed to allocate device memory of 52.20GiB (56046678016 bytes): RESOURCE_EXHAUSTED: : CUDA_ERROR_OUT_OF_MEMORY: out of memory
=== Source Location Trace: === 
external/xla/xla/stream_executor/cuda/cuda_status.cc:45
external/xla/xla/stream_executor/cuda/cuda_device_allocator.cc:226
external/xla/xla/stream_executor/cuda/cuda_device_allocator.cc:403

E0728 07:23:41.018767   95775 cuda_executor.cc:1176] [0] Failed to allocate device memory of 46.98GiB (50442010624 bytes): RESOURCE_EXHAUSTED: : CUDA_ERROR_OUT_OF_MEMORY: out of memory
=== Source Location Trace: === 
external/xla/xla/stream_executor/cuda/cuda_status.cc:45
external/xla/xla/stream_executor/cuda/cuda_device_allocator.cc:226
external/xla/xla/stream_executor/cuda/cuda_device_allocator.cc:403

E0728 07:23:41.018825   95775 cuda_executor.cc:1176] [0] Failed to allocate device memory of 42.28GiB (45397807104 bytes): RESOURCE_EXHAUSTED: : CUDA_ERROR_OUT_OF_MEMORY: out of memory
=== Source Location Trace: === 
external/xla/xla/stream_executor/cuda/cuda_status.cc:45
external/xla/xla/stream_executor/cuda/cuda_device_allocator.cc:226
external/xla/xla/stream_executor/cuda/cuda_device_allocator.cc:403

E0728 07:23:41.018880   95775 cuda_executor.cc:1176] [0] Failed to allocate device memory of 38.05GiB (40858025984 bytes): RESOURCE_EXHAUSTED: : CUDA_ERROR_OUT_OF_MEMORY: out of memory
=== Source Location Trace: === 
external/xla/xla/stream_executor/cuda/cuda_status.cc:45
external/xla/xla/stream_executor/cuda/cuda_device_allocator.cc:226
external/xla/xla/stream_executor/cuda/cuda_device_allocator.cc:403

E0728 07:23:41.018938   95775 cuda_executor.cc:1176] [0] Failed to allocate device memory of 34.25GiB (36772220928 bytes): RESOURCE_EXHAUSTED: : CUDA_ERROR_OUT_OF_MEMORY: out of memory
=== Source Location Trace: === 
external/xla/xla/stream_executor/cuda/cuda_status.cc:45
external/xla/xla/stream_executor/cuda/cuda_device_allocator.cc:226
external/xla/xla/stream_executor/cuda/cuda_device_allocator.cc:403

E0728 07:23:41.018990   95775 cuda_executor.cc:1176] [0] Failed to allocate device memory of 30.82GiB (33094998016 bytes): RESOURCE_EXHAUSTED: : CUDA_ERROR_OUT_OF_MEMORY: out of memory
=== Source Location Trace: === 
external/xla/xla/stream_executor/cuda/cuda_status.cc:45
external/xla/xla/stream_executor/cuda/cuda_device_allocator.cc:226
external/xla/xla/stream_executor/cuda/cuda_device_allocator.cc:403

E0728 07:23:41.019121   95775 cuda_executor.cc:1176] [0] Failed to allocate device memory of 27.74GiB (29785497600 bytes): RESOURCE_EXHAUSTED: : CUDA_ERROR_OUT_OF_MEMORY: out of memory
=== Source Location Trace: === 
external/xla/xla/stream_executor/cuda/cuda_status.cc:45
external/xla/xla/stream_executor/cuda/cuda_device_allocator.cc:226
external/xla/xla/stream_executor/cuda/cuda_device_allocator.cc:403

E0728 07:23:41.019179   95775 cuda_executor.cc:1176] [0] Failed to allocate device memory of 24.97GiB (26806947840 bytes): RESOURCE_EXHAUSTED: : CUDA_ERROR_OUT_OF_MEMORY: out of memory
=== Source Location Trace: === 
external/xla/xla/stream_executor/cuda/cuda_status.cc:45
external/xla/xla/stream_executor/cuda/cuda_device_allocator.cc:226
external/xla/xla/stream_executor/cuda/cuda_device_allocator.cc:403

E0728 07:23:41.019224   95775 cuda_executor.cc:1176] [0] Failed to allocate device memory of 22.47GiB (24126253056 bytes): RESOURCE_EXHAUSTED: : CUDA_ERROR_OUT_OF_MEMORY: out of memory
=== Source Location Trace: === 
external/xla/xla/stream_executor/cuda/cuda_status.cc:45
external/xla/xla/stream_executor/cuda/cuda_device_allocator.cc:226
external/xla/xla/stream_executor/cuda/cuda_device_allocator.cc:403

E0728 07:23:41.019269   95775 cuda_executor.cc:1176] [0] Failed to allocate device memory of 20.22GiB (21713627136 bytes): RESOURCE_EXHAUSTED: : CUDA_ERROR_OUT_OF_MEMORY: out of memory
=== Source Location Trace: === 
external/xla/xla/stream_executor/cuda/cuda_status.cc:45
external/xla/xla/stream_executor/cuda/cuda_device_allocator.cc:226
external/xla/xla/stream_executor/cuda/cuda_device_allocator.cc:403

E0728 07:23:41.019312   95775 cuda_executor.cc:1176] [0] Failed to allocate device memory of 18.20GiB (19542263808 bytes): RESOURCE_EXHAUSTED: : CUDA_ERROR_OUT_OF_MEMORY: out of memory
=== Source Location Trace: === 
external/xla/xla/stream_executor/cuda/cuda_status.cc:45
external/xla/xla/stream_executor/cuda/cuda_device_allocator.cc:226
external/xla/xla/stream_executor/cuda/cuda_device_allocator.cc:403

E0728 07:23:41.019354   95775 cuda_executor.cc:1176] [0] Failed to allocate device memory of 16.38GiB (17588037632 bytes): RESOURCE_EXHAUSTED: : CUDA_ERROR_OUT_OF_MEMORY: out of memory
=== Source Location Trace: === 
external/xla/xla/stream_executor/cuda/cuda_status.cc:45
external/xla/xla/stream_executor/cuda/cuda_device_allocator.cc:226
external/xla/xla/stream_executor/cuda/cuda_device_allocator.cc:403

E0728 07:23:41.019399   95775 cuda_executor.cc:1176] [0] Failed to allocate device memory of 14.74GiB (15829233664 bytes): RESOURCE_EXHAUSTED: : CUDA_ERROR_OUT_OF_MEMORY: out of memory
=== Source Location Trace: === 
external/xla/xla/stream_executor/cuda/cuda_status.cc:45
external/xla/xla/stream_executor/cuda/cuda_device_allocator.cc:226
external/xla/xla/stream_executor/cuda/cuda_device_allocator.cc:403

E0728 07:23:41.019439   95775 cuda_executor.cc:1176] [0] Failed to allocate device memory of 13.27GiB (14246309888 bytes): RESOURCE_EXHAUSTED: : CUDA_ERROR_OUT_OF_MEMORY: out of memory
=== Source Location Trace: === 
external/xla/xla/stream_executor/cuda/cuda_status.cc:45
external/xla/xla/stream_executor/cuda/cuda_device_allocator.cc:226
external/xla/xla/stream_executor/cuda/cuda_device_allocator.cc:403

E0728 07:23:41.019478   95775 cuda_executor.cc:1176] [0] Failed to allocate device memory of 11.94GiB (12821678080 bytes): RESOURCE_EXHAUSTED: : CUDA_ERROR_OUT_OF_MEMORY: out of memory
=== Source Location Trace: === 
external/xla/xla/stream_executor/cuda/cuda_status.cc:45
external/xla/xla/stream_executor/cuda/cuda_device_allocator.cc:226
external/xla/xla/stream_executor/cuda/cuda_device_allocator.cc:403

E0728 07:23:41.019516   95775 cuda_executor.cc:1176] [0] Failed to allocate device memory of 10.75GiB (11539510272 bytes): RESOURCE_EXHAUSTED: : CUDA_ERROR_OUT_OF_MEMORY: out of memory
=== Source Location Trace: === 
external/xla/xla/stream_executor/cuda/cuda_status.cc:45
external/xla/xla/stream_executor/cuda/cuda_device_allocator.cc:226
external/xla/xla/stream_executor/cuda/cuda_device_allocator.cc:403

E0728 07:23:41.019556   95775 cuda_executor.cc:1176] [0] Failed to allocate device memory of 9.67GiB (10385558528 bytes): RESOURCE_EXHAUSTED: : CUDA_ERROR_OUT_OF_MEMORY: out of memory
=== Source Location Trace: === 
external/xla/xla/stream_executor/cuda/cuda_status.cc:45
external/xla/xla/stream_executor/cuda/cuda_device_allocator.cc:226
external/xla/xla/stream_executor/cuda/cuda_device_allocator.cc:403

E0728 07:23:41.019593   95775 cuda_executor.cc:1176] [0] Failed to allocate device memory of 8.70GiB (9347002368 bytes): RESOURCE_EXHAUSTED: : CUDA_ERROR_OUT_OF_MEMORY: out of memory
=== Source Location Trace: === 
external/xla/xla/stream_executor/cuda/cuda_status.cc:45
external/xla/xla/stream_executor/cuda/cuda_device_allocator.cc:226
external/xla/xla/stream_executor/cuda/cuda_device_allocator.cc:403

E0728 07:23:41.019629   95775 cuda_executor.cc:1176] [0] Failed to allocate device memory of 7.83GiB (8412301824 bytes): RESOURCE_EXHAUSTED: : CUDA_ERROR_OUT_OF_MEMORY: out of memory
=== Source Location Trace: === 
external/xla/xla/stream_executor/cuda/cuda_status.cc:45
external/xla/xla/stream_executor/cuda/cuda_device_allocator.cc:226
external/xla/xla/stream_executor/cuda/cuda_device_allocator.cc:403

E0728 07:23:41.019669   95775 cuda_executor.cc:1176] [0] Failed to allocate device memory of 7.05GiB (7571071488 bytes): RESOURCE_EXHAUSTED: : CUDA_ERROR_OUT_OF_MEMORY: out of memory
=== Source Location Trace: === 
external/xla/xla/stream_executor/cuda/cuda_status.cc:45
external/xla/xla/stream_executor/cuda/cuda_device_allocator.cc:226
external/xla/xla/stream_executor/cuda/cuda_device_allocator.cc:403

E0728 07:23:41.019709   95775 cuda_executor.cc:1176] [0] Failed to allocate device memory of 6.35GiB (6813964288 bytes): RESOURCE_EXHAUSTED: : CUDA_ERROR_OUT_OF_MEMORY: out of memory
=== Source Location Trace: === 
external/xla/xla/stream_executor/cuda/cuda_status.cc:45
external/xla/xla/stream_executor/cuda/cuda_device_allocator.cc:226
external/xla/xla/stream_executor/cuda/cuda_device_allocator.cc:403

E0728 07:23:41.019747   95775 cuda_executor.cc:1176] [0] Failed to allocate device memory of 5.71GiB (6132567552 bytes): RESOURCE_EXHAUSTED: : CUDA_ERROR_OUT_OF_MEMORY: out of memory
=== Source Location Trace: === 
external/xla/xla/stream_executor/cuda/cuda_status.cc:45
external/xla/xla/stream_executor/cuda/cuda_device_allocator.cc:226
external/xla/xla/stream_executor/cuda/cuda_device_allocator.cc:403

E0728 07:23:41.019789   95775 cuda_executor.cc:1176] [0] Failed to allocate device memory of 5.14GiB (5519310848 bytes): RESOURCE_EXHAUSTED: : CUDA_ERROR_OUT_OF_MEMORY: out of memory
=== Source Location Trace: === 
external/xla/xla/stream_executor/cuda/cuda_status.cc:45
external/xla/xla/stream_executor/cuda/cuda_device_allocator.cc:226
external/xla/xla/stream_executor/cuda/cuda_device_allocator.cc:403

E0728 07:23:41.019827   95775 cuda_executor.cc:1176] [0] Failed to allocate device memory of 4.63GiB (4967379456 bytes): RESOURCE_EXHAUSTED: : CUDA_ERROR_OUT_OF_MEMORY: out of memory
=== Source Location Trace: === 
external/xla/xla/stream_executor/cuda/cuda_status.cc:45
external/xla/xla/stream_executor/cuda/cuda_device_allocator.cc:226
external/xla/xla/stream_executor/cuda/cuda_device_allocator.cc:403

E0728 07:23:41.019868   95775 cuda_executor.cc:1176] [0] Failed to allocate device memory of 4.16GiB (4470641152 bytes): RESOURCE_EXHAUSTED: : CUDA_ERROR_OUT_OF_MEMORY: out of memory
=== Source Location Trace: === 
external/xla/xla/stream_executor/cuda/cuda_status.cc:45
external/xla/xla/stream_executor/cuda/cuda_device_allocator.cc:226
external/xla/xla/stream_executor/cuda/cuda_device_allocator.cc:403

E0728 07:23:41.019910   95775 cuda_executor.cc:1176] [0] Failed to allocate device memory of 3.75GiB (4023576832 bytes): RESOURCE_EXHAUSTED: : CUDA_ERROR_OUT_OF_MEMORY: out of memory
=== Source Location Trace: === 
external/xla/xla/stream_executor/cuda/cuda_status.cc:45
external/xla/xla/stream_executor/cuda/cuda_device_allocator.cc:226
external/xla/xla/stream_executor/cuda/cuda_device_allocator.cc:403

E0728 07:23:41.019951   95775 cuda_executor.cc:1176] [0] Failed to allocate device memory of 3.37GiB (3621219072 bytes): RESOURCE_EXHAUSTED: : CUDA_ERROR_OUT_OF_MEMORY: out of memory
=== Source Location Trace: === 
external/xla/xla/stream_executor/cuda/cuda_status.cc:45
external/xla/xla/stream_executor/cuda/cuda_device_allocator.cc:226
external/xla/xla/stream_executor/cuda/cuda_device_allocator.cc:403

E0728 07:23:41.019988   95775 cuda_executor.cc:1176] [0] Failed to allocate device memory of 3.04GiB (3259097088 bytes): RESOURCE_EXHAUSTED: : CUDA_ERROR_OUT_OF_MEMORY: out of memory
=== Source Location Trace: === 
external/xla/xla/stream_executor/cuda/cuda_status.cc:45
external/xla/xla/stream_executor/cuda/cuda_device_allocator.cc:226
external/xla/xla/stream_executor/cuda/cuda_device_allocator.cc:403

E0728 07:23:41.020025   95775 cuda_executor.cc:1176] [0] Failed to allocate device memory of 2.73GiB (2933187328 bytes): RESOURCE_EXHAUSTED: : CUDA_ERROR_OUT_OF_MEMORY: out of memory
=== Source Location Trace: === 
external/xla/xla/stream_executor/cuda/cuda_status.cc:45
external/xla/xla/stream_executor/cuda/cuda_device_allocator.cc:226
external/xla/xla/stream_executor/cuda/cuda_device_allocator.cc:403

E0728 07:23:41.020061   95775 cuda_executor.cc:1176] [0] Failed to allocate device memory of 2.46GiB (2639868416 bytes): RESOURCE_EXHAUSTED: : CUDA_ERROR_OUT_OF_MEMORY: out of memory
=== Source Location Trace: === 
external/xla/xla/stream_executor/cuda/cuda_status.cc:45
external/xla/xla/stream_executor/cuda/cuda_device_allocator.cc:226
external/xla/xla/stream_executor/cuda/cuda_device_allocator.cc:403

E0728 07:23:41.020103   95775 cuda_executor.cc:1176] [0] Failed to allocate device memory of 2.21GiB (2375881472 bytes): RESOURCE_EXHAUSTED: : CUDA_ERROR_OUT_OF_MEMORY: out of memory
=== Source Location Trace: === 
external/xla/xla/stream_executor/cuda/cuda_status.cc:45
external/xla/xla/stream_executor/cuda/cuda_device_allocator.cc:226
external/xla/xla/stream_executor/cuda/cuda_device_allocator.cc:403

E0728 07:23:41.020141   95775 cuda_executor.cc:1176] [0] Failed to allocate device memory of 1.99GiB (2138293248 bytes): RESOURCE_EXHAUSTED: : CUDA_ERROR_OUT_OF_MEMORY: out of memory
=== Source Location Trace: === 
external/xla/xla/stream_executor/cuda/cuda_status.cc:45
external/xla/xla/stream_executor/cuda/cuda_device_allocator.cc:226
external/xla/xla/stream_executor/cuda/cuda_device_allocator.cc:403

E0728 07:23:41.020177   95775 cuda_executor.cc:1176] [0] Failed to allocate device memory of 1.79GiB (1924463872 bytes): RESOURCE_EXHAUSTED: : CUDA_ERROR_OUT_OF_MEMORY: out of memory
=== Source Location Trace: === 
external/xla/xla/stream_executor/cuda/cuda_status.cc:45
external/xla/xla/stream_executor/cuda/cuda_device_allocator.cc:226
external/xla/xla/stream_executor/cuda/cuda_device_allocator.cc:403

E0728 07:23:41.020212   95775 cuda_executor.cc:1176] [0] Failed to allocate device memory of 1.61GiB (1732017408 bytes): RESOURCE_EXHAUSTED: : CUDA_ERROR_OUT_OF_MEMORY: out of memory
=== Source Location Trace: === 
external/xla/xla/stream_executor/cuda/cuda_status.cc:45
external/xla/xla/stream_executor/cuda/cuda_device_allocator.cc:226
external/xla/xla/stream_executor/cuda/cuda_device_allocator.cc:403

E0728 07:23:41.020247   95775 cuda_executor.cc:1176] [0] Failed to allocate device memory of 1.45GiB (1558815744 bytes): RESOURCE_EXHAUSTED: : CUDA_ERROR_OUT_OF_MEMORY: out of memory
=== Source Location Trace: === 
external/xla/xla/stream_executor/cuda/cuda_status.cc:45
external/xla/xla/stream_executor/cuda/cuda_device_allocator.cc:226
external/xla/xla/stream_executor/cuda/cuda_device_allocator.cc:403

E0728 07:23:41.020282   95775 cuda_executor.cc:1176] [0] Failed to allocate device memory of 1.31GiB (1402934272 bytes): RESOURCE_EXHAUSTED: : CUDA_ERROR_OUT_OF_MEMORY: out of memory
=== Source Location Trace: === 
external/xla/xla/stream_executor/cuda/cuda_status.cc:45
external/xla/xla/stream_executor/cuda/cuda_device_allocator.cc:226
external/xla/xla/stream_executor/cuda/cuda_device_allocator.cc:403

E0728 07:23:41.020319   95775 cuda_executor.cc:1176] [0] Failed to allocate device memory of 1.18GiB (1262640896 bytes): RESOURCE_EXHAUSTED: : CUDA_ERROR_OUT_OF_MEMORY: out of memory
=== Source Location Trace: === 
external/xla/xla/stream_executor/cuda/cuda_status.cc:45
external/xla/xla/stream_executor/cuda/cuda_device_allocator.cc:226
external/xla/xla/stream_executor/cuda/cuda_device_allocator.cc:403

E0728 07:23:41.020354   95775 cuda_executor.cc:1176] [0] Failed to allocate device memory of 1.06GiB (1136376832 bytes): RESOURCE_EXHAUSTED: : CUDA_ERROR_OUT_OF_MEMORY: out of memory
=== Source Location Trace: === 
external/xla/xla/stream_executor/cuda/cuda_status.cc:45
external/xla/xla/stream_executor/cuda/cuda_device_allocator.cc:226
external/xla/xla/stream_executor/cuda/cuda_device_allocator.cc:403

E0728 07:23:41.020389   95775 cuda_executor.cc:1176] [0] Failed to allocate device memory of 975.36MiB (1022739200 bytes): RESOURCE_EXHAUSTED: : CUDA_ERROR_OUT_OF_MEMORY: out of memory
=== Source Location Trace: === 
external/xla/xla/stream_executor/cuda/cuda_status.cc:45
external/xla/xla/stream_executor/cuda/cuda_device_allocator.cc:226
external/xla/xla/stream_executor/cuda/cuda_device_allocator.cc:403

E0728 07:23:41.020425   95775 cuda_executor.cc:1176] [0] Failed to allocate device memory of 877.82MiB (920465408 bytes): RESOURCE_EXHAUSTED: : CUDA_ERROR_OUT_OF_MEMORY: out of memory
=== Source Location Trace: === 
external/xla/xla/stream_executor/cuda/cuda_status.cc:45
external/xla/xla/stream_executor/cuda/cuda_device_allocator.cc:226
external/xla/xla/stream_executor/cuda/cuda_device_allocator.cc:403

E0728 07:23:41.020459   95775 cuda_executor.cc:1176] [0] Failed to allocate device memory of 790.04MiB (828418816 bytes): RESOURCE_EXHAUSTED: : CUDA_ERROR_OUT_OF_MEMORY: out of memory
=== Source Location Trace: === 
external/xla/xla/stream_executor/cuda/cuda_status.cc:45
external/xla/xla/stream_executor/cuda/cuda_device_allocator.cc:226
external/xla/xla/stream_executor/cuda/cuda_device_allocator.cc:403

E0728 07:23:41.020494   95775 cuda_executor.cc:1176] [0] Failed to allocate device memory of 711.04MiB (745576960 bytes): RESOURCE_EXHAUSTED: : CUDA_ERROR_OUT_OF_MEMORY: out of memory
=== Source Location Trace: === 
external/xla/xla/stream_executor/cuda/cuda_status.cc:45
external/xla/xla/stream_executor/cuda/cuda_device_allocator.cc:226
external/xla/xla/stream_executor/cuda/cuda_device_allocator.cc:403

E0728 07:23:41.020529   95775 cuda_executor.cc:1176] [0] Failed to allocate device memory of 639.93MiB (671019264 bytes): RESOURCE_EXHAUSTED: : CUDA_ERROR_OUT_OF_MEMORY: out of memory
=== Source Location Trace: === 
external/xla/xla/stream_executor/cuda/cuda_status.cc:45
external/xla/xla/stream_executor/cuda/cuda_device_allocator.cc:226
external/xla/xla/stream_executor/cuda/cuda_device_allocator.cc:403

E0728 07:23:41.020564   95775 cuda_executor.cc:1176] [0] Failed to allocate device memory of 575.94MiB (603917312 bytes): RESOURCE_EXHAUSTED: : CUDA_ERROR_OUT_OF_MEMORY: out of memory
=== Source Location Trace: === 
external/xla/xla/stream_executor/cuda/cuda_status.cc:45
external/xla/xla/stream_executor/cuda/cuda_device_allocator.cc:226
external/xla/xla/stream_executor/cuda/cuda_device_allocator.cc:403

E0728 07:23:41.020598   95775 cuda_executor.cc:1176] [0] Failed to allocate device memory of 518.35MiB (543525632 bytes): RESOURCE_EXHAUSTED: : CUDA_ERROR_OUT_OF_MEMORY: out of memory
=== Source Location Trace: === 
external/xla/xla/stream_executor/cuda/cuda_status.cc:45
external/xla/xla/stream_executor/cuda/cuda_device_allocator.cc:226
external/xla/xla/stream_executor/cuda/cuda_device_allocator.cc:403

E0728 07:23:41.020633   95775 cuda_executor.cc:1176] [0] Failed to allocate device memory of 466.51MiB (489173248 bytes): RESOURCE_EXHAUSTED: : CUDA_ERROR_OUT_OF_MEMORY: out of memory
=== Source Location Trace: === 
external/xla/xla/stream_executor/cuda/cuda_status.cc:45
external/xla/xla/stream_executor/cuda/cuda_device_allocator.cc:226
external/xla/xla/stream_executor/cuda/cuda_device_allocator.cc:403

E0728 07:23:41.020669   95775 cuda_executor.cc:1176] [0] Failed to allocate device memory of 419.86MiB (440256000 bytes): RESOURCE_EXHAUSTED: : CUDA_ERROR_OUT_OF_MEMORY: out of memory
=== Source Location Trace: === 
external/xla/xla/stream_executor/cuda/cuda_status.cc:45
external/xla/xla/stream_executor/cuda/cuda_device_allocator.cc:226
external/xla/xla/stream_executor/cuda/cuda_device_allocator.cc:403

E0728 07:23:41.020704   95775 cuda_executor.cc:1176] [0] Failed to allocate device memory of 377.87MiB (396230400 bytes): RESOURCE_EXHAUSTED: : CUDA_ERROR_OUT_OF_MEMORY: out of memory
=== Source Location Trace: === 
external/xla/xla/stream_executor/cuda/cuda_status.cc:45
external/xla/xla/stream_executor/cuda/cuda_device_allocator.cc:226
external/xla/xla/stream_executor/cuda/cuda_device_allocator.cc:403

E0728 07:23:41.020738   95775 cuda_executor.cc:1176] [0] Failed to allocate device memory of 340.09MiB (356607488 bytes): RESOURCE_EXHAUSTED: : CUDA_ERROR_OUT_OF_MEMORY: out of memory
=== Source Location Trace: === 
external/xla/xla/stream_executor/cuda/cuda_status.cc:45
external/xla/xla/stream_executor/cuda/cuda_device_allocator.cc:226
external/xla/xla/stream_executor/cuda/cuda_device_allocator.cc:403

E0728 07:23:41.020773   95775 cuda_executor.cc:1176] [0] Failed to allocate device memory of 306.08MiB (320946944 bytes): RESOURCE_EXHAUSTED: : CUDA_ERROR_OUT_OF_MEMORY: out of memory
=== Source Location Trace: === 
external/xla/xla/stream_executor/cuda/cuda_status.cc:45
external/xla/xla/stream_executor/cuda/cuda_device_allocator.cc:226
external/xla/xla/stream_executor/cuda/cuda_device_allocator.cc:403

E0728 07:23:41.020807   95775 cuda_executor.cc:1176] [0] Failed to allocate device memory of 275.47MiB (288852480 bytes): RESOURCE_EXHAUSTED: : CUDA_ERROR_OUT_OF_MEMORY: out of memory
=== Source Location Trace: === 
external/xla/xla/stream_executor/cuda/cuda_status.cc:45
external/xla/xla/stream_executor/cuda/cuda_device_allocator.cc:226
external/xla/xla/stream_executor/cuda/cuda_device_allocator.cc:403

E0728 07:23:41.020842   95775 cuda_executor.cc:1176] [0] Failed to allocate device memory of 247.92MiB (259967232 bytes): RESOURCE_EXHAUSTED: : CUDA_ERROR_OUT_OF_MEMORY: out of memory
=== Source Location Trace: === 
external/xla/xla/stream_executor/cuda/cuda_status.cc:45
external/xla/xla/stream_executor/cuda/cuda_device_allocator.cc:226
external/xla/xla/stream_executor/cuda/cuda_device_allocator.cc:403

E0728 07:23:41.020876   95775 cuda_executor.cc:1176] [0] Failed to allocate device memory of 223.13MiB (233970688 bytes): RESOURCE_EXHAUSTED: : CUDA_ERROR_OUT_OF_MEMORY: out of memory
=== Source Location Trace: === 
external/xla/xla/stream_executor/cuda/cuda_status.cc:45
external/xla/xla/stream_executor/cuda/cuda_device_allocator.cc:226
external/xla/xla/stream_executor/cuda/cuda_device_allocator.cc:403

E0728 07:23:41.020915   95775 cuda_executor.cc:1176] [0] Failed to allocate device memory of 200.82MiB (210573824 bytes): RESOURCE_EXHAUSTED: : CUDA_ERROR_OUT_OF_MEMORY: out of memory
=== Source Location Trace: === 
external/xla/xla/stream_executor/cuda/cuda_status.cc:45
external/xla/xla/stream_executor/cuda/cuda_device_allocator.cc:226
external/xla/xla/stream_executor/cuda/cuda_device_allocator.cc:403

E0728 07:23:41.020950   95775 cuda_executor.cc:1176] [0] Failed to allocate device memory of 180.74MiB (189516544 bytes): RESOURCE_EXHAUSTED: : CUDA_ERROR_OUT_OF_MEMORY: out of memory
=== Source Location Trace: === 
external/xla/xla/stream_executor/cuda/cuda_status.cc:45
external/xla/xla/stream_executor/cuda/cuda_device_allocator.cc:226
external/xla/xla/stream_executor/cuda/cuda_device_allocator.cc:403

E0728 07:23:41.020984   95775 cuda_executor.cc:1176] [0] Failed to allocate device memory of 162.66MiB (170565120 bytes): RESOURCE_EXHAUSTED: : CUDA_ERROR_OUT_OF_MEMORY: out of memory
=== Source Location Trace: === 
external/xla/xla/stream_executor/cuda/cuda_status.cc:45
external/xla/xla/stream_executor/cuda/cuda_device_allocator.cc:226
external/xla/xla/stream_executor/cuda/cuda_device_allocator.cc:403

E0728 07:23:41.021020   95775 cuda_executor.cc:1176] [0] Failed to allocate device memory of 146.40MiB (153508608 bytes): RESOURCE_EXHAUSTED: : CUDA_ERROR_OUT_OF_MEMORY: out of memory
=== Source Location Trace: === 
external/xla/xla/stream_executor/cuda/cuda_status.cc:45
external/xla/xla/stream_executor/cuda/cuda_device_allocator.cc:226
external/xla/xla/stream_executor/cuda/cuda_device_allocator.cc:403

E0728 07:23:41.021055   95775 cuda_executor.cc:1176] [0] Failed to allocate device memory of 131.76MiB (138157824 bytes): RESOURCE_EXHAUSTED: : CUDA_ERROR_OUT_OF_MEMORY: out of memory
=== Source Location Trace: === 
external/xla/xla/stream_executor/cuda/cuda_status.cc:45
external/xla/xla/stream_executor/cuda/cuda_device_allocator.cc:226
external/xla/xla/stream_executor/cuda/cuda_device_allocator.cc:403

E0728 07:23:41.021094   95775 cuda_executor.cc:1176] [0] Failed to allocate device memory of 118.58MiB (124342272 bytes): RESOURCE_EXHAUSTED: : CUDA_ERROR_OUT_OF_MEMORY: out of memory
=== Source Location Trace: === 
external/xla/xla/stream_executor/cuda/cuda_status.cc:45
external/xla/xla/stream_executor/cuda/cuda_device_allocator.cc:226
external/xla/xla/stream_executor/cuda/cuda_device_allocator.cc:403

E0728 07:23:41.021131   95775 cuda_executor.cc:1176] [0] Failed to allocate device memory of 106.72MiB (111908096 bytes): RESOURCE_EXHAUSTED: : CUDA_ERROR_OUT_OF_MEMORY: out of memory
=== Source Location Trace: === 
external/xla/xla/stream_executor/cuda/cuda_status.cc:45
external/xla/xla/stream_executor/cuda/cuda_device_allocator.cc:226
external/xla/xla/stream_executor/cuda/cuda_device_allocator.cc:403

E0728 07:23:41.021165   95775 cuda_executor.cc:1176] [0] Failed to allocate device memory of 96.05MiB (100717312 bytes): RESOURCE_EXHAUSTED: : CUDA_ERROR_OUT_OF_MEMORY: out of memory
=== Source Location Trace: === 
external/xla/xla/stream_executor/cuda/cuda_status.cc:45
external/xla/xla/stream_executor/cuda/cuda_device_allocator.cc:226
external/xla/xla/stream_executor/cuda/cuda_device_allocator.cc:403

E0728 07:23:41.021199   95775 cuda_executor.cc:1176] [0] Failed to allocate device memory of 86.45MiB (90645760 bytes): RESOURCE_EXHAUSTED: : CUDA_ERROR_OUT_OF_MEMORY: out of memory
=== Source Location Trace: === 
external/xla/xla/stream_executor/cuda/cuda_status.cc:45
external/xla/xla/stream_executor/cuda/cuda_device_allocator.cc:226
external/xla/xla/stream_executor/cuda/cuda_device_allocator.cc:403

E0728 07:23:41.021234   95775 cuda_executor.cc:1176] [0] Failed to allocate device memory of 77.80MiB (81581312 bytes): RESOURCE_EXHAUSTED: : CUDA_ERROR_OUT_OF_MEMORY: out of memory
=== Source Location Trace: === 
external/xla/xla/stream_executor/cuda/cuda_status.cc:45
external/xla/xla/stream_executor/cuda/cuda_device_allocator.cc:226
external/xla/xla/stream_executor/cuda/cuda_device_allocator.cc:403

E0728 07:23:41.021268   95775 cuda_executor.cc:1176] [0] Failed to allocate device memory of 70.02MiB (73423360 bytes): RESOURCE_EXHAUSTED: : CUDA_ERROR_OUT_OF_MEMORY: out of memory
=== Source Location Trace: === 
external/xla/xla/stream_executor/cuda/cuda_status.cc:45
external/xla/xla/stream_executor/cuda/cuda_device_allocator.cc:226
external/xla/xla/stream_executor/cuda/cuda_device_allocator.cc:403

E0728 07:23:41.021302   95775 cuda_executor.cc:1176] [0] Failed to allocate device memory of 63.02MiB (66081024 bytes): RESOURCE_EXHAUSTED: : CUDA_ERROR_OUT_OF_MEMORY: out of memory
=== Source Location Trace: === 
external/xla/xla/stream_executor/cuda/cuda_status.cc:45
external/xla/xla/stream_executor/cuda/cuda_device_allocator.cc:226
external/xla/xla/stream_executor/cuda/cuda_device_allocator.cc:403

E0728 07:23:41.021336   95775 cuda_executor.cc:1176] [0] Failed to allocate device memory of 56.72MiB (59473152 bytes): RESOURCE_EXHAUSTED: : CUDA_ERROR_OUT_OF_MEMORY: out of memory
=== Source Location Trace: === 
external/xla/xla/stream_executor/cuda/cuda_status.cc:45
external/xla/xla/stream_executor/cuda/cuda_device_allocator.cc:226
external/xla/xla/stream_executor/cuda/cuda_device_allocator.cc:403

E0728 07:23:41.021372   95775 cuda_executor.cc:1176] [0] Failed to allocate device memory of 51.05MiB (53526016 bytes): RESOURCE_EXHAUSTED: : CUDA_ERROR_OUT_OF_MEMORY: out of memory
=== Source Location Trace: === 
external/xla/xla/stream_executor/cuda/cuda_status.cc:45
external/xla/xla/stream_executor/cuda/cuda_device_allocator.cc:226
external/xla/xla/stream_executor/cuda/cuda_device_allocator.cc:403

E0728 07:23:41.021407   95775 cuda_executor.cc:1176] [0] Failed to allocate device memory of 45.94MiB (48173568 bytes): RESOURCE_EXHAUSTED: : CUDA_ERROR_OUT_OF_MEMORY: out of memory
=== Source Location Trace: === 
external/xla/xla/stream_executor/cuda/cuda_status.cc:45
external/xla/xla/stream_executor/cuda/cuda_device_allocator.cc:226
external/xla/xla/stream_executor/cuda/cuda_device_allocator.cc:403

E0728 07:23:41.021441   95775 cuda_executor.cc:1176] [0] Failed to allocate device memory of 41.35MiB (43356416 bytes): RESOURCE_EXHAUSTED: : CUDA_ERROR_OUT_OF_MEMORY: out of memory
=== Source Location Trace: === 
external/xla/xla/stream_executor/cuda/cuda_status.cc:45
external/xla/xla/stream_executor/cuda/cuda_device_allocator.cc:226
external/xla/xla/stream_executor/cuda/cuda_device_allocator.cc:403

E0728 07:23:41.021475   95775 cuda_executor.cc:1176] [0] Failed to allocate device memory of 37.21MiB (39020800 bytes): RESOURCE_EXHAUSTED: : CUDA_ERROR_OUT_OF_MEMORY: out of memory
=== Source Location Trace: === 
external/xla/xla/stream_executor/cuda/cuda_status.cc:45
external/xla/xla/stream_executor/cuda/cuda_device_allocator.cc:226
external/xla/xla/stream_executor/cuda/cuda_device_allocator.cc:403

E0728 07:23:41.021509   95775 cuda_executor.cc:1176] [0] Failed to allocate device memory of 33.49MiB (35118848 bytes): RESOURCE_EXHAUSTED: : CUDA_ERROR_OUT_OF_MEMORY: out of memory
=== Source Location Trace: === 
external/xla/xla/stream_executor/cuda/cuda_status.cc:45
external/xla/xla/stream_executor/cuda/cuda_device_allocator.cc:226
external/xla/xla/stream_executor/cuda/cuda_device_allocator.cc:403

E0728 07:23:41.021544   95775 cuda_executor.cc:1176] [0] Failed to allocate device memory of 30.14MiB (31607040 bytes): RESOURCE_EXHAUSTED: : CUDA_ERROR_OUT_OF_MEMORY: out of memory
=== Source Location Trace: === 
external/xla/xla/stream_executor/cuda/cuda_status.cc:45
external/xla/xla/stream_executor/cuda/cuda_device_allocator.cc:226
external/xla/xla/stream_executor/cuda/cuda_device_allocator.cc:403

E0728 07:23:41.021578   95775 cuda_executor.cc:1176] [0] Failed to allocate device memory of 27.13MiB (28446464 bytes): RESOURCE_EXHAUSTED: : CUDA_ERROR_OUT_OF_MEMORY: out of memory
=== Source Location Trace: === 
external/xla/xla/stream_executor/cuda/cuda_status.cc:45
external/xla/xla/stream_executor/cuda/cuda_device_allocator.cc:226
external/xla/xla/stream_executor/cuda/cuda_device_allocator.cc:403

E0728 07:23:41.021612   95775 cuda_executor.cc:1176] [0] Failed to allocate device memory of 24.42MiB (25602048 bytes): RESOURCE_EXHAUSTED: : CUDA_ERROR_OUT_OF_MEMORY: out of memory
=== Source Location Trace: === 
external/xla/xla/stream_executor/cuda/cuda_status.cc:45
external/xla/xla/stream_executor/cuda/cuda_device_allocator.cc:226
external/xla/xla/stream_executor/cuda/cuda_device_allocator.cc:403

F0728 07:23:51.804529   95775 bfc_allocator.cc:1055] Check failed: central_gap_ == kInvalidChunkHandle (444 vs. 18446744073709551615) spatial partitioning expects one central gap
*** Check failure stack trace: ***
    @     0x758c67bc4c94  absl::lts_20260526::log_internal::LogMessage::SendToLog()
    @     0x758c67bc4c16  absl::lts_20260526::log_internal::LogMessage::Flush()
    @     0x758c5df9b96a  tsl::BFCAllocator::InsertFreeChunk()
    @     0x758c5df9ae7b  tsl::BFCAllocator::Extend()
    @     0x758c5df9bec3  tsl::BFCAllocator::AllocateRawInternal()
    @     0x758c5dfa6600  tsl::AllocatorRetry::AllocateRaw()
    @     0x758c5df9bc75  tsl::BFCAllocator::AllocateRawInternalWithRetry()
    @     0x758c5df9c366  tsl::BFCAllocator::AllocateRaw()
    @     0x758c5c7ff9b1  stream_executor::TfAllocatorAdapter::Allocate()
    @     0x758c5c8008e0  stream_executor::MultiDeviceAdapter::Allocate()
    @     0x758c5c734df3  xla::PjRtStreamExecutorClient::AllocateRawBuffer()
    @     0x758c5c773de9  xla::CommonPjRtClient::BufferFromHostBuffer()
    @     0x758c5c6cb552  pjrt::PJRT_Client_BufferFromHostBuffer()
    @     0x7590ba4f4960  xla::PjRtCApiClient::BufferFromHostBufferInternalImpl()
    @     0x7590ba4f5192  xla::PjRtCApiClient::BufferFromHostBuffer()
    @     0x7590ba68cfb2  xla::ifrt::PjRtClient::MakeArrayFromHostBuffer()
    @     0x7590ba477b66  jax::(anonymous namespace)::MakeIfrtArrayFromFullyReplicatedShard()
    @     0x7590ba475fd2  jax::DevicePutWithSharding()
    @     0x7590ba41b111  jax::PyArray::BatchedDevicePut()
    @     0x7590be4132d3  jax::nanobind__jax_exec_impl()::$_48::operator()()
    @     0x7590be412ee3  nanobind::detail::func_create<>()::{lambda()#1}::__invoke()
    @     0x7590ba62a6c0  nanobind::detail::nb_func_vectorcall_complex()
    @           0x562386  PyObject_Vectorcall
